insert into camara values (0);
insert into camara values (1);
insert into camara values (2);
insert into camara values (3);
insert into camara values (4);
insert into camara values (5);
insert into camara values (6);
insert into camara values (7);
insert into camara values (8);
insert into camara values (9);
insert into camara values (10);
insert into camara values (11);
insert into camara values (12);
insert into camara values (13);
insert into camara values (14);
insert into camara values (15);
insert into camara values (16);
insert into camara values (17);
insert into camara values (18);
insert into camara values (19);
insert into camara values (20);
insert into camara values (21);
insert into camara values (22);
insert into camara values (23);
insert into camara values (24);
insert into camara values (25);
insert into camara values (26);
insert into camara values (27);
insert into camara values (28);
insert into camara values (29);
insert into camara values (30);
insert into camara values (31);
insert into camara values (32);
insert into camara values (33);
insert into camara values (34);
insert into camara values (35);
insert into camara values (36);
insert into camara values (37);
insert into camara values (38);
insert into camara values (39);
insert into camara values (40);
insert into camara values (41);
insert into camara values (42);
insert into camara values (43);
insert into camara values (44);
insert into camara values (45);
insert into camara values (46);
insert into camara values (47);
insert into camara values (48);
insert into camara values (49);
insert into camara values (50);
insert into camara values (51);
insert into camara values (52);
insert into camara values (53);
insert into camara values (54);
insert into camara values (55);
insert into camara values (56);
insert into camara values (57);
insert into camara values (58);
insert into camara values (59);
insert into camara values (60);
insert into camara values (61);
insert into camara values (62);
insert into camara values (63);
insert into camara values (64);
insert into camara values (65);
insert into camara values (66);
insert into camara values (67);
insert into camara values (68);
insert into camara values (69);
insert into camara values (70);
insert into camara values (71);
insert into camara values (72);
insert into camara values (73);
insert into camara values (74);
insert into camara values (75);
insert into camara values (76);
insert into camara values (77);
insert into camara values (78);
insert into camara values (79);
insert into camara values (80);
insert into camara values (81);
insert into camara values (82);
insert into camara values (83);
insert into camara values (84);
insert into camara values (85);
insert into camara values (86);
insert into camara values (87);
insert into camara values (88);
insert into camara values (89);
insert into camara values (90);
insert into camara values (91);
insert into camara values (92);
insert into camara values (93);
insert into camara values (94);
insert into camara values (95);
insert into camara values (96);
insert into camara values (97);
insert into camara values (98);
insert into camara values (99);


insert into video values ('2018-09-13 01:40:06', '2018-09-13 12:03:50', 0);
insert into video values ('2018-10-01 01:26:48', '2018-10-01 08:42:32', 0);
insert into video values ('2018-11-12 10:15:20', '2018-11-12 14:05:48', 1);
insert into video values ('2018-05-23 09:21:51', '2018-05-23 21:04:54', 2);
insert into video values ('2018-09-24 16:02:29', '2018-09-24 22:57:18', 3);
insert into video values ('2018-09-19 18:09:07', '2018-09-19 23:24:41', 3);
insert into video values ('2018-01-14 18:18:17', '2018-01-14 02:57:21', 3);
insert into video values ('2018-09-14 08:01:34', '2018-09-14 10:19:48', 3);
insert into video values ('2018-06-04 10:56:19', '2018-06-04 15:02:36', 4);
insert into video values ('2018-05-05 09:02:55', '2018-05-05 17:54:21', 5);
insert into video values ('2018-02-02 20:56:13', '2018-02-02 01:02:28', 6);
insert into video values ('2018-09-01 10:18:36', '2018-09-01 17:55:45', 6);
insert into video values ('2018-08-29 18:58:35', '2018-08-29 20:02:20', 7);
insert into video values ('2018-10-31 19:16:15', '2018-10-31 07:44:28', 7);
insert into video values ('2018-01-06 19:31:39', '2018-01-06 03:51:56', 9);
insert into video values ('2018-04-04 03:47:26', '2018-04-04 03:24:53', 9);
insert into video values ('2018-09-26 17:24:21', '2018-09-26 18:57:08', 9);
insert into video values ('2018-01-12 08:31:45', '2018-01-12 17:19:24', 10);
insert into video values ('2018-03-08 03:58:51', '2018-03-08 07:26:31', 10);
insert into video values ('2018-10-07 12:45:50', '2018-10-07 21:13:26', 10);
insert into video values ('2018-01-03 01:59:32', '2018-01-03 12:06:35', 10);
insert into video values ('2018-01-27 21:52:16', '2018-01-28 03:48:34', 11);
insert into video values ('2018-09-22 20:45:36', '2018-09-22 04:06:30', 12);
insert into video values ('2018-01-01 06:38:50', '2018-01-01 10:06:06', 12);
insert into video values ('2018-04-11 22:54:14', '2018-04-11 23:06:18', 14);
insert into video values ('2018-03-20 12:02:19', '2018-03-20 20:58:13', 14);
insert into video values ('2018-07-08 23:23:49', '2018-07-09 04:34:57', 14);
insert into video values ('2018-06-30 19:44:19', '2018-06-30 21:02:17', 14);
insert into video values ('2018-03-29 04:40:14', '2018-03-29 09:49:49', 16);
insert into video values ('2018-02-28 12:18:44', '2018-02-28 18:43:58', 16);
insert into video values ('2018-04-26 01:59:25', '2018-04-26 10:25:16', 16);
insert into video values ('2018-09-29 22:19:35', '2018-09-29 01:49:01', 21);
insert into video values ('2018-09-16 12:08:08', '2018-09-16 21:29:18', 21);
insert into video values ('2018-03-19 14:42:44', '2018-03-19 23:28:51', 21);
insert into video values ('2018-11-13 01:29:15', '2018-11-13 06:25:25', 23);
insert into video values ('2018-08-14 19:03:42', '2018-08-14 01:54:44', 23);
insert into video values ('2018-02-20 21:16:30', '2018-02-20 21:57:03', 23);
insert into video values ('2018-10-01 09:58:36', '2018-10-01 21:06:28', 24);
insert into video values ('2018-10-25 22:24:30', '2018-10-25 06:15:42', 24);
insert into video values ('2018-03-17 02:46:48', '2018-03-17 11:07:44', 24);
insert into video values ('2018-04-28 01:52:57', '2018-04-28 02:23:38', 25);
insert into video values ('2018-05-18 09:21:39', '2018-05-18 11:47:24', 25);
insert into video values ('2018-01-18 12:29:50', '2018-01-18 19:33:10', 26);
insert into video values ('2018-04-11 16:06:53', '2018-04-11 20:57:38', 26);
insert into video values ('2018-07-17 02:18:33', '2018-07-17 05:28:54', 26);
insert into video values ('2018-08-30 20:07:02', '2018-08-30 20:39:22', 28);
insert into video values ('2018-08-30 03:25:48', '2018-08-30 08:09:26', 28);
insert into video values ('2018-04-11 10:47:18', '2018-04-11 14:21:28', 28);
insert into video values ('2018-06-06 22:05:34', '2018-06-06 03:07:55', 29);
insert into video values ('2018-01-17 09:58:48', '2018-01-17 11:20:44', 29);
insert into video values ('2018-04-23 15:53:19', '2018-04-23 03:56:11', 29);
insert into video values ('2018-09-04 18:28:28', '2018-09-04 05:38:19', 29);
insert into video values ('2018-05-15 04:22:59', '2018-05-15 15:50:59', 30);
insert into video values ('2018-04-06 04:21:18', '2018-04-06 08:24:08', 30);
insert into video values ('2018-01-16 05:23:33', '2018-01-16 09:22:39', 30);
insert into video values ('2018-02-14 15:54:53', '2018-02-14 18:25:06', 32);
insert into video values ('2018-09-25 23:36:39', '2018-09-25 10:04:36', 32);
insert into video values ('2018-06-07 01:03:47', '2018-06-07 09:48:08', 32);
insert into video values ('2018-06-08 11:36:46', '2018-06-08 14:24:49', 33);
insert into video values ('2018-11-07 12:31:59', '2018-11-07 14:54:20', 33);
insert into video values ('2018-11-17 01:03:46', '2018-11-17 09:11:36', 33);
insert into video values ('2018-10-19 16:58:22', '2018-10-20 02:51:33', 34);
insert into video values ('2018-11-02 07:30:02', '2018-11-02 09:42:02', 34);
insert into video values ('2018-09-29 04:03:01', '2018-09-29 12:35:09', 36);
insert into video values ('2018-08-31 09:10:14', '2018-08-31 15:34:29', 36);
insert into video values ('2018-04-25 16:55:20', '2018-04-25 20:15:22', 36);
insert into video values ('2018-04-02 02:57:44', '2018-04-02 11:39:33', 37);
insert into video values ('2018-07-30 14:49:22', '2018-07-30 21:15:21', 38);
insert into video values ('2018-05-29 22:55:08', '2018-05-29 06:51:11', 38);
insert into video values ('2018-02-19 17:49:48', '2018-02-20 01:52:57', 39);
insert into video values ('2018-07-08 15:32:02', '2018-07-08 23:12:55', 39);
insert into video values ('2018-11-14 02:34:01', '2018-11-14 06:47:58', 39);
insert into video values ('2018-02-25 19:41:24', '2018-02-25 03:16:56', 40);
insert into video values ('2018-05-23 08:38:15', '2018-05-23 12:13:13', 40);
insert into video values ('2018-10-21 07:19:37', '2018-10-21 18:12:06', 40);
insert into video values ('2018-06-27 17:42:43', '2018-06-28 01:04:48', 40);
insert into video values ('2018-08-14 09:38:35', '2018-08-14 18:22:38', 41);
insert into video values ('2018-06-10 05:01:02', '2018-06-10 17:05:27', 41);
insert into video values ('2018-03-29 20:34:38', '2018-03-29 22:48:52', 41);
insert into video values ('2018-01-05 16:05:28', '2018-01-05 18:52:24', 42);
insert into video values ('2018-09-30 10:08:51', '2018-09-30 20:01:52', 42);
insert into video values ('2018-11-03 22:26:48', '2018-11-04 10:24:59', 43);
insert into video values ('2018-01-29 19:13:06', '2018-01-29 07:09:30', 44);
insert into video values ('2018-11-19 05:39:48', '2018-11-19 12:04:34', 44);
insert into video values ('2018-02-15 01:54:11', '2018-02-15 12:08:17', 44);
insert into video values ('2018-08-14 19:54:15', '2018-08-14 22:48:24', 44);
insert into video values ('2018-09-11 14:49:31', '2018-09-11 18:26:12', 46);
insert into video values ('2018-11-04 15:26:18', '2018-11-04 19:26:29', 46);
insert into video values ('2018-02-25 10:39:06', '2018-02-25 20:58:09', 46);
insert into video values ('2018-10-03 14:30:07', '2018-10-03 01:24:19', 46);
insert into video values ('2018-03-03 15:34:44', '2018-03-03 23:06:11', 47);
insert into video values ('2018-09-17 01:56:27', '2018-09-17 06:01:46', 48);
insert into video values ('2018-08-04 10:26:32', '2018-08-04 18:41:31', 48);
insert into video values ('2018-08-10 01:21:10', '2018-08-10 09:19:23', 48);
insert into video values ('2018-10-18 09:23:34', '2018-10-18 14:35:19', 48);
insert into video values ('2018-01-28 15:08:56', '2018-01-28 20:31:58', 49);
insert into video values ('2018-02-04 10:32:10', '2018-02-04 18:49:11', 50);
insert into video values ('2018-09-15 11:49:47', '2018-09-15 12:11:55', 50);
insert into video values ('2018-09-19 15:07:57', '2018-09-19 02:12:08', 50);
insert into video values ('2018-02-07 01:07:02', '2018-02-07 06:05:38', 51);
insert into video values ('2018-03-12 14:51:51', '2018-03-12 23:32:11', 51);
insert into video values ('2018-02-01 07:42:28', '2018-02-01 13:03:09', 51);
insert into video values ('2018-08-19 13:44:38', '2018-08-19 16:54:52', 52);
insert into video values ('2018-08-12 12:44:42', '2018-08-12 13:45:24', 52);
insert into video values ('2018-06-25 14:47:08', '2018-06-25 22:26:12', 53);
insert into video values ('2018-05-17 06:34:09', '2018-05-17 17:29:54', 53);
insert into video values ('2018-06-15 15:34:25', '2018-06-15 19:04:47', 53);
insert into video values ('2018-01-13 09:58:05', '2018-01-13 17:32:10', 54);
insert into video values ('2018-06-14 18:02:06', '2018-06-14 03:37:26', 55);
insert into video values ('2018-07-16 18:05:24', '2018-07-17 04:07:03', 56);
insert into video values ('2018-01-06 22:30:04', '2018-01-06 06:38:22', 57);
insert into video values ('2018-02-04 05:13:16', '2018-02-04 09:44:09', 58);
insert into video values ('2018-05-20 02:32:26', '2018-05-20 08:11:25', 58);
insert into video values ('2018-07-07 08:21:01', '2018-07-07 08:55:04', 59);
insert into video values ('2018-05-28 07:31:38', '2018-05-28 13:14:50', 62);
insert into video values ('2018-07-06 08:15:31', '2018-07-06 09:11:08', 62);
insert into video values ('2018-09-30 02:22:42', '2018-09-30 08:09:58', 63);
insert into video values ('2018-10-01 22:19:55', '2018-10-01 03:35:05', 63);
insert into video values ('2018-11-03 03:19:33', '2018-11-03 07:06:47', 64);
insert into video values ('2018-01-08 03:14:53', '2018-01-08 11:32:17', 64);
insert into video values ('2018-05-10 17:01:31', '2018-05-10 03:49:39', 65);
insert into video values ('2018-03-31 03:11:35', '2018-03-31 09:46:32', 65);
insert into video values ('2018-04-15 05:41:58', '2018-04-15 11:42:26', 65);
insert into video values ('2018-05-10 12:46:45', '2018-05-10 19:31:54', 66);
insert into video values ('2018-03-27 12:24:39', '2018-03-27 22:21:21', 66);
insert into video values ('2018-10-21 04:48:28', '2018-10-21 10:32:35', 67);
insert into video values ('2018-09-28 08:51:10', '2018-09-28 14:33:26', 67);
insert into video values ('2018-04-16 13:18:02', '2018-04-16 20:31:34', 67);
insert into video values ('2018-06-30 12:05:06', '2018-06-30 17:47:45', 68);
insert into video values ('2018-06-19 14:07:49', '2018-06-19 01:49:23', 69);
insert into video values ('2018-05-09 20:26:02', '2018-05-09 21:59:12', 69);
insert into video values ('2018-03-15 10:55:46', '2018-03-15 16:23:13', 69);
insert into video values ('2018-02-16 01:02:49', '2018-02-16 05:01:15', 71);
insert into video values ('2018-02-14 11:36:57', '2018-02-14 22:51:23', 71);
insert into video values ('2018-09-11 04:45:25', '2018-09-11 05:39:51', 72);
insert into video values ('2018-05-23 20:40:20', '2018-05-23 05:38:23', 72);
insert into video values ('2018-02-27 07:50:32', '2018-02-27 07:34:27', 72);
insert into video values ('2018-08-05 21:06:59', '2018-08-05 03:44:14', 72);
insert into video values ('2018-01-05 10:07:24', '2018-01-05 20:02:12', 74);
insert into video values ('2018-07-07 18:09:29', '2018-07-07 05:22:46', 76);
insert into video values ('2018-03-25 19:54:26', '2018-03-25 05:08:45', 76);
insert into video values ('2018-07-28 13:37:25', '2018-07-28 21:38:31', 77);
insert into video values ('2018-04-03 16:39:31', '2018-04-04 02:50:39', 77);
insert into video values ('2018-06-16 22:05:15', '2018-06-16 03:51:38', 77);
insert into video values ('2018-10-12 22:49:37', '2018-10-12 23:49:58', 78);
insert into video values ('2018-03-12 07:45:08', '2018-03-12 13:39:20', 78);
insert into video values ('2018-01-01 01:17:18', '2018-01-01 09:53:28', 79);
insert into video values ('2018-04-19 15:55:54', '2018-04-19 19:32:18', 79);
insert into video values ('2018-11-18 02:18:05', '2018-11-18 12:14:48', 81);
insert into video values ('2018-05-03 05:31:33', '2018-05-03 15:25:25', 81);
insert into video values ('2018-07-18 01:43:54', '2018-07-18 12:34:49', 81);
insert into video values ('2018-10-20 22:44:35', '2018-10-20 08:54:24', 82);
insert into video values ('2018-08-23 06:38:47', '2018-08-23 06:31:25', 82);
insert into video values ('2018-01-21 15:36:45', '2018-01-21 21:57:09', 82);
insert into video values ('2018-03-18 23:38:41', '2018-03-19 07:46:51', 87);
insert into video values ('2018-10-08 01:15:46', '2018-10-08 09:44:08', 87);
insert into video values ('2018-06-03 09:55:54', '2018-06-03 14:15:06', 88);
insert into video values ('2018-09-26 06:43:24', '2018-09-26 17:15:09', 89);
insert into video values ('2018-05-06 12:48:57', '2018-05-06 21:40:51', 89);
insert into video values ('2018-05-02 08:57:08', '2018-05-02 12:19:05', 89);
insert into video values ('2018-08-25 08:54:48', '2018-08-25 12:13:12', 92);
insert into video values ('2018-05-19 11:40:07', '2018-05-19 22:55:22', 92);
insert into video values ('2018-07-28 07:57:21', '2018-07-28 17:11:56', 94);
insert into video values ('2018-11-19 22:25:24', '2018-11-19 01:04:36', 94);
insert into video values ('2018-10-02 12:05:51', '2018-10-02 13:49:48', 94);
insert into video values ('2018-11-03 15:51:23', '2018-11-03 16:32:45', 94);
insert into video values ('2018-03-17 03:20:10', '2018-03-17 08:23:49', 95);
insert into video values ('2018-08-22 03:41:06', '2018-08-22 10:42:41', 97);
insert into video values ('2018-07-09 01:26:38', '2018-07-09 07:01:26', 97);
insert into video values ('2018-05-14 21:25:31', '2018-05-14 06:13:51', 97);
insert into video values ('2018-11-02 20:09:13', '2018-11-03 02:09:16', 97);
insert into video values ('2018-06-23 07:32:47', '2018-06-23 10:25:38', 98);
insert into video values ('2018-08-27 12:06:03', '2018-08-27 19:27:18', 98);
insert into video values ('2018-04-22 17:06:11', '2018-04-22 18:08:52', 98);
insert into video values ('2018-10-10 07:12:26', '2018-10-10 15:54:57', 98);
insert into video values ('2018-09-17 04:32:49', '2018-09-17 13:42:18', 99);


insert into segmentoVideo values (0, '11:23:44', '2018-09-13 01:40:06',0);
insert into segmentoVideo values (0, '07:15:43', '2018-10-01 01:26:48',0);
insert into segmentoVideo values (0, '04:49:28', '2018-11-12 10:15:20',1);
insert into segmentoVideo values (0, '12:42:03', '2018-05-23 09:21:51',2);
insert into segmentoVideo values (0, '07:55:47', '2018-09-24 16:02:29',3);
insert into segmentoVideo values (0, '05:15:34', '2018-09-19 18:09:07',3);
insert into segmentoVideo values (0, '08:40:04', '2018-01-14 18:18:17',3);
insert into segmentoVideo values (0, '02:18:15', '2018-09-14 08:01:34',3);
insert into segmentoVideo values (0, '05:06:16', '2018-06-04 10:56:19',4);
insert into segmentoVideo values (0, '09:51:25', '2018-05-05 09:02:55',5);
insert into segmentoVideo values (0, '03:05:15', '2018-02-02 20:56:13',6);
insert into segmentoVideo values (0, '08:38:09', '2018-09-01 10:18:36',6);
insert into segmentoVideo values (0, '02:03:45', '2018-08-29 18:58:35',7);
insert into segmentoVideo values (0, '12:28:13', '2018-10-31 19:16:15',7);
insert into segmentoVideo values (0, '08:21:18', '2018-01-06 19:31:39',9);
insert into segmentoVideo values (0, '01:36:26', '2018-04-04 03:47:26',9);
insert into segmentoVideo values (0, '02:33:46', '2018-09-26 17:24:21',9);
insert into segmentoVideo values (0, '09:47:38', '2018-01-12 08:31:45',10);
insert into segmentoVideo values (0, '04:27:39', '2018-03-08 03:58:51',10);
insert into segmentoVideo values (0, '09:26:35', '2018-10-07 12:45:50',10);
insert into segmentoVideo values (0, '11:06:03', '2018-01-03 01:59:32',10);
insert into segmentoVideo values (0, '05:55:18', '2018-01-27 21:52:16',11);
insert into segmentoVideo values (0, '08:20:53', '2018-09-22 20:45:36',12);
insert into segmentoVideo values (0, '04:26:15', '2018-01-01 06:38:50',12);
insert into segmentoVideo values (0, '01:12:04', '2018-04-11 22:54:14',14);
insert into segmentoVideo values (0, '08:57:54', '2018-03-20 12:02:19',14);
insert into segmentoVideo values (0, '05:11:07', '2018-07-08 23:23:49',14);
insert into segmentoVideo values (0, '03:18:57', '2018-06-30 19:44:19',14);
insert into segmentoVideo values (0, '05:09:36', '2018-03-29 04:40:14',16);
insert into segmentoVideo values (0, '07:25:15', '2018-02-28 12:18:44',16);
insert into segmentoVideo values (0, '10:25:51', '2018-04-26 01:59:25',16);
insert into segmentoVideo values (0, '03:31:25', '2018-09-29 22:19:35',21);
insert into segmentoVideo values (0, '10:22:11', '2018-09-16 12:08:08',21);
insert into segmentoVideo values (0, '09:46:08', '2018-03-19 14:42:44',21);
insert into segmentoVideo values (0, '06:55:11', '2018-11-13 01:29:15',23);
insert into segmentoVideo values (0, '06:51:02', '2018-08-14 19:03:42',23);
insert into segmentoVideo values (0, '01:41:33', '2018-02-20 21:16:30',23);
insert into segmentoVideo values (0, '12:07:51', '2018-10-01 09:58:36',24);
insert into segmentoVideo values (0, '07:51:12', '2018-10-25 22:24:30',24);
insert into segmentoVideo values (0, '09:20:55', '2018-03-17 02:46:48',24);
insert into segmentoVideo values (0, '01:29:41', '2018-04-28 01:52:57',25);
insert into segmentoVideo values (0, '02:25:44', '2018-05-18 09:21:39',25);
insert into segmentoVideo values (0, '08:03:19', '2018-01-18 12:29:50',26);
insert into segmentoVideo values (0, '05:51:45', '2018-04-11 16:06:53',26);
insert into segmentoVideo values (0, '03:11:21', '2018-07-17 02:18:33',26);
insert into segmentoVideo values (0, '01:33:19', '2018-08-30 20:07:02',28);
insert into segmentoVideo values (0, '05:42:38', '2018-08-30 03:25:48',28);
insert into segmentoVideo values (0, '04:34:11', '2018-04-11 10:47:18',28);
insert into segmentoVideo values (0, '04:03:21', '2018-06-06 22:05:34',29);
insert into segmentoVideo values (0, '02:21:55', '2018-01-17 09:58:48',29);
insert into segmentoVideo values (0, '11:03:51', '2018-04-23 15:53:19',29);
insert into segmentoVideo values (0, '10:11:51', '2018-09-04 18:28:28',29);
insert into segmentoVideo values (0, '12:28:01', '2018-05-15 04:22:59',30);
insert into segmentoVideo values (0, '05:03:49', '2018-04-06 04:21:18',30);
insert into segmentoVideo values (0, '04:59:06', '2018-01-16 05:23:33',30);
insert into segmentoVideo values (0, '04:30:13', '2018-02-14 15:54:53',32);
insert into segmentoVideo values (0, '11:26:55', '2018-09-25 23:36:39',32);
insert into segmentoVideo values (0, '08:44:21', '2018-06-07 01:03:47',32);
insert into segmentoVideo values (0, '03:47:03', '2018-06-08 11:36:46',33);
insert into segmentoVideo values (0, '02:22:21', '2018-11-07 12:31:59',33);
insert into segmentoVideo values (0, '09:08:50', '2018-11-17 01:03:46',33);
insert into segmentoVideo values (0, '09:53:11', '2018-10-19 16:58:22',34);
insert into segmentoVideo values (0, '02:12:01', '2018-11-02 07:30:02',34);
insert into segmentoVideo values (0, '08:32:08', '2018-09-29 04:03:01',36);
insert into segmentoVideo values (0, '06:25:16', '2018-08-31 09:10:14',36);
insert into segmentoVideo values (0, '04:19:03', '2018-04-25 16:55:20',36);
insert into segmentoVideo values (0, '09:41:48', '2018-04-02 02:57:44',37);
insert into segmentoVideo values (0, '07:25:58', '2018-07-30 14:49:22',38);
insert into segmentoVideo values (0, '07:56:03', '2018-05-29 22:55:08',38);
insert into segmentoVideo values (0, '07:03:09', '2018-02-19 17:49:48',39);
insert into segmentoVideo values (0, '08:39:53', '2018-07-08 15:32:02',39);
insert into segmentoVideo values (0, '05:13:57', '2018-11-14 02:34:01',39);
insert into segmentoVideo values (0, '07:35:32', '2018-02-25 19:41:24',40);
insert into segmentoVideo values (0, '04:34:57', '2018-05-23 08:38:15',40);
insert into segmentoVideo values (0, '11:51:28', '2018-10-21 07:19:37',40);
insert into segmentoVideo values (0, '08:22:05', '2018-06-27 17:42:43',40);
insert into segmentoVideo values (0, '10:44:03', '2018-08-14 09:38:35',41);
insert into segmentoVideo values (0, '12:05:26', '2018-06-10 05:01:02',41);
insert into segmentoVideo values (0, '02:15:14', '2018-03-29 20:34:38',41);
insert into segmentoVideo values (0, '03:48:55', '2018-01-05 16:05:28',42);
insert into segmentoVideo values (0, '10:52:02', '2018-09-30 10:08:51',42);
insert into segmentoVideo values (0, '12:57:11', '2018-11-03 22:26:48',43);
insert into segmentoVideo values (0, '11:55:25', '2018-01-29 19:13:06',44);
insert into segmentoVideo values (0, '07:24:45', '2018-11-19 05:39:48',44);
insert into segmentoVideo values (0, '11:13:06', '2018-02-15 01:54:11',44);
insert into segmentoVideo values (0, '03:54:09', '2018-08-14 19:54:15',44);
insert into segmentoVideo values (0, '04:36:39', '2018-09-11 14:49:31',46);
insert into segmentoVideo values (0, '05:01:11', '2018-11-04 15:26:18',46);
insert into segmentoVideo values (0, '10:20:02', '2018-02-25 10:39:06',46);
insert into segmentoVideo values (0, '10:53:12', '2018-10-03 14:30:07',46);
insert into segmentoVideo values (0, '08:31:26', '2018-03-03 15:34:44',47);
insert into segmentoVideo values (0, '05:05:19', '2018-09-17 01:56:27',48);
insert into segmentoVideo values (0, '08:14:58', '2018-08-04 10:26:32',48);
insert into segmentoVideo values (0, '07:58:13', '2018-08-10 01:21:10',48);
insert into segmentoVideo values (0, '05:12:45', '2018-10-18 09:23:34',48);
insert into segmentoVideo values (0, '06:24:02', '2018-01-28 15:08:56',49);
insert into segmentoVideo values (0, '09:18:01', '2018-02-04 10:32:10',50);
insert into segmentoVideo values (0, '02:22:08', '2018-09-15 11:49:47',50);
insert into segmentoVideo values (0, '10:05:10', '2018-09-19 15:07:57',50);
insert into segmentoVideo values (0, '06:57:36', '2018-02-07 01:07:02',51);
insert into segmentoVideo values (0, '09:41:19', '2018-03-12 14:51:51',51);
insert into segmentoVideo values (0, '06:20:41', '2018-02-01 07:42:28',51);
insert into segmentoVideo values (0, '04:10:14', '2018-08-19 13:44:38',52);
insert into segmentoVideo values (0, '01:01:41', '2018-08-12 12:44:42',52);
insert into segmentoVideo values (0, '08:39:05', '2018-06-25 14:47:08',53);
insert into segmentoVideo values (0, '11:54:45', '2018-05-17 06:34:09',53);
insert into segmentoVideo values (0, '03:29:22', '2018-06-15 15:34:25',53);
insert into segmentoVideo values (0, '08:34:05', '2018-01-13 09:58:05',54);
insert into segmentoVideo values (0, '08:35:20', '2018-06-14 18:02:06',55);
insert into segmentoVideo values (0, '10:02:38', '2018-07-16 18:05:24',56);
insert into segmentoVideo values (0, '07:08:19', '2018-01-06 22:30:04',57);
insert into segmentoVideo values (0, '05:30:53', '2018-02-04 05:13:16',58);
insert into segmentoVideo values (0, '06:38:57', '2018-05-20 02:32:26',58);
insert into segmentoVideo values (0, '01:35:03', '2018-07-07 08:21:01',59);
insert into segmentoVideo values (0, '07:43:13', '2018-05-28 07:31:38',62);
insert into segmentoVideo values (0, '01:54:37', '2018-07-06 08:15:31',62);
insert into segmentoVideo values (0, '06:47:16', '2018-09-30 02:22:42',63);
insert into segmentoVideo values (0, '04:15:09', '2018-10-01 22:19:55',63);
insert into segmentoVideo values (0, '04:47:15', '2018-11-03 03:19:33',64);
insert into segmentoVideo values (0, '08:18:23', '2018-01-08 03:14:53',64);
insert into segmentoVideo values (0, '10:48:08', '2018-05-10 17:01:31',65);
insert into segmentoVideo values (0, '07:35:57', '2018-03-31 03:11:35',65);
insert into segmentoVideo values (0, '06:01:28', '2018-04-15 05:41:58',65);
insert into segmentoVideo values (0, '07:44:09', '2018-05-10 12:46:45',66);
insert into segmentoVideo values (0, '09:57:41', '2018-03-27 12:24:39',66);
insert into segmentoVideo values (0, '06:43:08', '2018-10-21 04:48:28',67);
insert into segmentoVideo values (0, '06:41:16', '2018-09-28 08:51:10',67);
insert into segmentoVideo values (0, '07:13:32', '2018-04-16 13:18:02',67);
insert into segmentoVideo values (0, '06:42:39', '2018-06-30 12:05:06',68);
insert into segmentoVideo values (0, '10:42:33', '2018-06-19 14:07:49',69);
insert into segmentoVideo values (0, '02:34:10', '2018-05-09 20:26:02',69);
insert into segmentoVideo values (0, '06:27:27', '2018-03-15 10:55:46',69);
insert into segmentoVideo values (0, '05:58:25', '2018-02-16 01:02:49',71);
insert into segmentoVideo values (0, '12:15:25', '2018-02-14 11:36:57',71);
insert into segmentoVideo values (0, '01:53:25', '2018-09-11 04:45:25',72);
insert into segmentoVideo values (0, '08:57:03', '2018-05-23 20:40:20',72);
insert into segmentoVideo values (0, '01:42:54', '2018-02-27 07:50:32',72);
insert into segmentoVideo values (0, '06:38:15', '2018-08-05 21:06:59',72);
insert into segmentoVideo values (0, '10:54:48', '2018-01-05 10:07:24',74);
insert into segmentoVideo values (0, '10:13:17', '2018-07-07 18:09:29',76);
insert into segmentoVideo values (0, '09:13:19', '2018-03-25 19:54:26',76);
insert into segmentoVideo values (0, '08:02:06', '2018-07-28 13:37:25',77);
insert into segmentoVideo values (0, '10:11:08', '2018-04-03 16:39:31',77);
insert into segmentoVideo values (0, '04:46:22', '2018-06-16 22:05:15',77);
insert into segmentoVideo values (0, '02:01:22', '2018-10-12 22:49:37',78);
insert into segmentoVideo values (0, '07:54:12', '2018-03-12 07:45:08',78);
insert into segmentoVideo values (0, '08:36:11', '2018-01-01 01:17:18',79);
insert into segmentoVideo values (0, '04:36:23', '2018-04-19 15:55:54',79);
insert into segmentoVideo values (0, '11:55:43', '2018-11-18 02:18:05',81);
insert into segmentoVideo values (0, '11:53:51', '2018-05-03 05:31:33',81);
insert into segmentoVideo values (0, '12:49:54', '2018-07-18 01:43:54',81);
insert into segmentoVideo values (0, '09:09:47', '2018-10-20 22:44:35',82);
insert into segmentoVideo values (0, '01:51:37', '2018-08-23 06:38:47',82);
insert into segmentoVideo values (0, '06:21:24', '2018-01-21 15:36:45',82);
insert into segmentoVideo values (0, '08:08:10', '2018-03-18 23:38:41',87);
insert into segmentoVideo values (0, '09:28:21', '2018-10-08 01:15:46',87);
insert into segmentoVideo values (0, '05:19:12', '2018-06-03 09:55:54',88);
insert into segmentoVideo values (0, '11:31:44', '2018-09-26 06:43:24',89);
insert into segmentoVideo values (0, '10:51:53', '2018-05-06 12:48:57',89);
insert into segmentoVideo values (0, '03:21:56', '2018-05-02 08:57:08',89);
insert into segmentoVideo values (0, '04:19:23', '2018-08-25 08:54:48',92);
insert into segmentoVideo values (0, '12:15:15', '2018-05-19 11:40:07',92);
insert into segmentoVideo values (0, '10:14:35', '2018-07-28 07:57:21',94);
insert into segmentoVideo values (0, '02:39:13', '2018-11-19 22:25:24',94);
insert into segmentoVideo values (0, '02:44:55', '2018-10-02 12:05:51',94);
insert into segmentoVideo values (0, '01:41:22', '2018-11-03 15:51:23',94);
insert into segmentoVideo values (0, '05:03:40', '2018-03-17 03:20:10',95);
insert into segmentoVideo values (0, '07:02:35', '2018-08-22 03:41:06',97);
insert into segmentoVideo values (0, '07:33:48', '2018-07-09 01:26:38',97);
insert into segmentoVideo values (0, '08:48:21', '2018-05-14 21:25:31',97);
insert into segmentoVideo values (0, '06:01:03', '2018-11-02 20:09:13',97);
insert into segmentoVideo values (0, '04:52:50', '2018-06-23 07:32:47',98);
insert into segmentoVideo values (0, '07:22:15', '2018-08-27 12:06:03',98);
insert into segmentoVideo values (0, '02:02:41', '2018-04-22 17:06:11',98);
insert into segmentoVideo values (0, '09:42:31', '2018-10-10 07:12:26',98);
insert into segmentoVideo values (0, '09:10:28', '2018-09-17 04:32:49',99);


insert into localidade values ('Borda do Rio');
insert into localidade values ('Alcorriol');
insert into localidade values ('Fraião (Póvoa de Varzim)');
insert into localidade values ('Casal do Queijo');
insert into localidade values ('Baldoiaa)');
insert into localidade values ('Agra (Amorim)');
insert into localidade values ('Granho Novo');
insert into localidade values ('Espinhal (Póvoa de Varzim)');
insert into localidade values ('Luilhas');
insert into localidade values ('Casais das Comeiras');
insert into localidade values ('Casais de Além');
insert into localidade values ('Mau Verde');
insert into localidade values ('Bustelo (Oliveira de Azeméis)');
insert into localidade values ('Aires (Setúbal)');
insert into localidade values ('Mandim');
insert into localidade values ('Cacinheira');
insert into localidade values ('Alveijar (Fátima)');
insert into localidade values ('Espadelos');
insert into localidade values ('Frinjo');
insert into localidade values ('Moimento (Fátima)');
insert into localidade values ('Esperança (Ourém)');
insert into localidade values ('Meleças');
insert into localidade values ('Crasto (Póvoa de Varzim)');
insert into localidade values ('Aboá');
insert into localidade values ('Assequins');
insert into localidade values ('Lousadelo');
insert into localidade values ('Cabreira (Póvoa de Varzim)');
insert into localidade values ('Casal Resoneiro');
insert into localidade values ('Aldeia Grande');
insert into localidade values ('Castanheira (Cós)');
insert into localidade values ('Ordem (Póvoa de Varzim)');
insert into localidade values ('Amoreira Cimeira');
insert into localidade values ('Aldeia (Amorim)');
insert into localidade values ('Anços (Montelavar)');
insert into localidade values ('Laúndos (Póvoa de Varzim)');
insert into localidade values ('Lomba (Fátima)');
insert into localidade values ('Lugar da Pinta');
insert into localidade values ('Enxaminhos');
insert into localidade values ('Cutéres');
insert into localidade values ('Casalinho');
insert into localidade values ('Alcaniça');
insert into localidade values ('Castelhanas');
insert into localidade values ('Calves');
insert into localidade values ('Águias (Brotas)');
insert into localidade values ('Carvoeiro (Pampilhosa da Serra)');
insert into localidade values ('Burgada');
insert into localidade values ('Bairro de Almodena');
insert into localidade values ('Casa Velha (Fátima)');
insert into localidade values ('Granja do Marquês');
insert into localidade values ('Amoreirinha');
insert into localidade values ('Amoreira Fundeira');
insert into localidade values ('Lourel');
insert into localidade values ('Machuqueiras');
insert into localidade values ('Estrada (Póvoa de Varzim)');
insert into localidade values ('Algueirão');
insert into localidade values ('Aldeia (Aguçadoura)');
insert into localidade values ('Bouçã');
insert into localidade values ('Covilhã (Póvoa de Varzim)');
insert into localidade values ('Giesteira (Fátima)');
insert into localidade values ('Cova da Iria');
insert into localidade values ('Amoreira (Fátima)');
insert into localidade values ('Casas Brancas');
insert into localidade values ('Cavadas');
insert into localidade values ('Matos da Vila');
insert into localidade values ('Amorim de Cima');
insert into localidade values ('Maria Vinagre');
insert into localidade values ('Caminho Largo');
insert into localidade values ('Malveira da Serra');
insert into localidade values ('Lações');
insert into localidade values ('Gesta (Freguesia de Oiã)');
insert into localidade values ('Azedia');
insert into localidade values ('Além (Póvoa de Varzim)');
insert into localidade values ('Funchalinho');
insert into localidade values ('Casas Novas (Sintra)');
insert into localidade values ('Lugar da Foz');
insert into localidade values ('Mercês (Rio de Mouro)');
insert into localidade values ('Muleneta');
insert into localidade values ('Fontainhas (Amorim)');
insert into localidade values ('Matas do Louriçal');
insert into localidade values ('Manique de Baixo');
insert into localidade values ('Maxieira');
insert into localidade values ('Granja de Alpriate');
insert into localidade values ('Balancho');
insert into localidade values ('Moita do Boi');
insert into localidade values ('Casais Brancos (Atouguia da Baleia)');
insert into localidade values ('Fujaco');
insert into localidade values ('Casal Mouro');
insert into localidade values ('Gozundeira');
insert into localidade values ('Castelo Picão');
insert into localidade values ('Caturela');
insert into localidade values ('Casalinho (Fátima)');
insert into localidade values ('Mámua');
insert into localidade values ('Antões');
insert into localidade values ('Abas da Raposeira');
insert into localidade values ('Cabeda');
insert into localidade values ('Cruz (Póvoa de Varzim)');
insert into localidade values ('Agra de Bouças');
insert into localidade values ('Busano (Cascais)');
insert into localidade values ('Moita Redonda');
insert into localidade values ('Estanganhola');
insert into localidade values ('Caxieira');
insert into localidade values ('Fontainha');
insert into localidade values ('Bolfiar');
insert into localidade values ('Mogos');
insert into localidade values ('Foros da Catrapona');
insert into localidade values ('Abadia de Bouro');
insert into localidade values ('Cruz de Pau');
insert into localidade values ('Cadilhe');
insert into localidade values ('Calvário (Póvoa de Varzim)');
insert into localidade values ('Cova do Vapor');
insert into localidade values ('Foitos');
insert into localidade values ('Casal da Rola');
insert into localidade values ('Fómega');
insert into localidade values ('Eira da Pedra');
insert into localidade values ('Carregosa (Póvoa de Varzim)');
insert into localidade values ('Azoia (Sesimbra)');
insert into localidade values ('Brunhido');
insert into localidade values ('Foros de Amora');
insert into localidade values ('Mourilhe (Póvoa de Varzim)');
insert into localidade values ('Areosa (Aguçadoura)');
insert into localidade values ('Cruz Quebrada');
insert into localidade values ('Cavaditas');
insert into localidade values ('Gestrins');
insert into localidade values ('Águas Férreas (Póvoa de Varzim)');
insert into localidade values ('Miratejo');
insert into localidade values ('Mem Martins');
insert into localidade values ('Montelo (Fátima)');
insert into localidade values ('Castro de Nossa Senhora da Confiança');
insert into localidade values ('Granjeiro (Aguçadoura)');
insert into localidade values ('Foz da Sertã');


insert into vigia values ('Mau Verde', 50);
insert into vigia values ('Águas Férreas (Póvoa de Varzim)', 80);
insert into vigia values ('Crasto (Póvoa de Varzim)', 36);
insert into vigia values ('Lugar da Foz', 58);
insert into vigia values ('Assequins', 95);
insert into vigia values ('Manique de Baixo', 90);
insert into vigia values ('Gozundeira', 46);
insert into vigia values ('Anços (Montelavar)', 22);
insert into vigia values ('Fujaco', 42);
insert into vigia values ('Moita do Boi', 17);
insert into vigia values ('Maxieira', 54);
insert into vigia values ('Bairro de Almodena', 96);
insert into vigia values ('Mámua', 39);
insert into vigia values ('Casais de Além', 97);
insert into vigia values ('Além (Póvoa de Varzim)', 60);
insert into vigia values ('Luilhas', 76);
insert into vigia values ('Abas da Raposeira', 28);
insert into vigia values ('Agra de Bouças', 87);
insert into vigia values ('Fraião (Póvoa de Varzim)', 79);
insert into vigia values ('Areosa (Aguçadoura)', 49);
insert into vigia values ('Malveira da Serra', 7);
insert into vigia values ('Lourel', 57);
insert into vigia values ('Matos da Vila', 9);
insert into vigia values ('Granja de Alpriate', 32);
insert into vigia values ('Baldoiaa)', 51);
insert into vigia values ('Cavadas', 11);
insert into vigia values ('Eira da Pedra', 0);
insert into vigia values ('Casas Novas (Sintra)', 31);
insert into vigia values ('Aldeia (Amorim)', 6);
insert into vigia values ('Miratejo', 37);
insert into vigia values ('Amoreira Fundeira', 68);
insert into vigia values ('Agra (Amorim)', 74);
insert into vigia values ('Fontainhas (Amorim)', 77);
insert into vigia values ('Casas Brancas', 23);
insert into vigia values ('Funchalinho', 98);
insert into vigia values ('Alcorriol', 69);
insert into vigia values ('Castelo Picão', 99);
insert into vigia values ('Aldeia Grande', 1);
insert into vigia values ('Granja do Marquês', 47);
insert into vigia values ('Foz da Sertã', 70);
insert into vigia values ('Casais das Comeiras', 73);
insert into vigia values ('Alcaniça', 71);
insert into vigia values ('Mercês (Rio de Mouro)', 15);
insert into vigia values ('Mourilhe (Póvoa de Varzim)', 34);
insert into vigia values ('Lações', 92);
insert into vigia values ('Borda do Rio', 30);
insert into vigia values ('Caxieira', 55);
insert into vigia values ('Ordem (Póvoa de Varzim)', 33);
insert into vigia values ('Amoreira (Fátima)', 64);
insert into vigia values ('Cavaditas', 12);
insert into vigia values ('Machuqueiras', 48);
insert into vigia values ('Azoia (Sesimbra)', 52);
insert into vigia values ('Moita Redonda', 16);
insert into vigia values ('Fontainha', 81);
insert into vigia values ('Casal Resoneiro', 65);
insert into vigia values ('Estanganhola', 21);
insert into vigia values ('Caminho Largo', 5);
insert into vigia values ('Cabeda', 4);
insert into vigia values ('Fómega', 14);
insert into vigia values ('Enxaminhos', 18);
insert into vigia values ('Granjeiro (Aguçadoura)', 66);
insert into vigia values ('Calvário (Póvoa de Varzim)', 20);
insert into vigia values ('Cruz (Póvoa de Varzim)', 8);
insert into vigia values ('Espinhal (Póvoa de Varzim)', 53);
insert into vigia values ('Balancho', 38);
insert into vigia values ('Gestrins', 24);
insert into vigia values ('Amoreirinha', 94);
insert into vigia values ('Algueirão', 83);
insert into vigia values ('Laúndos (Póvoa de Varzim)', 35);
insert into vigia values ('Castro de Nossa Senhora da Confiança', 43);
insert into vigia values ('Aires (Setúbal)', 75);
insert into vigia values ('Bouçã', 62);
insert into vigia values ('Aldeia (Aguçadoura)', 13);
insert into vigia values ('Granho Novo', 89);
insert into vigia values ('Matas do Louriçal', 41);
insert into vigia values ('Giesteira (Fátima)', 2);
insert into vigia values ('Carregosa (Póvoa de Varzim)', 86);
insert into vigia values ('Esperança (Ourém)', 10);
insert into vigia values ('Foitos', 61);
insert into vigia values ('Cutéres', 25);
insert into vigia values ('Meleças', 29);
insert into vigia values ('Mandim', 85);
insert into vigia values ('Casal do Queijo', 44);
insert into vigia values ('Cova da Iria', 91);
insert into vigia values ('Espadelos', 82);
insert into vigia values ('Cruz Quebrada', 40);
insert into vigia values ('Amoreira Cimeira', 88);
insert into vigia values ('Covilhã (Póvoa de Varzim)', 84);
insert into vigia values ('Cruz de Pau', 72);
insert into vigia values ('Foros da Catrapona', 56);
insert into vigia values ('Calves', 45);
insert into vigia values ('Casalinho (Fátima)', 59);
insert into vigia values ('Estrada (Póvoa de Varzim)', 63);
insert into vigia values ('Amorim de Cima', 19);
insert into vigia values ('Maria Vinagre', 93);
insert into vigia values ('Aboá', 3);
insert into vigia values ('Azedia', 27);
insert into vigia values ('Lousadelo', 26);
insert into vigia values ('Frinjo', 67);
insert into vigia values ('Antões', 78);
insert into vigia values ('Burgada', 23);
insert into vigia values ('Carvoeiro (Pampilhosa da Serra)', 75);
insert into vigia values ('Casal da Rola', 70);
insert into vigia values ('Castelhanas', 93);
insert into vigia values ('Casais Brancos (Atouguia da Baleia)', 18);
insert into vigia values ('Cabreira (Póvoa de Varzim)', 68);
insert into vigia values ('Busano (Cascais)', 52);
insert into vigia values ('Casa Velha (Fátima)', 48);
insert into vigia values ('Águias (Brotas)', 96);
insert into vigia values ('Casalinho', 89);
insert into vigia values ('Lugar da Pinta', 11);
insert into vigia values ('Lomba (Fátima)', 6);
insert into vigia values ('Montelo (Fátima)', 94);
insert into vigia values ('Brunhido', 59);
insert into vigia values ('Caturela', 41);
insert into vigia values ('Muleneta', 87);
insert into vigia values ('Cacinheira', 29);
insert into vigia values ('Bustelo (Oliveira de Azeméis)', 69);
insert into vigia values ('Mem Martins', 82);
insert into vigia values ('Foros de Amora', 24);
insert into vigia values ('Cadilhe', 44);
insert into vigia values ('Castanheira (Cós)', 76);
insert into vigia values ('Bolfiar', 7);
insert into vigia values ('Alveijar (Fátima)', 21);
insert into vigia values ('Casal Mouro', 51);
insert into vigia values ('Mogos', 56);
insert into vigia values ('Moimento (Fátima)', 42);
insert into vigia values ('Cova do Vapor', 37);
insert into vigia values ('Gesta (Freguesia de Oiã)', 25);
insert into vigia values ('Abadia de Bouro', 86);

insert into processoSocorro values (0);
insert into processoSocorro values (763174670);
insert into processoSocorro values (703391848);
insert into processoSocorro values (906208738);
insert into processoSocorro values (733729893);
insert into processoSocorro values (377673448);
insert into processoSocorro values (389004778);
insert into processoSocorro values (607904856);
insert into processoSocorro values (16457165);
insert into processoSocorro values (413838975);
insert into processoSocorro values (371038074);
insert into processoSocorro values (778798685);
insert into processoSocorro values (110145881);
insert into processoSocorro values (421248681);
insert into processoSocorro values (401209290);
insert into processoSocorro values (820181547);
insert into processoSocorro values (351890418);
insert into processoSocorro values (850274780);
insert into processoSocorro values (624157109);
insert into processoSocorro values (461178770);
insert into processoSocorro values (556659052);
insert into processoSocorro values (513082340);
insert into processoSocorro values (84659690);
insert into processoSocorro values (58277155);
insert into processoSocorro values (779025369);
insert into processoSocorro values (804905202);
insert into processoSocorro values (230775524);
insert into processoSocorro values (746357106);
insert into processoSocorro values (689711176);
insert into processoSocorro values (413942758);
insert into processoSocorro values (751676697);
insert into processoSocorro values (334866468);
insert into processoSocorro values (19811187);
insert into processoSocorro values (966984772);
insert into processoSocorro values (274359401);
insert into processoSocorro values (182797265);
insert into processoSocorro values (482787423);
insert into processoSocorro values (419881885);
insert into processoSocorro values (307175361);
insert into processoSocorro values (259798414);
insert into processoSocorro values (38557935);
insert into processoSocorro values (905713048);
insert into processoSocorro values (409108388);
insert into processoSocorro values (765221033);
insert into processoSocorro values (789708149);
insert into processoSocorro values (589770145);
insert into processoSocorro values (80889385);
insert into processoSocorro values (152352671);
insert into processoSocorro values (892341759);
insert into processoSocorro values (26216926);
insert into processoSocorro values (901117987);
insert into processoSocorro values (559962854);
insert into processoSocorro values (524433716);
insert into processoSocorro values (587739663);
insert into processoSocorro values (302899359);
insert into processoSocorro values (316812182);
insert into processoSocorro values (284309971);
insert into processoSocorro values (41927532);
insert into processoSocorro values (122857963);
insert into processoSocorro values (803311017);
insert into processoSocorro values (349468865);
insert into processoSocorro values (294990737);
insert into processoSocorro values (280113807);
insert into processoSocorro values (963025837);
insert into processoSocorro values (706796658);
insert into processoSocorro values (173855898);
insert into processoSocorro values (374153403);
insert into processoSocorro values (526020914);
insert into processoSocorro values (469284570);
insert into processoSocorro values (850637821);
insert into processoSocorro values (660982227);
insert into processoSocorro values (27361207);
insert into processoSocorro values (89007017);
insert into processoSocorro values (461015190);
insert into processoSocorro values (861264012);
insert into processoSocorro values (22194776);
insert into processoSocorro values (670652816);
insert into processoSocorro values (465069272);
insert into processoSocorro values (979426028);
insert into processoSocorro values (296711180);
insert into processoSocorro values (64045777);
insert into processoSocorro values (770582654);
insert into processoSocorro values (350984202);
insert into processoSocorro values (513616668);
insert into processoSocorro values (271734461);
insert into processoSocorro values (241562666);
insert into processoSocorro values (177494987);
insert into processoSocorro values (266450539);
insert into processoSocorro values (886846897);
insert into processoSocorro values (320648405);
insert into processoSocorro values (987403429);
insert into processoSocorro values (159407204);
insert into processoSocorro values (818879162);
insert into processoSocorro values (241368405);
insert into processoSocorro values (502394972);
insert into processoSocorro values (369477723);
insert into processoSocorro values (903604920);
insert into processoSocorro values (465785468);
insert into processoSocorro values (353626311);
insert into processoSocorro values (624823249);
insert into processoSocorro values (457794972);


insert into eventoEmergencia values (968299153, '2018-02-11 21:20:09', 'Guilherme Vicente', 'Meleças', 607904856);
insert into eventoEmergencia values (932940216, '2018-05-15 16:28:19', 'Henrique Caldeira', 'Aboá', 58277155);
insert into eventoEmergencia values (968299153, '2018-09-21 17:19:21', 'Jaime Ribeiro', 'Lousadelo', 284309971);
insert into eventoEmergencia values (964183303, '2018-03-12 08:44:31', 'Gloria Antunes', 'Carregosa (Póvoa de Varzim)', 803311017);
insert into eventoEmergencia values (214610257, '2018-08-02 21:30:07', 'David Mata', 'Agra (Amorim)', 556659052);
insert into eventoEmergencia values (919588011, '2018-01-18 21:19:06', 'Amanda Saramago', 'Lomba (Fátima)', 903604920);
insert into eventoEmergencia values (964603969, '2018-04-14 17:08:10', 'Rui Canela', 'Esperança (Ourém)', 296711180);
insert into eventoEmergencia values (961677743, '2018-02-06 04:54:31', 'Carla Morais', 'Amorim de Cima', 38557935);
insert into eventoEmergencia values (219208482, '2018-06-25 13:36:42', 'Artur Neves', 'Granja do Marquês', 559962854);
insert into eventoEmergencia values (932544296, '2018-09-21 17:19:21', 'Frederico Pedro', 'Casais das Comeiras', 892341759);
insert into eventoEmergencia values (213758820, '2018-01-17 20:09:54', 'Manuel Garcia', 'Cruz (Póvoa de Varzim)', 177494987);
insert into eventoEmergencia values (219531391, '2018-04-10 07:14:53', 'Pedro Gomes', 'Casal Mouro', 84659690);
insert into eventoEmergencia values (914725882, '2018-01-31 08:45:03', 'Beatriz Martins', 'Balancho', 660982227);
insert into eventoEmergencia values (219531391, '2018-06-11 17:41:35', 'Jaime Pinto', 'Eira da Pedra', 861264012);
insert into eventoEmergencia values (916517612, '2018-06-08 06:33:25', 'Frederico Borges', 'Foitos', 905713048);
insert into eventoEmergencia values (932524215, '2018-09-25 02:57:42', 'Rodrigo Morais', 'Aldeia (Amorim)', 280113807);
insert into eventoEmergencia values (936247863, '2018-05-18 13:54:04', 'Madalena Teixeira', 'Borda do Rio', 241368405);
insert into eventoEmergencia values (213758820, '2018-03-09 22:18:49', 'Olivia Leao', 'Gozundeira', 401209290);
insert into eventoEmergencia values (914545634, '2018-01-14 20:58:16', 'Tatiana Neves', 'Lomba (Fátima)', 670652816);
insert into eventoEmergencia values (918196283, '2018-06-13 18:15:26', 'Amanda Semedo', 'Matas do Louriçal', 689711176);
insert into eventoEmergencia values (938673481, '2018-11-22 01:04:18', 'Palmira Silveira', 'Matos da Vila', 901117987);
insert into eventoEmergencia values (914397449, '2018-09-24 16:41:26', 'Mafalda Rocha', 'Abadia de Bouro', 419881885);
insert into eventoEmergencia values (931136679, '2018-04-23 11:13:05', 'Isabela Fonseca', 'Foros da Catrapona', 274359401);
insert into eventoEmergencia values (967349755, '2018-01-19 08:31:01', 'Diana Magalhaes', 'Busano (Cascais)', 763174670);
insert into eventoEmergencia values (936386931, '2018-10-18 18:04:36', 'Francisco Henriques', 'Cabeda', 371038074);
insert into eventoEmergencia values (936386931, '2018-09-01 19:29:40', 'Vania Felix', 'Casal da Rola', 374153403);
insert into eventoEmergencia values (939631640, '2018-09-01 19:29:40', 'Artur Maia', 'Abadia de Bouro', 587739663);
insert into eventoEmergencia values (963894104, '2018-05-06 08:25:48', 'Lia Neto', 'Funchalinho', 26216926);
insert into eventoEmergencia values (212187193, '2018-10-30 22:28:34', 'Miguel Guerreiro', 'Casais de Além', 0);
insert into eventoEmergencia values (919745096, '2018-06-04 12:32:06', 'Goncalo Barbosa', 'Casas Brancas', 110145881);
insert into eventoEmergencia values (931354418, '2018-03-16 12:52:19', 'Isabela Barros', 'Areosa (Aguçadoura)', 19811187);
insert into eventoEmergencia values (937200233, '2018-10-29 18:49:21', 'Bruna Pedro', 'Busano (Cascais)', 778798685);
insert into eventoEmergencia values (935939101, '2018-09-27 02:28:10', 'Ivo Lima', 'Amoreira Fundeira', 461178770);
insert into eventoEmergencia values (936084426, '2018-08-17 06:19:45', 'Duarte Pinto', 'Gestrins', 241562666);
insert into eventoEmergencia values (936386931, '2018-02-18 06:55:29', 'Margarida Belmonte', 'Estanganhola', 820181547);
insert into eventoEmergencia values (931987022, '2018-06-17 23:14:34', 'Alexandra Moreira', 'Baldoiaa)', 271734461);
insert into eventoEmergencia values (969199279, '2018-09-24 16:41:26', 'Laura Araujo', 'Cruz de Pau', 770582654);
insert into eventoEmergencia values (931136679, '2018-08-14 23:18:35', 'Amanda Rebelo', 'Casais Brancos (Atouguia da Baleia)', 513082340);
insert into eventoEmergencia values (211611771, '2018-04-29 05:20:55', 'Ines Aveiro', 'Fontainhas (Amorim)', 389004778);
insert into eventoEmergencia values (914397449, '2018-04-07 05:52:32', 'Vitor Mario', 'Mau Verde', 413942758);
insert into eventoEmergencia values (914725882, '2018-06-25 05:29:08', 'Patricia Lopes', 'Gestrins', 465785468);
insert into eventoEmergencia values (218774398, '2018-06-04 07:10:05', 'Diogo Pedreira', 'Abadia de Bouro', 789708149);
insert into eventoEmergencia values (916885474, '2018-03-15 07:32:26', 'Marco Faria', 'Casais das Comeiras', 350984202);
insert into eventoEmergencia values (931987022, '2018-07-14 22:10:35', 'Goncalo Reis', 'Matas do Louriçal', 89007017);
insert into eventoEmergencia values (939902812, '2018-10-23 21:18:40', 'Ian Vicente', 'Gestrins', 334866468);
insert into eventoEmergencia values (211611771, '2018-10-17 18:29:45', 'Daniela Pires', 'Matos da Vila', 421248681);
insert into eventoEmergencia values (917249409, '2018-10-12 12:44:24', 'Antonio Garcia', 'Brunhido', 173855898);
insert into eventoEmergencia values (214882081, '2018-09-02 21:06:33', 'Elisabete Miranda', 'Aldeia (Aguçadoura)', 266450539);
insert into eventoEmergencia values (965078698, '2018-04-12 03:13:50', 'Joao Palhoto', 'Cova do Vapor', 41927532);
insert into eventoEmergencia values (963894104, '2018-01-14 20:58:16', 'Edgar Cardoso', 'Alveijar (Fátima)', 818879162);
insert into eventoEmergencia values (966333299, '2018-07-17 07:58:01', 'Lucas Assis', 'Laúndos (Póvoa de Varzim)', 502394972);
insert into eventoEmergencia values (213742412, '2018-05-12 03:31:06', 'Marisa Cunha', 'Granja do Marquês', 765221033);
insert into eventoEmergencia values (913458824, '2018-09-24 05:32:28', 'Tiago Caetano', 'Fómega', 349468865);
insert into eventoEmergencia values (217766039, '2018-03-27 13:13:11', 'Diana Jorge', 'Areosa (Aguçadoura)', 0);
insert into eventoEmergencia values (968299153, '2018-01-15 01:34:18', 'Carla Nascimento', 'Cruz de Pau', 482787423);
insert into eventoEmergencia values (219598651, '2018-11-14 01:01:42', 'Olivia Azevedo', 'Esperança (Ourém)', 850274780);
insert into eventoEmergencia values (961601401, '2018-11-25 17:34:35', 'Francisca Antunes', 'Mau Verde', 457794972);
insert into eventoEmergencia values (964603969, '2018-01-11 10:03:44', 'Xavier Azevedo', 'Amoreira Cimeira', 469284570);
insert into eventoEmergencia values (218774398, '2018-06-28 01:51:15', 'Jose Peixoto', 'Bairro de Almodena', 351890418);
insert into eventoEmergencia values (938725445, '2018-08-16 09:16:24', 'Amanda Gaspar', 'Casal Resoneiro', 524433716);
insert into eventoEmergencia values (969805830, '2018-07-17 07:58:01', 'Rita Coelho', 'Amorim de Cima', 465069272);
insert into eventoEmergencia values (914725882, '2018-08-05 04:12:36', 'Rafaela Albano', 'Agra (Amorim)', 152352671);
insert into eventoEmergencia values (912430438, '2018-03-31 17:39:09', 'Francisca Palhoto', 'Casais das Comeiras', 302899359);
insert into eventoEmergencia values (939267022, '2018-10-05 05:21:24', 'Rodrigo Fonte', 'Estrada (Póvoa de Varzim)', 27361207);
insert into eventoEmergencia values (938415200, '2018-02-01 05:34:59', 'Nuno Reis', 'Gesta (Freguesia de Oiã)', 589770145);
insert into eventoEmergencia values (911875422, '2018-08-04 23:13:46', 'Rodolfo Ramos', 'Aldeia (Aguçadoura)', 513616668);
insert into eventoEmergencia values (939550895, '2018-10-15 09:15:28', 'Marco Azevedo', 'Burgada', 122857963);
insert into eventoEmergencia values (965131140, '2018-10-29 18:49:21', 'Cidalia Lopes', 'Maxieira', 706796658);
insert into eventoEmergencia values (219863954, '2018-06-04 07:10:05', 'Constanca Amorim', 'Aldeia Grande', 369477723);
insert into eventoEmergencia values (938435125, '2018-10-26 19:26:39', 'Liliana Figueiredo', 'Frinjo', 0);
insert into eventoEmergencia values (965143002, '2018-04-03 10:18:42', 'Vasco Carneiro', 'Mercês (Rio de Mouro)', 804905202);
insert into eventoEmergencia values (219208482, '2018-02-03 23:50:39', 'Artur Matos', 'Lourel', 230775524);
insert into eventoEmergencia values (218072664, '2018-06-15 23:25:51', 'Julia Melo', 'Casal Resoneiro', 0);
insert into eventoEmergencia values (917243317, '2018-09-18 15:57:38', 'Viviana Ferreira', 'Granja de Alpriate', 979426028);
insert into eventoEmergencia values (919497612, '2018-01-17 10:24:12', 'Fabio Feio', 'Estanganhola', 320648405);
insert into eventoEmergencia values (939631640, '2018-05-23 09:54:36', 'Francisca Rodrigues', 'Muleneta', 779025369);
insert into eventoEmergencia values (913458824, '2018-01-31 08:45:03', 'Vitoria Belo', 'Cabeda', 624823249);
insert into eventoEmergencia values (939902812, '2018-11-14 01:01:42', 'Amelia Lourenco', 'Espinhal (Póvoa de Varzim)', 963025837);
insert into eventoEmergencia values (961727157, '2018-04-03 10:18:42', 'Eduardo Neto', 'Bustelo (Oliveira de Azeméis)', 64045777);
insert into eventoEmergencia values (215428404, '2018-07-16 13:05:48', 'Amelia Frietas', 'Antões', 413838975);
insert into eventoEmergencia values (219096328, '2018-01-01 15:05:18', 'Raul Barata', 'Granja de Alpriate', 316812182);
insert into eventoEmergencia values (914481747, '2018-06-26 12:45:51', 'Alexandra Melo', 'Casal Resoneiro', 294990737);
insert into eventoEmergencia values (932524215, '2018-03-13 15:02:37', 'Amelia Peixoto', 'Estanganhola', 377673448);
insert into eventoEmergencia values (917283185, '2018-08-14 14:34:26', 'Joao Domingues', 'Cacinheira', 461015190);
insert into eventoEmergencia values (217763827, '2018-04-23 11:13:05', 'Francisca Saramago', 'Gesta (Freguesia de Oiã)', 307175361);
insert into eventoEmergencia values (212056437, '2018-09-10 08:16:42', 'Debora Nascimento', 'Matas do Louriçal', 0);
insert into eventoEmergencia values (935843613, '2018-09-10 20:21:58', 'Andre Antunes', 'Areosa (Aguçadoura)', 526020914);
insert into eventoEmergencia values (217249337, '2018-07-09 17:49:34', 'Jaime Aveiro', 'Brunhido', 0);
insert into eventoEmergencia values (214305005, '2018-06-06 03:48:38', 'Vera Jorge', 'Castro de Nossa Senhora da Confiança', 259798414);
insert into eventoEmergencia values (219208482, '2018-05-19 19:03:11', 'Andre Reis', 'Caturela', 733729893);
insert into eventoEmergencia values (912027470, '2018-03-29 01:22:57', 'Manuel Aveiro', 'Mem Martins', 80889385);
insert into eventoEmergencia values (914545634, '2018-11-26 09:08:36', 'Simao Pinho', 'Giesteira (Fátima)', 987403429);
insert into eventoEmergencia values (936075446, '2018-01-11 17:32:24', 'Mafalda Pacheco', 'Baldoiaa)', 409108388);
insert into eventoEmergencia values (969805830, '2018-05-28 07:15:30', 'Daniela Macedo', 'Cruz Quebrada', 22194776);
insert into eventoEmergencia values (214610257, '2018-02-03 23:50:39', 'Jorge Pimenta', 'Caturela', 624157109);
insert into eventoEmergencia values (964107114, '2018-05-25 15:18:15', 'Diogo Aveiro', 'Cova do Vapor', 966984772);
insert into eventoEmergencia values (916517612, '2018-02-22 03:13:53', 'Nicole Lameiras', 'Cova da Iria', 906208738);
insert into eventoEmergencia values (962757164, '2018-08-16 09:16:24', 'Graca Araujo', 'Cabreira (Póvoa de Varzim)', 703391848);
insert into eventoEmergencia values (963024387, '2018-11-22 17:49:28', 'Sergio Ferreira', 'Foitos', 751676697);
insert into eventoEmergencia values (938310280, '2018-01-14 20:58:16', 'Claudio Ferreira', 'Azedia', 886846897);
insert into eventoEmergencia values (211412116, '2018-06-15 23:25:51', 'Rodolfo Vicente', 'Casais das Comeiras', 16457165);
insert into eventoEmergencia values (214165615, '2018-01-13 01:18:49', 'Madalena Domingues', 'Maxieira', 850637821);
insert into eventoEmergencia values (931852604, '2018-03-13 15:02:37', 'Julia Mendes', 'Lourel', 159407204);
insert into eventoEmergencia values (219204046, '2018-07-29 17:03:12', 'Nuno Belmonte', 'Casal Resoneiro', 353626311);
insert into eventoEmergencia values (938673481, '2018-02-08 05:03:54', 'Cidalia Feio', 'Machuqueiras', 746357106);
insert into eventoEmergencia values (913020888, '2018-11-19 09:42:09', 'Filipe Moura', 'Casal Resoneiro', 182797265);


insert into entidadeMeio values ('Entidade 0');
insert into entidadeMeio values ('Entidade 1');
insert into entidadeMeio values ('Entidade 2');
insert into entidadeMeio values ('Entidade 3');
insert into entidadeMeio values ('Entidade 4');
insert into entidadeMeio values ('Entidade 5');
insert into entidadeMeio values ('Entidade 6');
insert into entidadeMeio values ('Entidade 7');
insert into entidadeMeio values ('Entidade 8');
insert into entidadeMeio values ('Entidade 9');
insert into entidadeMeio values ('Entidade 10');
insert into entidadeMeio values ('Entidade 11');
insert into entidadeMeio values ('Entidade 12');
insert into entidadeMeio values ('Entidade 13');
insert into entidadeMeio values ('Entidade 14');
insert into entidadeMeio values ('Entidade 15');
insert into entidadeMeio values ('Entidade 16');
insert into entidadeMeio values ('Entidade 17');
insert into entidadeMeio values ('Entidade 18');
insert into entidadeMeio values ('Entidade 19');
insert into entidadeMeio values ('Entidade 20');
insert into entidadeMeio values ('Entidade 21');
insert into entidadeMeio values ('Entidade 22');
insert into entidadeMeio values ('Entidade 23');
insert into entidadeMeio values ('Entidade 24');
insert into entidadeMeio values ('Entidade 25');
insert into entidadeMeio values ('Entidade 26');
insert into entidadeMeio values ('Entidade 27');
insert into entidadeMeio values ('Entidade 28');
insert into entidadeMeio values ('Entidade 29');
insert into entidadeMeio values ('Entidade 30');
insert into entidadeMeio values ('Entidade 31');
insert into entidadeMeio values ('Entidade 32');
insert into entidadeMeio values ('Entidade 33');
insert into entidadeMeio values ('Entidade 34');
insert into entidadeMeio values ('Entidade 35');
insert into entidadeMeio values ('Entidade 36');
insert into entidadeMeio values ('Entidade 37');
insert into entidadeMeio values ('Entidade 38');
insert into entidadeMeio values ('Entidade 39');
insert into entidadeMeio values ('Entidade 40');
insert into entidadeMeio values ('Entidade 41');
insert into entidadeMeio values ('Entidade 42');
insert into entidadeMeio values ('Entidade 43');
insert into entidadeMeio values ('Entidade 44');
insert into entidadeMeio values ('Entidade 45');
insert into entidadeMeio values ('Entidade 46');
insert into entidadeMeio values ('Entidade 47');
insert into entidadeMeio values ('Entidade 48');
insert into entidadeMeio values ('Entidade 49');
insert into entidadeMeio values ('Entidade 50');
insert into entidadeMeio values ('Entidade 51');
insert into entidadeMeio values ('Entidade 52');
insert into entidadeMeio values ('Entidade 53');
insert into entidadeMeio values ('Entidade 54');
insert into entidadeMeio values ('Entidade 55');
insert into entidadeMeio values ('Entidade 56');
insert into entidadeMeio values ('Entidade 57');
insert into entidadeMeio values ('Entidade 58');
insert into entidadeMeio values ('Entidade 59');
insert into entidadeMeio values ('Entidade 60');
insert into entidadeMeio values ('Entidade 61');
insert into entidadeMeio values ('Entidade 62');
insert into entidadeMeio values ('Entidade 63');
insert into entidadeMeio values ('Entidade 64');
insert into entidadeMeio values ('Entidade 65');
insert into entidadeMeio values ('Entidade 66');
insert into entidadeMeio values ('Entidade 67');
insert into entidadeMeio values ('Entidade 68');
insert into entidadeMeio values ('Entidade 69');
insert into entidadeMeio values ('Entidade 70');
insert into entidadeMeio values ('Entidade 71');
insert into entidadeMeio values ('Entidade 72');
insert into entidadeMeio values ('Entidade 73');
insert into entidadeMeio values ('Entidade 74');
insert into entidadeMeio values ('Entidade 75');
insert into entidadeMeio values ('Entidade 76');
insert into entidadeMeio values ('Entidade 77');
insert into entidadeMeio values ('Entidade 78');
insert into entidadeMeio values ('Entidade 79');
insert into entidadeMeio values ('Entidade 80');
insert into entidadeMeio values ('Entidade 81');
insert into entidadeMeio values ('Entidade 82');
insert into entidadeMeio values ('Entidade 83');
insert into entidadeMeio values ('Entidade 84');
insert into entidadeMeio values ('Entidade 85');
insert into entidadeMeio values ('Entidade 86');
insert into entidadeMeio values ('Entidade 87');
insert into entidadeMeio values ('Entidade 88');
insert into entidadeMeio values ('Entidade 89');
insert into entidadeMeio values ('Entidade 90');
insert into entidadeMeio values ('Entidade 91');
insert into entidadeMeio values ('Entidade 92');
insert into entidadeMeio values ('Entidade 93');
insert into entidadeMeio values ('Entidade 94');
insert into entidadeMeio values ('Entidade 95');
insert into entidadeMeio values ('Entidade 96');
insert into entidadeMeio values ('Entidade 97');
insert into entidadeMeio values ('Entidade 98');
insert into entidadeMeio values ('Entidade 99');


insert into meio values (0, 'Meio 0', 'Entidade 0');
insert into meio values (1, 'Meio 1', 'Entidade 0');
insert into meio values (2, 'Meio 2', 'Entidade 0');
insert into meio values (0, 'Meio 0', 'Entidade 1');
insert into meio values (1, 'Meio 1', 'Entidade 1');
insert into meio values (0, 'Meio 0', 'Entidade 2');
insert into meio values (1, 'Meio 1', 'Entidade 2');
insert into meio values (2, 'Meio 2', 'Entidade 2');
insert into meio values (3, 'Meio 3', 'Entidade 2');
insert into meio values (4, 'Meio 4', 'Entidade 2');
insert into meio values (0, 'Meio 0', 'Entidade 3');
insert into meio values (0, 'Meio 0', 'Entidade 4');
insert into meio values (0, 'Meio 0', 'Entidade 5');
insert into meio values (0, 'Meio 0', 'Entidade 6');
insert into meio values (1, 'Meio 1', 'Entidade 6');
insert into meio values (2, 'Meio 2', 'Entidade 6');
insert into meio values (3, 'Meio 3', 'Entidade 6');
insert into meio values (4, 'Meio 4', 'Entidade 6');
insert into meio values (5, 'Meio 5', 'Entidade 6');
insert into meio values (0, 'Meio 0', 'Entidade 7');
insert into meio values (1, 'Meio 1', 'Entidade 7');
insert into meio values (0, 'Meio 0', 'Entidade 8');
insert into meio values (1, 'Meio 1', 'Entidade 8');
insert into meio values (2, 'Meio 2', 'Entidade 8');
insert into meio values (3, 'Meio 3', 'Entidade 8');
insert into meio values (4, 'Meio 4', 'Entidade 8');
insert into meio values (5, 'Meio 5', 'Entidade 8');
insert into meio values (0, 'Meio 0', 'Entidade 9');
insert into meio values (1, 'Meio 1', 'Entidade 9');
insert into meio values (2, 'Meio 2', 'Entidade 9');
insert into meio values (3, 'Meio 3', 'Entidade 9');
insert into meio values (4, 'Meio 4', 'Entidade 9');
insert into meio values (5, 'Meio 5', 'Entidade 9');
insert into meio values (0, 'Meio 0', 'Entidade 10');
insert into meio values (0, 'Meio 0', 'Entidade 11');
insert into meio values (0, 'Meio 0', 'Entidade 12');
insert into meio values (1, 'Meio 1', 'Entidade 12');
insert into meio values (2, 'Meio 2', 'Entidade 12');
insert into meio values (3, 'Meio 3', 'Entidade 12');
insert into meio values (0, 'Meio 0', 'Entidade 14');
insert into meio values (0, 'Meio 0', 'Entidade 15');
insert into meio values (1, 'Meio 1', 'Entidade 15');
insert into meio values (2, 'Meio 2', 'Entidade 15');
insert into meio values (0, 'Meio 0', 'Entidade 16');
insert into meio values (1, 'Meio 1', 'Entidade 16');
insert into meio values (2, 'Meio 2', 'Entidade 16');
insert into meio values (3, 'Meio 3', 'Entidade 16');
insert into meio values (0, 'Meio 0', 'Entidade 17');
insert into meio values (1, 'Meio 1', 'Entidade 17');
insert into meio values (2, 'Meio 2', 'Entidade 17');
insert into meio values (3, 'Meio 3', 'Entidade 17');
insert into meio values (4, 'Meio 4', 'Entidade 17');
insert into meio values (5, 'Meio 5', 'Entidade 17');
insert into meio values (0, 'Meio 0', 'Entidade 18');
insert into meio values (1, 'Meio 1', 'Entidade 18');
insert into meio values (2, 'Meio 2', 'Entidade 18');
insert into meio values (3, 'Meio 3', 'Entidade 18');
insert into meio values (0, 'Meio 0', 'Entidade 19');
insert into meio values (0, 'Meio 0', 'Entidade 20');
insert into meio values (1, 'Meio 1', 'Entidade 20');
insert into meio values (2, 'Meio 2', 'Entidade 20');
insert into meio values (3, 'Meio 3', 'Entidade 20');
insert into meio values (4, 'Meio 4', 'Entidade 20');
insert into meio values (0, 'Meio 0', 'Entidade 21');
insert into meio values (0, 'Meio 0', 'Entidade 23');
insert into meio values (1, 'Meio 1', 'Entidade 23');
insert into meio values (2, 'Meio 2', 'Entidade 23');
insert into meio values (3, 'Meio 3', 'Entidade 23');
insert into meio values (4, 'Meio 4', 'Entidade 23');
insert into meio values (0, 'Meio 0', 'Entidade 24');
insert into meio values (1, 'Meio 1', 'Entidade 24');
insert into meio values (2, 'Meio 2', 'Entidade 24');
insert into meio values (3, 'Meio 3', 'Entidade 24');
insert into meio values (0, 'Meio 0', 'Entidade 25');
insert into meio values (1, 'Meio 1', 'Entidade 25');
insert into meio values (2, 'Meio 2', 'Entidade 25');
insert into meio values (0, 'Meio 0', 'Entidade 26');
insert into meio values (1, 'Meio 1', 'Entidade 26');
insert into meio values (2, 'Meio 2', 'Entidade 26');
insert into meio values (3, 'Meio 3', 'Entidade 26');
insert into meio values (4, 'Meio 4', 'Entidade 26');
insert into meio values (5, 'Meio 5', 'Entidade 26');
insert into meio values (0, 'Meio 0', 'Entidade 27');
insert into meio values (1, 'Meio 1', 'Entidade 27');
insert into meio values (2, 'Meio 2', 'Entidade 27');
insert into meio values (3, 'Meio 3', 'Entidade 27');
insert into meio values (0, 'Meio 0', 'Entidade 28');
insert into meio values (1, 'Meio 1', 'Entidade 28');
insert into meio values (2, 'Meio 2', 'Entidade 28');
insert into meio values (3, 'Meio 3', 'Entidade 28');
insert into meio values (4, 'Meio 4', 'Entidade 28');
insert into meio values (0, 'Meio 0', 'Entidade 29');
insert into meio values (1, 'Meio 1', 'Entidade 29');
insert into meio values (2, 'Meio 2', 'Entidade 29');
insert into meio values (3, 'Meio 3', 'Entidade 29');
insert into meio values (0, 'Meio 0', 'Entidade 30');
insert into meio values (1, 'Meio 1', 'Entidade 30');
insert into meio values (2, 'Meio 2', 'Entidade 30');
insert into meio values (0, 'Meio 0', 'Entidade 31');
insert into meio values (1, 'Meio 1', 'Entidade 31');
insert into meio values (2, 'Meio 2', 'Entidade 31');
insert into meio values (3, 'Meio 3', 'Entidade 31');
insert into meio values (4, 'Meio 4', 'Entidade 31');
insert into meio values (5, 'Meio 5', 'Entidade 31');
insert into meio values (0, 'Meio 0', 'Entidade 32');
insert into meio values (1, 'Meio 1', 'Entidade 32');
insert into meio values (2, 'Meio 2', 'Entidade 32');
insert into meio values (3, 'Meio 3', 'Entidade 32');
insert into meio values (4, 'Meio 4', 'Entidade 32');
insert into meio values (0, 'Meio 0', 'Entidade 33');
insert into meio values (1, 'Meio 1', 'Entidade 33');
insert into meio values (2, 'Meio 2', 'Entidade 33');
insert into meio values (3, 'Meio 3', 'Entidade 33');
insert into meio values (4, 'Meio 4', 'Entidade 33');
insert into meio values (0, 'Meio 0', 'Entidade 35');
insert into meio values (1, 'Meio 1', 'Entidade 35');
insert into meio values (0, 'Meio 0', 'Entidade 36');
insert into meio values (1, 'Meio 1', 'Entidade 36');
insert into meio values (2, 'Meio 2', 'Entidade 36');
insert into meio values (0, 'Meio 0', 'Entidade 37');
insert into meio values (1, 'Meio 1', 'Entidade 37');
insert into meio values (0, 'Meio 0', 'Entidade 38');
insert into meio values (1, 'Meio 1', 'Entidade 38');
insert into meio values (2, 'Meio 2', 'Entidade 38');
insert into meio values (0, 'Meio 0', 'Entidade 39');
insert into meio values (1, 'Meio 1', 'Entidade 39');
insert into meio values (0, 'Meio 0', 'Entidade 41');
insert into meio values (1, 'Meio 1', 'Entidade 41');
insert into meio values (2, 'Meio 2', 'Entidade 41');
insert into meio values (3, 'Meio 3', 'Entidade 41');
insert into meio values (0, 'Meio 0', 'Entidade 42');
insert into meio values (0, 'Meio 0', 'Entidade 43');
insert into meio values (1, 'Meio 1', 'Entidade 43');
insert into meio values (2, 'Meio 2', 'Entidade 43');
insert into meio values (3, 'Meio 3', 'Entidade 43');
insert into meio values (0, 'Meio 0', 'Entidade 44');
insert into meio values (0, 'Meio 0', 'Entidade 45');
insert into meio values (0, 'Meio 0', 'Entidade 46');
insert into meio values (1, 'Meio 1', 'Entidade 46');
insert into meio values (2, 'Meio 2', 'Entidade 46');
insert into meio values (3, 'Meio 3', 'Entidade 46');
insert into meio values (0, 'Meio 0', 'Entidade 48');
insert into meio values (1, 'Meio 1', 'Entidade 48');
insert into meio values (2, 'Meio 2', 'Entidade 48');
insert into meio values (0, 'Meio 0', 'Entidade 49');
insert into meio values (0, 'Meio 0', 'Entidade 50');
insert into meio values (0, 'Meio 0', 'Entidade 51');
insert into meio values (1, 'Meio 1', 'Entidade 51');
insert into meio values (2, 'Meio 2', 'Entidade 51');
insert into meio values (3, 'Meio 3', 'Entidade 51');
insert into meio values (4, 'Meio 4', 'Entidade 51');
insert into meio values (5, 'Meio 5', 'Entidade 51');
insert into meio values (0, 'Meio 0', 'Entidade 52');
insert into meio values (1, 'Meio 1', 'Entidade 52');
insert into meio values (2, 'Meio 2', 'Entidade 52');
insert into meio values (3, 'Meio 3', 'Entidade 52');
insert into meio values (4, 'Meio 4', 'Entidade 52');
insert into meio values (0, 'Meio 0', 'Entidade 53');
insert into meio values (0, 'Meio 0', 'Entidade 54');
insert into meio values (0, 'Meio 0', 'Entidade 55');
insert into meio values (1, 'Meio 1', 'Entidade 55');
insert into meio values (2, 'Meio 2', 'Entidade 55');
insert into meio values (3, 'Meio 3', 'Entidade 55');
insert into meio values (0, 'Meio 0', 'Entidade 56');
insert into meio values (1, 'Meio 1', 'Entidade 56');
insert into meio values (0, 'Meio 0', 'Entidade 57');
insert into meio values (1, 'Meio 1', 'Entidade 57');
insert into meio values (2, 'Meio 2', 'Entidade 57');
insert into meio values (3, 'Meio 3', 'Entidade 57');
insert into meio values (0, 'Meio 0', 'Entidade 59');
insert into meio values (0, 'Meio 0', 'Entidade 61');
insert into meio values (1, 'Meio 1', 'Entidade 61');
insert into meio values (2, 'Meio 2', 'Entidade 61');
insert into meio values (3, 'Meio 3', 'Entidade 61');
insert into meio values (0, 'Meio 0', 'Entidade 62');
insert into meio values (1, 'Meio 1', 'Entidade 62');
insert into meio values (2, 'Meio 2', 'Entidade 62');
insert into meio values (3, 'Meio 3', 'Entidade 62');
insert into meio values (4, 'Meio 4', 'Entidade 62');
insert into meio values (0, 'Meio 0', 'Entidade 63');
insert into meio values (1, 'Meio 1', 'Entidade 63');
insert into meio values (2, 'Meio 2', 'Entidade 63');
insert into meio values (3, 'Meio 3', 'Entidade 63');
insert into meio values (4, 'Meio 4', 'Entidade 63');
insert into meio values (5, 'Meio 5', 'Entidade 63');
insert into meio values (0, 'Meio 0', 'Entidade 64');
insert into meio values (1, 'Meio 1', 'Entidade 64');
insert into meio values (2, 'Meio 2', 'Entidade 64');
insert into meio values (0, 'Meio 0', 'Entidade 65');
insert into meio values (0, 'Meio 0', 'Entidade 66');
insert into meio values (1, 'Meio 1', 'Entidade 66');
insert into meio values (2, 'Meio 2', 'Entidade 66');
insert into meio values (0, 'Meio 0', 'Entidade 67');
insert into meio values (1, 'Meio 1', 'Entidade 67');
insert into meio values (2, 'Meio 2', 'Entidade 67');
insert into meio values (3, 'Meio 3', 'Entidade 67');
insert into meio values (0, 'Meio 0', 'Entidade 69');
insert into meio values (1, 'Meio 1', 'Entidade 69');
insert into meio values (2, 'Meio 2', 'Entidade 69');
insert into meio values (3, 'Meio 3', 'Entidade 69');
insert into meio values (4, 'Meio 4', 'Entidade 69');
insert into meio values (5, 'Meio 5', 'Entidade 69');
insert into meio values (0, 'Meio 0', 'Entidade 70');
insert into meio values (1, 'Meio 1', 'Entidade 70');
insert into meio values (0, 'Meio 0', 'Entidade 71');
insert into meio values (1, 'Meio 1', 'Entidade 71');
insert into meio values (2, 'Meio 2', 'Entidade 71');
insert into meio values (3, 'Meio 3', 'Entidade 71');
insert into meio values (4, 'Meio 4', 'Entidade 71');
insert into meio values (0, 'Meio 0', 'Entidade 72');
insert into meio values (1, 'Meio 1', 'Entidade 72');
insert into meio values (2, 'Meio 2', 'Entidade 72');
insert into meio values (3, 'Meio 3', 'Entidade 72');
insert into meio values (4, 'Meio 4', 'Entidade 72');
insert into meio values (0, 'Meio 0', 'Entidade 74');
insert into meio values (0, 'Meio 0', 'Entidade 75');
insert into meio values (1, 'Meio 1', 'Entidade 75');
insert into meio values (2, 'Meio 2', 'Entidade 75');
insert into meio values (3, 'Meio 3', 'Entidade 75');
insert into meio values (0, 'Meio 0', 'Entidade 76');
insert into meio values (1, 'Meio 1', 'Entidade 76');
insert into meio values (0, 'Meio 0', 'Entidade 77');
insert into meio values (1, 'Meio 1', 'Entidade 77');
insert into meio values (0, 'Meio 0', 'Entidade 78');
insert into meio values (1, 'Meio 1', 'Entidade 78');
insert into meio values (2, 'Meio 2', 'Entidade 78');
insert into meio values (3, 'Meio 3', 'Entidade 78');
insert into meio values (4, 'Meio 4', 'Entidade 78');
insert into meio values (5, 'Meio 5', 'Entidade 78');
insert into meio values (0, 'Meio 0', 'Entidade 79');
insert into meio values (1, 'Meio 1', 'Entidade 79');
insert into meio values (2, 'Meio 2', 'Entidade 79');
insert into meio values (3, 'Meio 3', 'Entidade 79');
insert into meio values (0, 'Meio 0', 'Entidade 80');
insert into meio values (0, 'Meio 0', 'Entidade 81');
insert into meio values (1, 'Meio 1', 'Entidade 81');
insert into meio values (2, 'Meio 2', 'Entidade 81');
insert into meio values (3, 'Meio 3', 'Entidade 81');
insert into meio values (4, 'Meio 4', 'Entidade 81');
insert into meio values (5, 'Meio 5', 'Entidade 81');
insert into meio values (0, 'Meio 0', 'Entidade 82');
insert into meio values (1, 'Meio 1', 'Entidade 82');
insert into meio values (2, 'Meio 2', 'Entidade 82');
insert into meio values (3, 'Meio 3', 'Entidade 82');
insert into meio values (0, 'Meio 0', 'Entidade 83');
insert into meio values (1, 'Meio 1', 'Entidade 83');
insert into meio values (2, 'Meio 2', 'Entidade 83');
insert into meio values (3, 'Meio 3', 'Entidade 83');
insert into meio values (4, 'Meio 4', 'Entidade 83');
insert into meio values (5, 'Meio 5', 'Entidade 83');
insert into meio values (0, 'Meio 0', 'Entidade 84');
insert into meio values (1, 'Meio 1', 'Entidade 84');
insert into meio values (2, 'Meio 2', 'Entidade 84');
insert into meio values (0, 'Meio 0', 'Entidade 85');
insert into meio values (1, 'Meio 1', 'Entidade 85');
insert into meio values (0, 'Meio 0', 'Entidade 86');
insert into meio values (1, 'Meio 1', 'Entidade 86');
insert into meio values (2, 'Meio 2', 'Entidade 86');
insert into meio values (3, 'Meio 3', 'Entidade 86');
insert into meio values (4, 'Meio 4', 'Entidade 86');
insert into meio values (0, 'Meio 0', 'Entidade 87');
insert into meio values (1, 'Meio 1', 'Entidade 87');
insert into meio values (2, 'Meio 2', 'Entidade 87');
insert into meio values (0, 'Meio 0', 'Entidade 88');
insert into meio values (1, 'Meio 1', 'Entidade 88');
insert into meio values (2, 'Meio 2', 'Entidade 88');
insert into meio values (3, 'Meio 3', 'Entidade 88');
insert into meio values (4, 'Meio 4', 'Entidade 88');
insert into meio values (5, 'Meio 5', 'Entidade 88');
insert into meio values (0, 'Meio 0', 'Entidade 89');
insert into meio values (1, 'Meio 1', 'Entidade 89');
insert into meio values (2, 'Meio 2', 'Entidade 89');
insert into meio values (0, 'Meio 0', 'Entidade 90');
insert into meio values (1, 'Meio 1', 'Entidade 90');
insert into meio values (2, 'Meio 2', 'Entidade 90');
insert into meio values (0, 'Meio 0', 'Entidade 93');
insert into meio values (0, 'Meio 0', 'Entidade 94');
insert into meio values (0, 'Meio 0', 'Entidade 95');
insert into meio values (0, 'Meio 0', 'Entidade 96');
insert into meio values (1, 'Meio 1', 'Entidade 96');
insert into meio values (0, 'Meio 0', 'Entidade 97');
insert into meio values (0, 'Meio 0', 'Entidade 98');
insert into meio values (1, 'Meio 1', 'Entidade 98');
insert into meio values (2, 'Meio 2', 'Entidade 98');
insert into meio values (0, 'Meio 0', 'Entidade 99');


insert into meioCombate values (3, 'Entidade 51');
insert into meioCombate values (4, 'Entidade 51');
insert into meioCombate values (1, 'Entidade 52');
insert into meioCombate values (2, 'Entidade 79');
insert into meioCombate values (2, 'Entidade 6');
insert into meioCombate values (3, 'Entidade 61');
insert into meioCombate values (1, 'Entidade 79');
insert into meioCombate values (2, 'Entidade 24');
insert into meioCombate values (2, 'Entidade 36');
insert into meioCombate values (2, 'Entidade 27');
insert into meioCombate values (0, 'Entidade 10');
insert into meioCombate values (0, 'Entidade 24');
insert into meioCombate values (4, 'Entidade 52');
insert into meioCombate values (1, 'Entidade 83');
insert into meioCombate values (0, 'Entidade 25');
insert into meioCombate values (0, 'Entidade 67');
insert into meioCombate values (1, 'Entidade 71');
insert into meioCombate values (3, 'Entidade 75');
insert into meioCombate values (1, 'Entidade 39');
insert into meioCombate values (1, 'Entidade 86');
insert into meioCombate values (0, 'Entidade 43');
insert into meioCombate values (3, 'Entidade 62');
insert into meioCombate values (0, 'Entidade 83');
insert into meioCombate values (0, 'Entidade 7');
insert into meioCombate values (3, 'Entidade 69');
insert into meioCombate values (1, 'Entidade 96');
insert into meioCombate values (2, 'Entidade 8');
insert into meioCombate values (1, 'Entidade 16');
insert into meioCombate values (5, 'Entidade 69');
insert into meioCombate values (0, 'Entidade 8');
insert into meioCombate values (4, 'Entidade 83');
insert into meioCombate values (0, 'Entidade 18');
insert into meioCombate values (5, 'Entidade 9');
insert into meioCombate values (3, 'Entidade 72');
insert into meioCombate values (0, 'Entidade 11');
insert into meioCombate values (2, 'Entidade 66');
insert into meioCombate values (2, 'Entidade 17');
insert into meioCombate values (2, 'Entidade 78');
insert into meioCombate values (0, 'Entidade 76');
insert into meioCombate values (0, 'Entidade 28');
insert into meioCombate values (2, 'Entidade 20');
insert into meioCombate values (0, 'Entidade 71');
insert into meioCombate values (3, 'Entidade 26');
insert into meioCombate values (4, 'Entidade 28');
insert into meioCombate values (4, 'Entidade 72');
insert into meioCombate values (4, 'Entidade 88');
insert into meioCombate values (1, 'Entidade 55');
insert into meioCombate values (2, 'Entidade 64');
insert into meioCombate values (1, 'Entidade 56');
insert into meioCombate values (0, 'Entidade 33');
insert into meioCombate values (2, 'Entidade 62');
insert into meioCombate values (1, 'Entidade 31');
insert into meioCombate values (1, 'Entidade 64');
insert into meioCombate values (0, 'Entidade 46');
insert into meioCombate values (0, 'Entidade 5');
insert into meioCombate values (0, 'Entidade 38');
insert into meioCombate values (1, 'Entidade 36');
insert into meioCombate values (3, 'Entidade 32');
insert into meioCombate values (1, 'Entidade 33');
insert into meioCombate values (5, 'Entidade 51');
insert into meioCombate values (0, 'Entidade 65');
insert into meioCombate values (1, 'Entidade 70');
insert into meioCombate values (2, 'Entidade 90');
insert into meioCombate values (0, 'Entidade 69');
insert into meioCombate values (1, 'Entidade 29');
insert into meioCombate values (3, 'Entidade 18');
insert into meioCombate values (0, 'Entidade 66');
insert into meioCombate values (5, 'Entidade 88');
insert into meioCombate values (1, 'Entidade 35');
insert into meioCombate values (0, 'Entidade 44');
insert into meioCombate values (2, 'Entidade 63');
insert into meioCombate values (0, 'Entidade 77');
insert into meioCombate values (2, 'Entidade 38');
insert into meioCombate values (0, 'Entidade 42');
insert into meioCombate values (0, 'Entidade 87');
insert into meioCombate values (3, 'Entidade 28');
insert into meioCombate values (2, 'Entidade 75');
insert into meioCombate values (0, 'Entidade 90');
insert into meioCombate values (1, 'Entidade 20');
insert into meioCombate values (2, 'Entidade 29');
insert into meioCombate values (0, 'Entidade 82');
insert into meioCombate values (1, 'Entidade 23');
insert into meioCombate values (0, 'Entidade 37');
insert into meioCombate values (0, 'Entidade 98');
insert into meioCombate values (1, 'Entidade 84');
insert into meioCombate values (5, 'Entidade 63');
insert into meioCombate values (4, 'Entidade 31');
insert into meioCombate values (3, 'Entidade 88');
insert into meioCombate values (0, 'Entidade 15');
insert into meioCombate values (5, 'Entidade 81');
insert into meioCombate values (3, 'Entidade 46');
insert into meioCombate values (1, 'Entidade 37');
insert into meioCombate values (4, 'Entidade 81');
insert into meioCombate values (2, 'Entidade 52');
insert into meioCombate values (1, 'Entidade 61');
insert into meioCombate values (0, 'Entidade 17');
insert into meioCombate values (3, 'Entidade 8');
insert into meioCombate values (2, 'Entidade 48');
insert into meioCombate values (3, 'Entidade 78');
insert into meioCombate values (0, 'Entidade 48');
insert into meioCombate values (3, 'Entidade 2');
insert into meioCombate values (3, 'Entidade 16');
insert into meioCombate values (0, 'Entidade 32');
insert into meioCombate values (0, 'Entidade 31');
insert into meioCombate values (0, 'Entidade 86');
insert into meioCombate values (1, 'Entidade 87');
insert into meioCombate values (2, 'Entidade 98');
insert into meioCombate values (4, 'Entidade 26');
insert into meioCombate values (2, 'Entidade 26');
insert into meioCombate values (1, 'Entidade 88');
insert into meioCombate values (0, 'Entidade 99');
insert into meioCombate values (0, 'Entidade 0');
insert into meioCombate values (1, 'Entidade 15');
insert into meioCombate values (5, 'Entidade 8');


insert into meioApoio values (4, 'Entidade 71');
insert into meioApoio values (3, 'Entidade 20');
insert into meioApoio values (2, 'Entidade 69');
insert into meioApoio values (3, 'Entidade 23');
insert into meioApoio values (1, 'Entidade 72');
insert into meioApoio values (5, 'Entidade 6');
insert into meioApoio values (1, 'Entidade 38');
insert into meioApoio values (0, 'Entidade 48');
insert into meioApoio values (0, 'Entidade 55');
insert into meioApoio values (1, 'Entidade 46');
insert into meioApoio values (0, 'Entidade 54');
insert into meioApoio values (2, 'Entidade 46');
insert into meioApoio values (0, 'Entidade 27');
insert into meioApoio values (4, 'Entidade 32');
insert into meioApoio values (0, 'Entidade 3');
insert into meioApoio values (0, 'Entidade 93');
insert into meioApoio values (2, 'Entidade 57');
insert into meioApoio values (3, 'Entidade 71');
insert into meioApoio values (2, 'Entidade 48');
insert into meioApoio values (1, 'Entidade 63');
insert into meioApoio values (3, 'Entidade 67');
insert into meioApoio values (1, 'Entidade 18');
insert into meioApoio values (1, 'Entidade 85');
insert into meioApoio values (3, 'Entidade 82');
insert into meioApoio values (1, 'Entidade 12');
insert into meioApoio values (2, 'Entidade 82');
insert into meioApoio values (1, 'Entidade 88');
insert into meioApoio values (2, 'Entidade 84');
insert into meioApoio values (0, 'Entidade 53');
insert into meioApoio values (2, 'Entidade 72');
insert into meioApoio values (3, 'Entidade 86');
insert into meioApoio values (3, 'Entidade 12');
insert into meioApoio values (1, 'Entidade 17');
insert into meioApoio values (4, 'Entidade 86');
insert into meioApoio values (1, 'Entidade 48');
insert into meioApoio values (3, 'Entidade 78');
insert into meioApoio values (3, 'Entidade 43');
insert into meioApoio values (0, 'Entidade 12');
insert into meioApoio values (0, 'Entidade 74');
insert into meioApoio values (0, 'Entidade 57');
insert into meioApoio values (0, 'Entidade 63');
insert into meioApoio values (1, 'Entidade 32');
insert into meioApoio values (0, 'Entidade 88');
insert into meioApoio values (2, 'Entidade 23');
insert into meioApoio values (2, 'Entidade 87');
insert into meioApoio values (0, 'Entidade 64');
insert into meioApoio values (2, 'Entidade 43');
insert into meioApoio values (0, 'Entidade 81');
insert into meioApoio values (1, 'Entidade 81');
insert into meioApoio values (1, 'Entidade 2');
insert into meioApoio values (4, 'Entidade 9');
insert into meioApoio values (0, 'Entidade 85');
insert into meioApoio values (2, 'Entidade 26');
insert into meioApoio values (3, 'Entidade 6');
insert into meioApoio values (4, 'Entidade 78');
insert into meioApoio values (3, 'Entidade 63');
insert into meioApoio values (0, 'Entidade 41');
insert into meioApoio values (0, 'Entidade 4');
insert into meioApoio values (1, 'Entidade 82');
insert into meioApoio values (2, 'Entidade 88');
insert into meioApoio values (0, 'Entidade 70');
insert into meioApoio values (3, 'Entidade 33');
insert into meioApoio values (2, 'Entidade 30');
insert into meioApoio values (2, 'Entidade 86');
insert into meioApoio values (4, 'Entidade 8');
insert into meioApoio values (0, 'Entidade 78');
insert into meioApoio values (4, 'Entidade 69');
insert into meioApoio values (1, 'Entidade 98');
insert into meioApoio values (1, 'Entidade 69');
insert into meioApoio values (0, 'Entidade 26');
insert into meioApoio values (5, 'Entidade 17');
insert into meioApoio values (4, 'Entidade 6');
insert into meioApoio values (2, 'Entidade 81');
insert into meioApoio values (1, 'Entidade 77');
insert into meioApoio values (0, 'Entidade 49');
insert into meioApoio values (2, 'Entidade 51');
insert into meioApoio values (0, 'Entidade 79');
insert into meioApoio values (4, 'Entidade 62');
insert into meioApoio values (4, 'Entidade 20');
insert into meioApoio values (0, 'Entidade 20');
insert into meioApoio values (3, 'Entidade 31');
insert into meioApoio values (1, 'Entidade 62');
insert into meioApoio values (0, 'Entidade 86');
insert into meioApoio values (0, 'Entidade 51');
insert into meioApoio values (0, 'Entidade 89');
insert into meioApoio values (0, 'Entidade 16');
insert into meioApoio values (4, 'Entidade 33');
insert into meioApoio values (2, 'Entidade 33');
insert into meioApoio values (0, 'Entidade 23');
insert into meioApoio values (4, 'Entidade 2');
insert into meioApoio values (0, 'Entidade 6');
insert into meioApoio values (3, 'Entidade 8');
insert into meioApoio values (2, 'Entidade 9');
insert into meioApoio values (0, 'Entidade 1');
insert into meioApoio values (1, 'Entidade 6');
insert into meioApoio values (1, 'Entidade 83');
insert into meioApoio values (3, 'Entidade 24');
insert into meioApoio values (0, 'Entidade 0');
insert into meioApoio values (0, 'Entidade 5');
insert into meioApoio values (5, 'Entidade 9');
insert into meioApoio values (1, 'Entidade 20');
insert into meioApoio values (2, 'Entidade 15');
insert into meioApoio values (1, 'Entidade 16');
insert into meioApoio values (0, 'Entidade 66');
insert into meioApoio values (1, 'Entidade 39');
insert into meioApoio values (5, 'Entidade 26');
insert into meioApoio values (2, 'Entidade 66');
insert into meioApoio values (1, 'Entidade 26');
insert into meioApoio values (0, 'Entidade 44');
insert into meioApoio values (4, 'Entidade 81');
insert into meioApoio values (2, 'Entidade 55');
insert into meioApoio values (5, 'Entidade 63');
insert into meioApoio values (3, 'Entidade 88');
insert into meioApoio values (5, 'Entidade 81');


insert into meioSocorro values (1, 'Entidade 0');
insert into meioSocorro values (0, 'Entidade 80');
insert into meioSocorro values (1, 'Entidade 15');
insert into meioSocorro values (0, 'Entidade 36');
insert into meioSocorro values (1, 'Entidade 43');
insert into meioSocorro values (0, 'Entidade 50');
insert into meioSocorro values (1, 'Entidade 28');
insert into meioSocorro values (3, 'Entidade 24');
insert into meioSocorro values (3, 'Entidade 79');
insert into meioSocorro values (2, 'Entidade 83');
insert into meioSocorro values (0, 'Entidade 32');
insert into meioSocorro values (2, 'Entidade 12');
insert into meioSocorro values (3, 'Entidade 41');
insert into meioSocorro values (0, 'Entidade 84');
insert into meioSocorro values (0, 'Entidade 56');
insert into meioSocorro values (1, 'Entidade 89');
insert into meioSocorro values (1, 'Entidade 87');
insert into meioSocorro values (2, 'Entidade 2');
insert into meioSocorro values (1, 'Entidade 66');
insert into meioSocorro values (3, 'Entidade 9');
insert into meioSocorro values (0, 'Entidade 35');
insert into meioSocorro values (1, 'Entidade 57');
insert into meioSocorro values (0, 'Entidade 19');
insert into meioSocorro values (0, 'Entidade 29');
insert into meioSocorro values (2, 'Entidade 89');
insert into meioSocorro values (1, 'Entidade 1');
insert into meioSocorro values (2, 'Entidade 25');
insert into meioSocorro values (2, 'Entidade 71');
insert into meioSocorro values (0, 'Entidade 94');
insert into meioSocorro values (1, 'Entidade 30');
insert into meioSocorro values (0, 'Entidade 14');
insert into meioSocorro values (0, 'Entidade 30');
insert into meioSocorro values (1, 'Entidade 78');
insert into meioSocorro values (2, 'Entidade 18');
insert into meioSocorro values (1, 'Entidade 76');
insert into meioSocorro values (0, 'Entidade 2');
insert into meioSocorro values (1, 'Entidade 26');
insert into meioSocorro values (4, 'Entidade 17');
insert into meioSocorro values (0, 'Entidade 99');
insert into meioSocorro values (4, 'Entidade 23');
insert into meioSocorro values (0, 'Entidade 39');
insert into meioSocorro values (1, 'Entidade 41');
insert into meioSocorro values (0, 'Entidade 45');
insert into meioSocorro values (1, 'Entidade 9');
insert into meioSocorro values (1, 'Entidade 7');
insert into meioSocorro values (3, 'Entidade 57');
insert into meioSocorro values (2, 'Entidade 16');
insert into meioSocorro values (2, 'Entidade 15');
insert into meioSocorro values (5, 'Entidade 78');
insert into meioSocorro values (5, 'Entidade 31');
insert into meioSocorro values (1, 'Entidade 27');
insert into meioSocorro values (0, 'Entidade 17');
insert into meioSocorro values (0, 'Entidade 59');
insert into meioSocorro values (4, 'Entidade 63');
insert into meioSocorro values (1, 'Entidade 75');
insert into meioSocorro values (2, 'Entidade 32');
insert into meioSocorro values (0, 'Entidade 95');
insert into meioSocorro values (3, 'Entidade 2');
insert into meioSocorro values (0, 'Entidade 31');
insert into meioSocorro values (3, 'Entidade 55');
insert into meioSocorro values (2, 'Entidade 31');
insert into meioSocorro values (0, 'Entidade 21');
insert into meioSocorro values (3, 'Entidade 52');
insert into meioSocorro values (5, 'Entidade 8');
insert into meioSocorro values (0, 'Entidade 52');
insert into meioSocorro values (0, 'Entidade 96');
insert into meioSocorro values (1, 'Entidade 51');
insert into meioSocorro values (0, 'Entidade 61');
insert into meioSocorro values (5, 'Entidade 83');
insert into meioSocorro values (2, 'Entidade 61');
insert into meioSocorro values (2, 'Entidade 0');
insert into meioSocorro values (3, 'Entidade 83');
insert into meioSocorro values (0, 'Entidade 9');
insert into meioSocorro values (2, 'Entidade 67');
insert into meioSocorro values (2, 'Entidade 28');
insert into meioSocorro values (0, 'Entidade 72');
insert into meioSocorro values (3, 'Entidade 81');
insert into meioSocorro values (0, 'Entidade 75');
insert into meioSocorro values (2, 'Entidade 41');
insert into meioSocorro values (0, 'Entidade 62');
insert into meioSocorro values (0, 'Entidade 97');
insert into meioSocorro values (5, 'Entidade 26');
insert into meioSocorro values (3, 'Entidade 16');
insert into meioSocorro values (1, 'Entidade 25');
insert into meioSocorro values (3, 'Entidade 29');
insert into meioSocorro values (3, 'Entidade 17');
insert into meioSocorro values (2, 'Entidade 55');
insert into meioSocorro values (4, 'Entidade 26');
insert into meioSocorro values (1, 'Entidade 90');
insert into meioSocorro values (1, 'Entidade 8');
insert into meioSocorro values (1, 'Entidade 24');
insert into meioSocorro values (3, 'Entidade 27');
insert into meioSocorro values (0, 'Entidade 0');
insert into meioSocorro values (2, 'Entidade 98');
insert into meioSocorro values (1, 'Entidade 67');
insert into meioSocorro values (0, 'Entidade 76');
insert into meioSocorro values (3, 'Entidade 62');
insert into meioSocorro values (0, 'Entidade 64');
insert into meioSocorro values (1, 'Entidade 37');
insert into meioSocorro values (0, 'Entidade 81');
insert into meioSocorro values (0, 'Entidade 42');
insert into meioSocorro values (0, 'Entidade 1');
insert into meioSocorro values (1, 'Entidade 72');
insert into meioSocorro values (1, 'Entidade 70');
insert into meioSocorro values (1, 'Entidade 56');
insert into meioSocorro values (3, 'Entidade 12');
insert into meioSocorro values (2, 'Entidade 90');
insert into meioSocorro values (2, 'Entidade 86');
insert into meioSocorro values (2, 'Entidade 81');
insert into meioSocorro values (0, 'Entidade 3');
insert into meioSocorro values (3, 'Entidade 51');
insert into meioSocorro values (0, 'Entidade 48');
insert into meioSocorro values (3, 'Entidade 32');
insert into meioSocorro values (4, 'Entidade 51');


insert into transporta values (2, 'Entidade 89', 0, 409108388);
insert into transporta values (2, 'Entidade 41', 1, 850637821);
insert into transporta values (0, 'Entidade 17', 4, 746357106);
insert into transporta values (3, 'Entidade 83', 3, 966984772);
insert into transporta values (3, 'Entidade 32', 4, 152352671);
insert into transporta values (3, 'Entidade 17', 1, 513082340);
insert into transporta values (0, 'Entidade 36', 4, 905713048);
insert into transporta values (0, 'Entidade 50', 0, 850637821);
insert into transporta values (2, 'Entidade 15', 1, 271734461);
insert into transporta values (0, 'Entidade 59', 0, 524433716);
insert into transporta values (0, 'Entidade 2', 2, 457794972);
insert into transporta values (2, 'Entidade 71', 2, 16457165);
insert into transporta values (0, 'Entidade 31', 1, 241562666);
insert into transporta values (3, 'Entidade 16', 5, 963025837);
insert into transporta values (0, 'Entidade 1', 1, 803311017);
insert into transporta values (3, 'Entidade 12', 2, 266450539);
insert into transporta values (0, 'Entidade 62', 2, 820181547);
insert into transporta values (5, 'Entidade 26', 3, 461015190);
insert into transporta values (0, 'Entidade 96', 4, 19811187);
insert into transporta values (0, 'Entidade 45', 1, 587739663);
insert into transporta values (4, 'Entidade 63', 1, 413942758);
insert into transporta values (0, 'Entidade 80', 2, 182797265);
insert into transporta values (1, 'Entidade 90', 5, 159407204);
insert into transporta values (2, 'Entidade 28', 4, 861264012);
insert into transporta values (0, 'Entidade 19', 0, 371038074);
insert into transporta values (2, 'Entidade 12', 4, 461178770);
insert into transporta values (2, 'Entidade 25', 1, 152352671);
insert into transporta values (0, 'Entidade 56', 2, 177494987);
insert into transporta values (3, 'Entidade 9', 5, 886846897);
insert into transporta values (0, 'Entidade 39', 5, 64045777);
insert into transporta values (1, 'Entidade 41', 2, 349468865);
insert into transporta values (2, 'Entidade 81', 5, 84659690);
insert into transporta values (0, 'Entidade 52', 3, 820181547);
insert into transporta values (2, 'Entidade 86', 0, 419881885);
insert into transporta values (4, 'Entidade 23', 2, 906208738);
insert into transporta values (0, 'Entidade 30', 0, 457794972);
insert into transporta values (1, 'Entidade 56', 0, 296711180);
insert into transporta values (1, 'Entidade 8', 1, 901117987);
insert into transporta values (3, 'Entidade 27', 4, 850637821);
insert into transporta values (1, 'Entidade 78', 0, 465069272);
insert into transporta values (0, 'Entidade 84', 0, 461015190);
insert into transporta values (2, 'Entidade 31', 4, 765221033);
insert into transporta values (3, 'Entidade 57', 3, 886846897);
insert into transporta values (1, 'Entidade 70', 5, 979426028);
insert into transporta values (1, 'Entidade 30', 1, 482787423);
insert into transporta values (1, 'Entidade 51', 4, 660982227);
insert into transporta values (1, 'Entidade 26', 3, 182797265);
insert into transporta values (1, 'Entidade 24', 1, 689711176);
insert into transporta values (0, 'Entidade 76', 5, 296711180);
insert into transporta values (1, 'Entidade 28', 4, 296711180);
insert into transporta values (3, 'Entidade 29', 3, 886846897);
insert into transporta values (0, 'Entidade 94', 3, 419881885);
insert into transporta values (2, 'Entidade 16', 5, 122857963);
insert into transporta values (0, 'Entidade 97', 4, 230775524);
insert into transporta values (1, 'Entidade 89', 4, 38557935);
insert into transporta values (1, 'Entidade 27', 0, 624157109);
insert into transporta values (2, 'Entidade 32', 1, 259798414);
insert into transporta values (1, 'Entidade 1', 3, 413838975);
insert into transporta values (5, 'Entidade 83', 5, 296711180);
insert into transporta values (1, 'Entidade 37', 4, 987403429);
insert into transporta values (4, 'Entidade 17', 2, 26216926);
insert into transporta values (0, 'Entidade 3', 3, 457794972);
insert into transporta values (2, 'Entidade 83', 2, 274359401);
insert into transporta values (0, 'Entidade 81', 0, 502394972);
insert into transporta values (2, 'Entidade 18', 3, 513616668);
insert into transporta values (0, 'Entidade 42', 2, 770582654);
insert into transporta values (1, 'Entidade 76', 2, 482787423);
insert into transporta values (3, 'Entidade 62', 3, 316812182);
insert into transporta values (3, 'Entidade 24', 3, 850637821);
insert into transporta values (0, 'Entidade 9', 4, 26216926);
insert into transporta values (2, 'Entidade 55', 2, 457794972);
insert into transporta values (3, 'Entidade 81', 4, 302899359);
insert into transporta values (0, 'Entidade 72', 0, 389004778);
insert into transporta values (1, 'Entidade 87', 1, 38557935);
insert into transporta values (0, 'Entidade 32', 0, 465069272);
insert into transporta values (3, 'Entidade 2', 2, 27361207);
insert into transporta values (0, 'Entidade 14', 3, 733729893);
insert into transporta values (1, 'Entidade 72', 0, 850637821);
insert into transporta values (3, 'Entidade 55', 3, 421248681);
insert into transporta values (5, 'Entidade 31', 1, 89007017);
insert into transporta values (0, 'Entidade 48', 4, 660982227);
insert into transporta values (0, 'Entidade 61', 1, 803311017);
insert into transporta values (3, 'Entidade 52', 1, 284309971);
insert into transporta values (0, 'Entidade 64', 4, 689711176);
insert into transporta values (3, 'Entidade 51', 0, 733729893);
insert into transporta values (1, 'Entidade 9', 4, 182797265);
insert into transporta values (2, 'Entidade 90', 5, 979426028);
insert into transporta values (2, 'Entidade 98', 0, 389004778);
insert into transporta values (1, 'Entidade 43', 5, 230775524);
insert into transporta values (0, 'Entidade 0', 1, 804905202);
insert into transporta values (1, 'Entidade 7', 3, 513082340);
insert into transporta values (5, 'Entidade 8', 1, 413838975);
insert into transporta values (2, 'Entidade 2', 5, 401209290);
insert into transporta values (0, 'Entidade 95', 1, 266450539);
insert into transporta values (2, 'Entidade 67', 1, 892341759);
insert into transporta values (4, 'Entidade 26', 2, 559962854);
insert into transporta values (1, 'Entidade 57', 5, 765221033);
insert into transporta values (0, 'Entidade 21', 1, 58277155);
insert into transporta values (0, 'Entidade 35', 5, 892341759);
insert into transporta values (1, 'Entidade 25', 4, 374153403);


insert into alocado values (4, 'Entidade 20', 1, 987403429);
insert into alocado values (1, 'Entidade 46', 1, 271734461);
insert into alocado values (3, 'Entidade 31', 0, 906208738);
insert into alocado values (0, 'Entidade 86', 0, 670652816);
insert into alocado values (2, 'Entidade 55', 3, 84659690);
insert into alocado values (1, 'Entidade 6', 0, 58277155);
insert into alocado values (0, 'Entidade 64', 0, 280113807);
insert into alocado values (3, 'Entidade 8', 4, 963025837);
insert into alocado values (2, 'Entidade 46', 0, 886846897);
insert into alocado values (2, 'Entidade 57', 2, 457794972);
insert into alocado values (1, 'Entidade 48', 0, 377673448);
insert into alocado values (1, 'Entidade 39', 2, 316812182);
insert into alocado values (1, 'Entidade 72', 4, 389004778);
insert into alocado values (0, 'Entidade 49', 5, 389004778);
insert into alocado values (2, 'Entidade 81', 2, 746357106);
insert into alocado values (4, 'Entidade 62', 4, 779025369);
insert into alocado values (0, 'Entidade 63', 0, 38557935);
insert into alocado values (0, 'Entidade 89', 1, 19811187);
insert into alocado values (2, 'Entidade 43', 2, 316812182);
insert into alocado values (3, 'Entidade 88', 3, 350984202);
insert into alocado values (4, 'Entidade 69', 3, 296711180);
insert into alocado values (5, 'Entidade 17', 0, 502394972);
insert into alocado values (0, 'Entidade 51', 4, 353626311);
insert into alocado values (0, 'Entidade 20', 3, 38557935);
insert into alocado values (0, 'Entidade 55', 1, 413942758);
insert into alocado values (0, 'Entidade 79', 2, 41927532);
insert into alocado values (4, 'Entidade 2', 4, 778798685);
insert into alocado values (5, 'Entidade 6', 3, 765221033);
insert into alocado values (0, 'Entidade 81', 4, 307175361);
insert into alocado values (4, 'Entidade 8', 1, 820181547);
insert into alocado values (1, 'Entidade 83', 2, 778798685);
insert into alocado values (4, 'Entidade 32', 1, 22194776);
insert into alocado values (0, 'Entidade 6', 0, 706796658);
insert into alocado values (1, 'Entidade 81', 1, 789708149);
insert into alocado values (1, 'Entidade 12', 4, 770582654);
insert into alocado values (0, 'Entidade 27', 5, 778798685);
insert into alocado values (2, 'Entidade 82', 4, 469284570);
insert into alocado values (2, 'Entidade 51', 3, 159407204);
insert into alocado values (2, 'Entidade 15', 5, 58277155);
insert into alocado values (1, 'Entidade 69', 1, 502394972);
insert into alocado values (3, 'Entidade 33', 1, 461178770);
insert into alocado values (3, 'Entidade 23', 1, 230775524);
insert into alocado values (4, 'Entidade 6', 4, 307175361);
insert into alocado values (1, 'Entidade 82', 0, 177494987);
insert into alocado values (1, 'Entidade 38', 2, 979426028);
insert into alocado values (0, 'Entidade 41', 2, 903604920);
insert into alocado values (3, 'Entidade 78', 5, 513616668);
insert into alocado values (2, 'Entidade 33', 0, 886846897);
insert into alocado values (1, 'Entidade 63', 2, 177494987);
insert into alocado values (0, 'Entidade 1', 3, 110145881);
insert into alocado values (0, 'Entidade 78', 5, 294990737);
insert into alocado values (3, 'Entidade 67', 3, 746357106);
insert into alocado values (0, 'Entidade 93', 5, 421248681);
insert into alocado values (0, 'Entidade 26', 2, 587739663);
insert into alocado values (1, 'Entidade 18', 1, 903604920);
insert into alocado values (3, 'Entidade 20', 4, 861264012);
insert into alocado values (4, 'Entidade 86', 5, 589770145);
insert into alocado values (1, 'Entidade 32', 2, 369477723);
insert into alocado values (3, 'Entidade 63', 2, 421248681);
insert into alocado values (0, 'Entidade 3', 2, 80889385);
insert into alocado values (1, 'Entidade 16', 4, 803311017);
insert into alocado values (0, 'Entidade 54', 4, 901117987);
insert into alocado values (0, 'Entidade 48', 3, 374153403);
insert into alocado values (5, 'Entidade 63', 0, 461015190);
insert into alocado values (2, 'Entidade 9', 3, 409108388);
insert into alocado values (3, 'Entidade 6', 5, 779025369);
insert into alocado values (2, 'Entidade 26', 4, 302899359);
insert into alocado values (4, 'Entidade 71', 1, 349468865);
insert into alocado values (4, 'Entidade 9', 4, 526020914);
insert into alocado values (0, 'Entidade 23', 2, 963025837);
insert into alocado values (2, 'Entidade 48', 4, 513082340);
insert into alocado values (1, 'Entidade 62', 4, 502394972);
insert into alocado values (0, 'Entidade 66', 1, 350984202);
insert into alocado values (1, 'Entidade 26', 0, 778798685);
insert into alocado values (2, 'Entidade 86', 3, 906208738);
insert into alocado values (1, 'Entidade 17', 3, 159407204);
insert into alocado values (4, 'Entidade 78', 2, 901117987);
insert into alocado values (2, 'Entidade 30', 1, 159407204);
insert into alocado values (0, 'Entidade 57', 3, 374153403);
insert into alocado values (2, 'Entidade 66', 2, 274359401);
insert into alocado values (1, 'Entidade 85', 2, 353626311);
insert into alocado values (0, 'Entidade 70', 3, 689711176);
insert into alocado values (1, 'Entidade 77', 1, 850274780);
insert into alocado values (3, 'Entidade 71', 5, 371038074);
insert into alocado values (0, 'Entidade 44', 1, 27361207);
insert into alocado values (5, 'Entidade 9', 5, 22194776);
insert into alocado values (0, 'Entidade 0', 3, 963025837);
insert into alocado values (0, 'Entidade 74', 4, 861264012);
insert into alocado values (3, 'Entidade 12', 2, 461015190);
insert into alocado values (1, 'Entidade 98', 0, 349468865);
insert into alocado values (0, 'Entidade 12', 4, 706796658);
insert into alocado values (4, 'Entidade 33', 3, 266450539);
insert into alocado values (2, 'Entidade 87', 4, 173855898);
insert into alocado values (3, 'Entidade 24', 4, 778798685);
insert into alocado values (0, 'Entidade 5', 4, 16457165);
insert into alocado values (2, 'Entidade 72', 5, 820181547);
insert into alocado values (2, 'Entidade 88', 3, 64045777);
insert into alocado values (3, 'Entidade 86', 4, 413838975);
insert into alocado values (4, 'Entidade 81', 0, 689711176);
insert into alocado values (2, 'Entidade 23', 4, 850274780);


insert into acciona values (2, 'Entidade 89', 409108388);
insert into acciona values (2, 'Entidade 41', 850637821);
insert into acciona values (0, 'Entidade 17', 746357106);
insert into acciona values (3, 'Entidade 83', 966984772);
insert into acciona values (3, 'Entidade 32', 152352671);
insert into acciona values (3, 'Entidade 17', 513082340);
insert into acciona values (0, 'Entidade 36', 905713048);
insert into acciona values (0, 'Entidade 50', 850637821);
insert into acciona values (2, 'Entidade 15', 271734461);
insert into acciona values (0, 'Entidade 59', 524433716);
insert into acciona values (0, 'Entidade 2', 457794972);
insert into acciona values (2, 'Entidade 71', 16457165);
insert into acciona values (0, 'Entidade 31', 241562666);
insert into acciona values (3, 'Entidade 16', 963025837);
insert into acciona values (0, 'Entidade 1', 803311017);
insert into acciona values (3, 'Entidade 12', 266450539);
insert into acciona values (0, 'Entidade 62', 820181547);
insert into acciona values (5, 'Entidade 26', 461015190);
insert into acciona values (0, 'Entidade 96', 19811187);
insert into acciona values (0, 'Entidade 45', 587739663);
insert into acciona values (4, 'Entidade 63', 413942758);
insert into acciona values (0, 'Entidade 80', 182797265);
insert into acciona values (1, 'Entidade 90', 159407204);
insert into acciona values (2, 'Entidade 28', 861264012);
insert into acciona values (0, 'Entidade 19', 371038074);
insert into acciona values (2, 'Entidade 12', 461178770);
insert into acciona values (2, 'Entidade 25', 152352671);
insert into acciona values (0, 'Entidade 56', 177494987);
insert into acciona values (3, 'Entidade 9', 886846897);
insert into acciona values (0, 'Entidade 39', 64045777);
insert into acciona values (1, 'Entidade 41', 349468865);
insert into acciona values (2, 'Entidade 81', 84659690);
insert into acciona values (0, 'Entidade 52', 820181547);
insert into acciona values (2, 'Entidade 86', 419881885);
insert into acciona values (4, 'Entidade 23', 906208738);
insert into acciona values (0, 'Entidade 30', 457794972);
insert into acciona values (1, 'Entidade 56', 296711180);
insert into acciona values (1, 'Entidade 8', 901117987);
insert into acciona values (3, 'Entidade 27', 850637821);
insert into acciona values (1, 'Entidade 78', 465069272);
insert into acciona values (0, 'Entidade 84', 461015190);
insert into acciona values (2, 'Entidade 31', 765221033);
insert into acciona values (3, 'Entidade 57', 886846897);
insert into acciona values (1, 'Entidade 70', 979426028);
insert into acciona values (1, 'Entidade 30', 482787423);
insert into acciona values (1, 'Entidade 51', 660982227);
insert into acciona values (1, 'Entidade 26', 182797265);
insert into acciona values (1, 'Entidade 24', 689711176);
insert into acciona values (0, 'Entidade 76', 296711180);
insert into acciona values (1, 'Entidade 28', 296711180);
insert into acciona values (3, 'Entidade 29', 886846897);
insert into acciona values (0, 'Entidade 94', 419881885);
insert into acciona values (2, 'Entidade 16', 122857963);
insert into acciona values (0, 'Entidade 97', 230775524);
insert into acciona values (1, 'Entidade 89', 38557935);
insert into acciona values (1, 'Entidade 27', 624157109);
insert into acciona values (2, 'Entidade 32', 259798414);
insert into acciona values (1, 'Entidade 1', 413838975);
insert into acciona values (5, 'Entidade 83', 296711180);
insert into acciona values (1, 'Entidade 37', 987403429);
insert into acciona values (4, 'Entidade 17', 26216926);
insert into acciona values (0, 'Entidade 3', 457794972);
insert into acciona values (2, 'Entidade 83', 274359401);
insert into acciona values (0, 'Entidade 81', 502394972);
insert into acciona values (2, 'Entidade 18', 513616668);
insert into acciona values (0, 'Entidade 42', 770582654);
insert into acciona values (1, 'Entidade 76', 482787423);
insert into acciona values (3, 'Entidade 62', 316812182);
insert into acciona values (3, 'Entidade 24', 850637821);
insert into acciona values (0, 'Entidade 9', 26216926);
insert into acciona values (2, 'Entidade 55', 457794972);
insert into acciona values (3, 'Entidade 81', 302899359);
insert into acciona values (0, 'Entidade 72', 389004778);
insert into acciona values (1, 'Entidade 87', 38557935);
insert into acciona values (0, 'Entidade 32', 465069272);
insert into acciona values (3, 'Entidade 2', 27361207);
insert into acciona values (0, 'Entidade 14', 733729893);
insert into acciona values (1, 'Entidade 72', 850637821);
insert into acciona values (3, 'Entidade 55', 421248681);
insert into acciona values (5, 'Entidade 31', 89007017);
insert into acciona values (0, 'Entidade 48', 660982227);
insert into acciona values (0, 'Entidade 61', 803311017);
insert into acciona values (3, 'Entidade 52', 284309971);
insert into acciona values (0, 'Entidade 64', 689711176);
insert into acciona values (3, 'Entidade 51', 733729893);
insert into acciona values (1, 'Entidade 9', 182797265);
insert into acciona values (2, 'Entidade 90', 979426028);
insert into acciona values (2, 'Entidade 98', 389004778);
insert into acciona values (1, 'Entidade 43', 230775524);
insert into acciona values (0, 'Entidade 0', 804905202);
insert into acciona values (1, 'Entidade 7', 513082340);
insert into acciona values (5, 'Entidade 8', 413838975);
insert into acciona values (2, 'Entidade 2', 401209290);
insert into acciona values (0, 'Entidade 95', 266450539);
insert into acciona values (2, 'Entidade 67', 892341759);
insert into acciona values (4, 'Entidade 26', 559962854);
insert into acciona values (1, 'Entidade 57', 765221033);
insert into acciona values (0, 'Entidade 21', 58277155);
insert into acciona values (0, 'Entidade 35', 892341759);
insert into acciona values (1, 'Entidade 25', 374153403);
insert into acciona values (4, 'Entidade 20', 987403429);
insert into acciona values (1, 'Entidade 46', 271734461);
insert into acciona values (3, 'Entidade 31', 906208738);
insert into acciona values (0, 'Entidade 86', 670652816);
insert into acciona values (2, 'Entidade 55', 84659690);
insert into acciona values (1, 'Entidade 6', 58277155);
insert into acciona values (0, 'Entidade 64', 280113807);
insert into acciona values (3, 'Entidade 8', 963025837);
insert into acciona values (2, 'Entidade 46', 886846897);
insert into acciona values (2, 'Entidade 57', 457794972);
insert into acciona values (1, 'Entidade 48', 377673448);
insert into acciona values (1, 'Entidade 39', 316812182);
insert into acciona values (1, 'Entidade 72', 389004778);
insert into acciona values (0, 'Entidade 49', 389004778);
insert into acciona values (2, 'Entidade 81', 746357106);
insert into acciona values (4, 'Entidade 62', 779025369);
insert into acciona values (0, 'Entidade 63', 38557935);
insert into acciona values (0, 'Entidade 89', 19811187);
insert into acciona values (2, 'Entidade 43', 316812182);
insert into acciona values (3, 'Entidade 88', 350984202);
insert into acciona values (4, 'Entidade 69', 296711180);
insert into acciona values (5, 'Entidade 17', 502394972);
insert into acciona values (0, 'Entidade 51', 353626311);
insert into acciona values (0, 'Entidade 20', 38557935);
insert into acciona values (0, 'Entidade 55', 413942758);
insert into acciona values (0, 'Entidade 79', 41927532);
insert into acciona values (4, 'Entidade 2', 778798685);
insert into acciona values (5, 'Entidade 6', 765221033);
insert into acciona values (0, 'Entidade 81', 307175361);
insert into acciona values (4, 'Entidade 8', 820181547);
insert into acciona values (1, 'Entidade 83', 778798685);
insert into acciona values (4, 'Entidade 32', 22194776);
insert into acciona values (0, 'Entidade 6', 706796658);
insert into acciona values (1, 'Entidade 81', 789708149);
insert into acciona values (1, 'Entidade 12', 770582654);
insert into acciona values (0, 'Entidade 27', 778798685);
insert into acciona values (2, 'Entidade 82', 469284570);
insert into acciona values (2, 'Entidade 51', 159407204);
insert into acciona values (2, 'Entidade 15', 58277155);
insert into acciona values (1, 'Entidade 69', 502394972);
insert into acciona values (3, 'Entidade 33', 461178770);
insert into acciona values (3, 'Entidade 23', 230775524);
insert into acciona values (4, 'Entidade 6', 307175361);
insert into acciona values (1, 'Entidade 82', 177494987);
insert into acciona values (1, 'Entidade 38', 979426028);
insert into acciona values (0, 'Entidade 41', 903604920);
insert into acciona values (3, 'Entidade 78', 513616668);
insert into acciona values (2, 'Entidade 33', 886846897);
insert into acciona values (1, 'Entidade 63', 177494987);
insert into acciona values (0, 'Entidade 1', 110145881);
insert into acciona values (0, 'Entidade 78', 294990737);
insert into acciona values (3, 'Entidade 67', 746357106);
insert into acciona values (0, 'Entidade 93', 421248681);
insert into acciona values (0, 'Entidade 26', 587739663);
insert into acciona values (1, 'Entidade 18', 903604920);
insert into acciona values (3, 'Entidade 20', 861264012);
insert into acciona values (4, 'Entidade 86', 589770145);
insert into acciona values (1, 'Entidade 32', 369477723);
insert into acciona values (3, 'Entidade 63', 421248681);
insert into acciona values (0, 'Entidade 3', 80889385);
insert into acciona values (1, 'Entidade 16', 803311017);
insert into acciona values (0, 'Entidade 54', 901117987);
insert into acciona values (0, 'Entidade 48', 374153403);
insert into acciona values (5, 'Entidade 63', 461015190);
insert into acciona values (2, 'Entidade 9', 409108388);
insert into acciona values (3, 'Entidade 6', 779025369);
insert into acciona values (2, 'Entidade 26', 302899359);
insert into acciona values (4, 'Entidade 71', 349468865);
insert into acciona values (4, 'Entidade 9', 526020914);
insert into acciona values (0, 'Entidade 23', 963025837);
insert into acciona values (2, 'Entidade 48', 513082340);
insert into acciona values (1, 'Entidade 62', 502394972);
insert into acciona values (0, 'Entidade 66', 350984202);
insert into acciona values (1, 'Entidade 26', 778798685);
insert into acciona values (2, 'Entidade 86', 906208738);
insert into acciona values (1, 'Entidade 17', 159407204);
insert into acciona values (4, 'Entidade 78', 901117987);
insert into acciona values (2, 'Entidade 30', 159407204);
insert into acciona values (0, 'Entidade 57', 374153403);
insert into acciona values (2, 'Entidade 66', 274359401);
insert into acciona values (1, 'Entidade 85', 353626311);
insert into acciona values (0, 'Entidade 70', 689711176);
insert into acciona values (1, 'Entidade 77', 850274780);
insert into acciona values (3, 'Entidade 71', 371038074);
insert into acciona values (0, 'Entidade 44', 27361207);
insert into acciona values (5, 'Entidade 9', 22194776);
insert into acciona values (0, 'Entidade 0', 963025837);
insert into acciona values (0, 'Entidade 74', 861264012);
insert into acciona values (3, 'Entidade 12', 461015190);
insert into acciona values (1, 'Entidade 98', 349468865);
insert into acciona values (0, 'Entidade 12', 706796658);
insert into acciona values (4, 'Entidade 33', 266450539);
insert into acciona values (2, 'Entidade 87', 173855898);
insert into acciona values (3, 'Entidade 24', 778798685);
insert into acciona values (0, 'Entidade 5', 16457165);
insert into acciona values (2, 'Entidade 72', 820181547);
insert into acciona values (2, 'Entidade 88', 64045777);
insert into acciona values (3, 'Entidade 86', 413838975);
insert into acciona values (4, 'Entidade 81', 689711176);
insert into acciona values (2, 'Entidade 23', 850274780);
insert into acciona values (3, 'Entidade 32', 966984772);
insert into acciona values (1, 'Entidade 96', 230775524);
insert into acciona values (1, 'Entidade 86', 905713048);
insert into acciona values (3, 'Entidade 2', 465069272);
insert into acciona values (5, 'Entidade 69', 789708149);
insert into acciona values (3, 'Entidade 62', 746357106);
insert into acciona values (2, 'Entidade 20', 457794972);
insert into acciona values (1, 'Entidade 83', 706796658);
insert into acciona values (3, 'Entidade 75', 892341759);
insert into acciona values (0, 'Entidade 77', 751676697);
insert into acciona values (0, 'Entidade 42', 901117987);
insert into acciona values (0, 'Entidade 8', 589770145);
insert into acciona values (0, 'Entidade 17', 906208738);
insert into acciona values (4, 'Entidade 51', 284309971);
insert into acciona values (1, 'Entidade 61', 58277155);
insert into acciona values (0, 'Entidade 44', 377673448);
insert into acciona values (3, 'Entidade 46', 173855898);
insert into acciona values (0, 'Entidade 37', 230775524);
insert into acciona values (3, 'Entidade 28', 670652816);
insert into acciona values (2, 'Entidade 98', 173855898);
insert into acciona values (1, 'Entidade 56', 26216926);
insert into acciona values (2, 'Entidade 26', 624157109);
insert into acciona values (1, 'Entidade 70', 122857963);
insert into acciona values (0, 'Entidade 43', 624823249);
insert into acciona values (1, 'Entidade 36', 818879162);
insert into acciona values (4, 'Entidade 81', 294990737);
insert into acciona values (4, 'Entidade 28', 80889385);
insert into acciona values (0, 'Entidade 24', 294990737);
insert into acciona values (0, 'Entidade 76', 41927532);
insert into acciona values (5, 'Entidade 81', 733729893);
insert into acciona values (3, 'Entidade 69', 284309971);
insert into acciona values (2, 'Entidade 64', 241368405);
insert into acciona values (1, 'Entidade 55', 302899359);
insert into acciona values (2, 'Entidade 62', 587739663);
insert into acciona values (1, 'Entidade 71', 173855898);
insert into acciona values (1, 'Entidade 33', 84659690);
insert into acciona values (0, 'Entidade 66', 374153403);
insert into acciona values (1, 'Entidade 31', 259798414);
insert into acciona values (3, 'Entidade 8', 284309971);
insert into acciona values (0, 'Entidade 46', 751676697);
insert into acciona values (4, 'Entidade 72', 241562666);
insert into acciona values (3, 'Entidade 51', 320648405);
insert into acciona values (0, 'Entidade 15', 886846897);
insert into acciona values (0, 'Entidade 5', 350984202);
insert into acciona values (2, 'Entidade 24', 524433716);
insert into acciona values (2, 'Entidade 8', 850274780);
insert into acciona values (0, 'Entidade 0', 351890418);
insert into acciona values (0, 'Entidade 87', 987403429);
insert into acciona values (1, 'Entidade 35', 353626311);
insert into acciona values (0, 'Entidade 28', 266450539);
insert into acciona values (2, 'Entidade 63', 461015190);
insert into acciona values (2, 'Entidade 90', 369477723);
insert into acciona values (1, 'Entidade 84', 350984202);
insert into acciona values (0, 'Entidade 82', 733729893);
insert into acciona values (2, 'Entidade 29', 371038074);
insert into acciona values (3, 'Entidade 16', 979426028);
insert into acciona values (0, 'Entidade 32', 624157109);
insert into acciona values (0, 'Entidade 31', 469284570);
insert into acciona values (0, 'Entidade 98', 624157109);
insert into acciona values (1, 'Entidade 52', 461178770);
insert into acciona values (0, 'Entidade 86', 903604920);
insert into acciona values (0, 'Entidade 48', 296711180);
insert into acciona values (5, 'Entidade 88', 421248681);
insert into acciona values (1, 'Entidade 16', 901117987);
insert into acciona values (4, 'Entidade 88', 746357106);
insert into acciona values (2, 'Entidade 78', 820181547);
insert into acciona values (0, 'Entidade 99', 733729893);
insert into acciona values (2, 'Entidade 27', 465069272);
insert into acciona values (1, 'Entidade 79', 241368405);
insert into acciona values (1, 'Entidade 20', 377673448);
insert into acciona values (1, 'Entidade 87', 905713048);
insert into acciona values (2, 'Entidade 48', 110145881);
insert into acciona values (0, 'Entidade 71', 177494987);
insert into acciona values (1, 'Entidade 15', 778798685);
insert into acciona values (2, 'Entidade 6', 465785468);
insert into acciona values (0, 'Entidade 7', 26216926);
insert into acciona values (2, 'Entidade 38', 607904856);
insert into acciona values (1, 'Entidade 37', 513082340);
insert into acciona values (0, 'Entidade 25', 419881885);
insert into acciona values (5, 'Entidade 63', 16457165);
insert into acciona values (2, 'Entidade 79', 110145881);
insert into acciona values (0, 'Entidade 83', 241562666);
insert into acciona values (2, 'Entidade 66', 861264012);
insert into acciona values (1, 'Entidade 64', 963025837);
insert into acciona values (0, 'Entidade 69', 280113807);
insert into acciona values (0, 'Entidade 10', 779025369);
insert into acciona values (0, 'Entidade 65', 587739663);
insert into acciona values (0, 'Entidade 18', 307175361);
insert into acciona values (0, 'Entidade 38', 259798414);
insert into acciona values (4, 'Entidade 52', 751676697);
insert into acciona values (1, 'Entidade 29', 861264012);
insert into acciona values (1, 'Entidade 88', 966984772);
insert into acciona values (3, 'Entidade 72', 296711180);
insert into acciona values (1, 'Entidade 39', 979426028);
insert into acciona values (3, 'Entidade 26', 274359401);
insert into acciona values (0, 'Entidade 11', 307175361);
insert into acciona values (5, 'Entidade 9', 413838975);
insert into acciona values (0, 'Entidade 67', 706796658);
insert into acciona values (3, 'Entidade 18', 38557935);
insert into acciona values (5, 'Entidade 51', 296711180);


insert into coordenador values (0);
insert into coordenador values (1);
insert into coordenador values (2);
insert into coordenador values (3);
insert into coordenador values (4);
insert into coordenador values (5);
insert into coordenador values (6);
insert into coordenador values (7);
insert into coordenador values (8);
insert into coordenador values (9);
insert into coordenador values (10);
insert into coordenador values (11);
insert into coordenador values (12);
insert into coordenador values (13);
insert into coordenador values (14);
insert into coordenador values (15);
insert into coordenador values (16);
insert into coordenador values (17);
insert into coordenador values (18);
insert into coordenador values (19);
insert into coordenador values (20);
insert into coordenador values (21);
insert into coordenador values (22);
insert into coordenador values (23);
insert into coordenador values (24);
insert into coordenador values (25);
insert into coordenador values (26);
insert into coordenador values (27);
insert into coordenador values (28);
insert into coordenador values (29);
insert into coordenador values (30);
insert into coordenador values (31);
insert into coordenador values (32);
insert into coordenador values (33);
insert into coordenador values (34);
insert into coordenador values (35);
insert into coordenador values (36);
insert into coordenador values (37);
insert into coordenador values (38);
insert into coordenador values (39);
insert into coordenador values (40);
insert into coordenador values (41);
insert into coordenador values (42);
insert into coordenador values (43);
insert into coordenador values (44);
insert into coordenador values (45);
insert into coordenador values (46);
insert into coordenador values (47);
insert into coordenador values (48);
insert into coordenador values (49);
insert into coordenador values (50);
insert into coordenador values (51);
insert into coordenador values (52);
insert into coordenador values (53);
insert into coordenador values (54);
insert into coordenador values (55);
insert into coordenador values (56);
insert into coordenador values (57);
insert into coordenador values (58);
insert into coordenador values (59);
insert into coordenador values (60);
insert into coordenador values (61);
insert into coordenador values (62);
insert into coordenador values (63);
insert into coordenador values (64);
insert into coordenador values (65);
insert into coordenador values (66);
insert into coordenador values (67);
insert into coordenador values (68);
insert into coordenador values (69);
insert into coordenador values (70);
insert into coordenador values (71);
insert into coordenador values (72);
insert into coordenador values (73);
insert into coordenador values (74);
insert into coordenador values (75);
insert into coordenador values (76);
insert into coordenador values (77);
insert into coordenador values (78);
insert into coordenador values (79);
insert into coordenador values (80);
insert into coordenador values (81);
insert into coordenador values (82);
insert into coordenador values (83);
insert into coordenador values (84);
insert into coordenador values (85);
insert into coordenador values (86);
insert into coordenador values (87);
insert into coordenador values (88);
insert into coordenador values (89);
insert into coordenador values (90);
insert into coordenador values (91);
insert into coordenador values (92);
insert into coordenador values (93);
insert into coordenador values (94);
insert into coordenador values (95);
insert into coordenador values (96);
insert into coordenador values (97);
insert into coordenador values (98);
insert into coordenador values (99);


insert into audita values (32, '2', 'Entidade 64', 241368405, '2018-06-10 23:46:18', '2018-06-10 18:54:53', '2019-06-11 14:30:36', 'ADSDSATEXTO');
insert into audita values (45, '0', 'Entidade 74', 861264012, '2018-07-23 05:06:36', '2018-07-26 11:50:14', '2019-04-02 08:50:55', 'ADSDSATEXTO');
insert into audita values (27, '1', 'Entidade 61', 58277155, '2018-08-22 04:14:51', '2018-08-22 10:29:32', '2019-03-05 09:13:57', 'ADSDSATEXTO');
insert into audita values (7, '1', 'Entidade 81', 789708149, '2018-07-18 11:26:49', '2018-07-23 04:44:47', '2019-01-15 14:02:02', 'ADSDSATEXTO');
insert into audita values (15, '2', 'Entidade 82', 469284570, '2018-11-20 16:31:01', '2018-11-22 20:21:38', '2019-03-14 23:06:18', 'ADSDSATEXTO');
insert into audita values (97, '0', 'Entidade 2', 457794972, '2018-11-25 22:15:31', '2018-11-29 19:43:19', '2019-03-09 06:27:49', 'ADSDSATEXTO');
insert into audita values (8, '0', 'Entidade 59', 524433716, '2018-10-30 18:31:22', '2018-11-01 14:31:24', '2019-03-26 14:51:59', 'ADSDSATEXTO');
insert into audita values (42, '0', 'Entidade 38', 259798414, '2018-10-19 12:57:26', '2018-10-20 18:10:15', '2019-06-04 02:13:28', 'ADSDSATEXTO');
insert into audita values (9, '1', 'Entidade 63', 177494987, '2018-07-04 08:47:28', '2018-07-05 09:50:22', '2019-08-20 09:34:35', 'ADSDSATEXTO');
insert into audita values (33, '2', 'Entidade 27', 465069272, '2018-10-12 05:19:36', '2018-10-14 11:11:19', '2019-06-17 14:42:39', 'ADSDSATEXTO');
insert into audita values (1, '2', 'Entidade 20', 457794972, '2018-11-26 06:31:28', '2018-11-28 06:42:45', '2019-07-03 16:02:48', 'ADSDSATEXTO');
insert into audita values (68, '5', 'Entidade 17', 502394972, '2018-09-25 03:19:56', '2018-09-27 11:05:38', '2019-03-19 09:50:46', 'ADSDSATEXTO');
insert into audita values (66, '4', 'Entidade 8', 820181547, '2018-09-21 23:57:16', '2018-09-24 17:55:40', '2019-05-11 18:03:58', 'ADSDSATEXTO');
insert into audita values (18, '4', 'Entidade 69', 296711180, '2018-07-21 22:57:29', '2018-07-24 18:49:24', '2019-06-27 17:55:47', 'ADSDSATEXTO');
insert into audita values (16, '3', 'Entidade 8', 963025837, '2018-11-29 15:50:50', '2018-12-03 03:21:49', '2019-07-28 10:02:41', 'ADSDSATEXTO');
insert into audita values (56, '0', 'Entidade 64', 689711176, '2018-11-28 01:47:02', '2018-12-02 17:54:58', '2019-10-25 23:31:42', 'ADSDSATEXTO');
insert into audita values (34, '0', 'Entidade 32', 465069272, '2018-11-11 12:11:58', '2018-11-15 13:25:58', '2019-08-25 17:08:41', 'ADSDSATEXTO');
insert into audita values (83, '2', 'Entidade 51', 159407204, '2018-06-21 14:42:11', '2018-06-23 21:45:51', '2019-01-22 22:17:15', 'ADSDSATEXTO');
insert into audita values (14, '3', 'Entidade 52', 284309971, '2018-10-18 16:05:57', '2018-10-21 15:18:41', '2019-02-05 23:13:55', 'ADSDSATEXTO');
insert into audita values (86, '3', 'Entidade 83', 966984772, '2018-06-07 14:34:47', '2018-06-07 09:50:29', '2019-08-12 18:36:09', 'ADSDSATEXTO');
insert into audita values (10, '1', 'Entidade 24', 689711176, '2018-08-18 18:40:28', '2018-08-21 15:54:44', '2019-02-21 18:54:08', 'ADSDSATEXTO');
insert into audita values (0, '0', 'Entidade 39', 64045777, '2018-08-14 13:42:12', '2018-08-17 06:35:29', '2019-06-02 18:27:52', 'ADSDSATEXTO');
insert into audita values (22, '0', 'Entidade 50', 850637821, '2018-05-21 15:30:22', '2018-05-23 14:22:06', '2019-06-14 10:11:17', 'ADSDSATEXTO');
insert into audita values (71, '3', 'Entidade 57', 886846897, '2018-03-09 09:52:38', '2018-03-09 07:23:06', '2019-07-04 09:25:39', 'ADSDSATEXTO');
insert into audita values (28, '3', 'Entidade 33', 461178770, '2018-10-11 06:51:24', '2018-10-12 18:08:17', '2019-11-03 18:22:56', 'ADSDSATEXTO');
insert into audita values (17, '3', 'Entidade 32', 152352671, '2018-10-25 18:39:13', '2018-10-28 03:15:18', '2019-05-01 17:26:42', 'ADSDSATEXTO');
insert into audita values (39, '0', 'Entidade 42', 901117987, '2018-11-26 11:43:53', '2018-11-28 01:23:17', '2019-04-09 12:16:19', 'ADSDSATEXTO');
insert into audita values (63, '2', 'Entidade 98', 389004778, '2018-09-21 18:31:29', '2018-09-25 12:16:51', '2019-09-04 15:41:41', 'ADSDSATEXTO');
insert into audita values (84, '1', 'Entidade 25', 374153403, '2018-09-29 03:29:14', '2018-10-02 05:05:39', '2019-01-10 18:50:44', 'ADSDSATEXTO');
insert into audita values (28, '0', 'Entidade 95', 266450539, '2018-10-01 18:15:30', '2018-10-03 21:47:45', '2019-05-19 15:14:35', 'ADSDSATEXTO');
insert into audita values (62, '0', 'Entidade 97', 230775524, '2018-07-06 12:57:12', '2018-07-10 09:38:38', '2019-02-24 03:36:26', 'ADSDSATEXTO');
insert into audita values (92, '4', 'Entidade 72', 241562666, '2018-11-25 08:08:08', '2018-11-27 16:02:32', '2019-05-24 05:44:46', 'ADSDSATEXTO');
insert into audita values (2, '1', 'Entidade 7', 513082340, '2018-10-04 09:46:12', '2018-10-07 08:09:49', '2019-04-07 21:47:49', 'ADSDSATEXTO');
insert into audita values (90, '1', 'Entidade 29', 861264012, '2018-09-28 06:07:28', '2018-09-30 03:14:43', '2019-01-03 08:05:05', 'ADSDSATEXTO');
insert into audita values (73, '2', 'Entidade 9', 409108388, '2018-08-16 10:12:36', '2018-08-18 06:49:35', '2019-11-22 19:11:41', 'ADSDSATEXTO');
insert into audita values (72, '2', 'Entidade 81', 746357106, '2018-10-22 01:22:19', '2018-10-25 09:58:12', '2019-09-28 07:24:15', 'ADSDSATEXTO');
insert into audita values (6, '1', 'Entidade 46', 271734461, '2018-10-31 18:55:06', '2018-11-02 07:52:48', '2019-01-11 23:55:01', 'ADSDSATEXTO');
insert into audita values (26, '0', 'Entidade 59', 524433716, '2018-09-07 22:16:32', '2018-09-09 06:26:58', '2019-04-02 17:44:36', 'ADSDSATEXTO');
insert into audita values (6, '0', 'Entidade 70', 689711176, '2018-07-23 16:46:26', '2018-07-27 04:13:01', '2019-05-18 22:34:51', 'ADSDSATEXTO');
insert into audita values (61, '4', 'Entidade 20', 987403429, '2018-11-29 19:32:28', '2018-12-03 01:55:03', '2019-06-21 14:32:02', 'ADSDSATEXTO');
insert into audita values (84, '1', 'Entidade 72', 389004778, '2018-09-12 21:58:36', '2018-09-14 06:12:16', '2019-04-03 15:01:54', 'ADSDSATEXTO');
insert into audita values (10, '2', 'Entidade 78', 820181547, '2018-08-20 01:34:32', '2018-08-21 21:12:29', '2019-04-19 21:21:45', 'ADSDSATEXTO');
insert into audita values (79, '1', 'Entidade 56', 296711180, '2018-11-09 14:05:25', '2018-11-11 01:55:13', '2019-02-05 16:43:21', 'ADSDSATEXTO');
insert into audita values (11, '4', 'Entidade 6', 307175361, '2018-10-03 23:56:29', '2018-10-04 21:36:57', '2019-02-10 01:09:30', 'ADSDSATEXTO');
insert into audita values (14, '4', 'Entidade 51', 284309971, '2018-10-04 14:17:28', '2018-10-09 12:57:09', '2019-04-25 10:01:51', 'ADSDSATEXTO');
insert into audita values (98, '0', 'Entidade 86', 670652816, '2018-08-13 11:16:12', '2018-08-16 06:20:17', '2019-05-27 23:58:08', 'ADSDSATEXTO');
insert into audita values (75, '1', 'Entidade 77', 850274780, '2018-11-28 13:19:09', '2018-11-29 04:36:29', '2019-04-20 12:02:13', 'ADSDSATEXTO');
insert into audita values (42, '1', 'Entidade 15', 778798685, '2018-10-30 13:54:59', '2018-11-03 06:39:22', '2019-06-06 10:56:13', 'ADSDSATEXTO');
insert into audita values (89, '3', 'Entidade 12', 266450539, '2018-09-15 23:38:38', '2018-09-19 12:52:39', '2019-07-12 18:52:01', 'ADSDSATEXTO');
insert into audita values (80, '3', 'Entidade 57', 886846897, '2018-03-27 04:58:13', '2018-03-29 21:57:34', '2019-11-07 06:52:38', 'ADSDSATEXTO');
insert into audita values (90, '1', 'Entidade 84', 350984202, '2018-06-25 20:54:45', '2018-06-26 17:01:32', '2019-04-27 15:11:28', 'ADSDSATEXTO');
insert into audita values (58, '0', 'Entidade 0', 804905202, '2018-06-07 18:17:38', '2018-06-10 10:55:05', '2019-06-04 13:42:57', 'ADSDSATEXTO');
insert into audita values (1, '2', 'Entidade 72', 820181547, '2018-11-01 22:07:34', '2018-11-05 09:45:11', '2019-06-10 08:37:51', 'ADSDSATEXTO');
insert into audita values (63, '3', 'Entidade 32', 152352671, '2018-09-30 06:59:44', '2018-10-04 16:29:24', '2019-02-14 18:11:34', 'ADSDSATEXTO');
insert into audita values (56, '0', 'Entidade 15', 886846897, '2018-10-26 06:13:44', '2018-10-26 11:42:18', '2019-10-27 18:18:55', 'ADSDSATEXTO');
insert into audita values (81, '0', 'Entidade 27', 778798685, '2018-11-03 22:20:49', '2018-11-03 07:21:48', '2019-01-01 21:58:46', 'ADSDSATEXTO');
insert into audita values (29, '3', 'Entidade 27', 850637821, '2018-07-24 12:53:24', '2018-07-29 10:36:03', '2019-07-23 19:52:23', 'ADSDSATEXTO');
insert into audita values (24, '2', 'Entidade 46', 886846897, '2018-07-27 03:19:06', '2018-07-30 21:30:29', '2019-11-04 01:59:08', 'ADSDSATEXTO');
insert into audita values (12, '5', 'Entidade 81', 733729893, '2018-07-20 05:02:47', '2018-07-20 12:31:19', '2019-11-24 06:01:34', 'ADSDSATEXTO');
insert into audita values (66, '3', 'Entidade 51', 733729893, '2018-11-28 12:43:13', '2018-11-28 17:18:48', '2019-03-12 20:21:51', 'ADSDSATEXTO');
insert into audita values (2, '2', 'Entidade 28', 861264012, '2018-07-02 22:59:05', '2018-07-04 09:28:21', '2019-06-23 07:09:58', 'ADSDSATEXTO');
insert into audita values (77, '0', 'Entidade 3', 80889385, '2018-11-16 07:59:02', '2018-11-20 17:45:58', '2019-09-21 08:50:59', 'ADSDSATEXTO');
insert into audita values (66, '1', 'Entidade 26', 778798685, '2018-11-01 22:47:37', '2018-11-04 21:01:44', '2019-02-07 06:28:52', 'ADSDSATEXTO');
insert into audita values (66, '0', 'Entidade 45', 587739663, '2018-11-29 14:10:35', '2018-11-30 16:32:54', '2019-08-30 19:37:17', 'ADSDSATEXTO');
insert into audita values (47, '5', 'Entidade 69', 789708149, '2018-07-13 10:25:16', '2018-07-16 08:37:39', '2019-11-28 21:58:51', 'ADSDSATEXTO');
insert into audita values (35, '0', 'Entidade 63', 38557935, '2018-09-13 18:33:25', '2018-09-18 17:46:15', '2019-08-27 18:12:08', 'ADSDSATEXTO');
insert into audita values (78, '0', 'Entidade 12', 706796658, '2018-11-02 03:09:54', '2018-11-06 20:06:57', '2019-03-14 12:39:30', 'ADSDSATEXTO');
insert into audita values (91, '5', 'Entidade 8', 413838975, '2018-08-18 03:29:17', '2018-08-21 08:44:39', '2019-09-26 18:02:10', 'ADSDSATEXTO');
insert into audita values (73, '3', 'Entidade 16', 979426028, '2018-09-20 08:10:35', '2018-09-22 01:11:57', '2019-01-12 15:15:15', 'ADSDSATEXTO');
insert into audita values (64, '2', 'Entidade 87', 173855898, '2018-11-05 09:01:08', '2018-11-07 13:09:08', '2019-07-21 10:52:19', 'ADSDSATEXTO');
insert into audita values (25, '1', 'Entidade 55', 302899359, '2018-11-28 06:44:52', '2018-11-28 15:35:09', '2019-01-19 07:35:19', 'ADSDSATEXTO');
insert into audita values (8, '2', 'Entidade 32', 259798414, '2018-08-25 21:26:01', '2018-08-28 01:54:27', '2019-04-18 10:29:54', 'ADSDSATEXTO');
insert into audita values (76, '3', 'Entidade 57', 886846897, '2018-11-09 14:06:58', '2018-11-12 23:22:54', '2019-06-01 17:25:56', 'ADSDSATEXTO');
insert into audita values (69, '2', 'Entidade 25', 152352671, '2018-10-31 19:02:12', '2018-11-05 09:55:16', '2019-07-05 02:36:37', 'ADSDSATEXTO');
insert into audita values (59, '0', 'Entidade 25', 419881885, '2018-11-15 15:52:50', '2018-11-18 11:57:02', '2019-10-08 18:28:44', 'ADSDSATEXTO');
insert into audita values (69, '2', 'Entidade 9', 409108388, '2018-02-10 03:52:29', '2018-02-14 19:29:01', '2019-08-09 15:38:23', 'ADSDSATEXTO');
insert into audita values (42, '1', 'Entidade 86', 905713048, '2018-06-21 04:46:47', '2018-06-24 06:34:41', '2019-02-06 15:54:42', 'ADSDSATEXTO');
insert into audita values (74, '3', 'Entidade 32', 152352671, '2018-09-17 02:37:42', '2018-09-20 04:37:58', '2019-01-02 23:42:28', 'ADSDSATEXTO');
insert into audita values (20, '0', 'Entidade 71', 177494987, '2018-04-13 01:09:01', '2018-04-15 23:55:37', '2019-01-25 15:40:55', 'ADSDSATEXTO');
insert into audita values (36, '2', 'Entidade 43', 316812182, '2018-07-15 01:02:10', '2018-07-17 22:22:56', '2019-03-11 09:44:34', 'ADSDSATEXTO');
insert into audita values (71, '3', 'Entidade 62', 746357106, '2018-04-16 11:11:21', '2018-04-18 03:26:33', '2019-05-27 14:24:57', 'ADSDSATEXTO');
insert into audita values (93, '0', 'Entidade 35', 892341759, '2018-10-28 21:29:39', '2018-11-01 23:15:29', '2019-05-31 20:49:19', 'ADSDSATEXTO');
insert into audita values (56, '1', 'Entidade 35', 353626311, '2018-10-01 11:05:06', '2018-10-02 07:53:03', '2019-05-23 05:44:14', 'ADSDSATEXTO');
insert into audita values (61, '2', 'Entidade 55', 84659690, '2018-08-26 23:48:12', '2018-08-27 09:24:33', '2019-10-23 06:52:01', 'ADSDSATEXTO');
insert into audita values (54, '3', 'Entidade 81', 302899359, '2018-08-27 04:05:53', '2018-09-01 02:31:24', '2019-03-22 14:04:29', 'ADSDSATEXTO');
insert into audita values (8, '0', 'Entidade 56', 177494987, '2018-04-10 12:28:17', '2018-04-15 12:31:39', '2019-09-27 11:13:42', 'ADSDSATEXTO');
insert into audita values (38, '3', 'Entidade 86', 413838975, '2018-08-01 08:59:01', '2018-08-02 10:22:08', '2019-11-18 12:28:02', 'ADSDSATEXTO');
insert into audita values (75, '1', 'Entidade 79', 241368405, '2018-09-22 04:13:38', '2018-09-23 02:01:02', '2019-01-15 21:32:29', 'ADSDSATEXTO');
insert into audita values (20, '3', 'Entidade 24', 778798685, '2018-11-21 09:23:31', '2018-11-21 23:06:16', '2019-05-23 05:22:22', 'ADSDSATEXTO');
insert into audita values (53, '1', 'Entidade 15', 778798685, '2018-11-10 12:01:02', '2018-11-14 10:42:22', '2019-03-02 19:57:57', 'ADSDSATEXTO');
insert into audita values (79, '5', 'Entidade 63', 16457165, '2018-11-24 21:11:02', '2018-11-24 02:26:54', '2019-09-21 06:24:49', 'ADSDSATEXTO');
insert into audita values (29, '5', 'Entidade 81', 733729893, '2018-06-17 22:42:26', '2018-06-19 20:48:08', '2019-10-28 08:57:01', 'ADSDSATEXTO');
insert into audita values (58, '2', 'Entidade 23', 850274780, '2018-11-22 15:49:08', '2018-11-22 11:58:16', '2019-04-04 03:09:21', 'ADSDSATEXTO');
insert into audita values (29, '2', 'Entidade 79', 110145881, '2018-09-28 11:08:24', '2018-09-28 08:26:05', '2019-03-29 23:52:04', 'ADSDSATEXTO');
insert into audita values (78, '3', 'Entidade 28', 670652816, '2018-08-19 18:48:45', '2018-08-19 19:44:05', '2019-11-03 07:03:44', 'ADSDSATEXTO');
insert into audita values (58, '3', 'Entidade 71', 371038074, '2018-10-22 08:21:39', '2018-10-26 09:29:18', '2019-07-24 03:45:57', 'ADSDSATEXTO');
insert into audita values (62, '1', 'Entidade 84', 350984202, '2018-09-14 14:42:51', '2018-09-16 14:23:09', '2019-09-01 22:32:57', 'ADSDSATEXTO');
insert into audita values (43, '1', 'Entidade 33', 84659690, '2018-06-22 04:07:19', '2018-06-22 21:45:03', '2019-02-26 18:47:33', 'ADSDSATEXTO');
insert into audita values (33, '0', 'Entidade 44', 27361207, '2018-10-07 22:32:44', '2018-10-09 11:51:01', '2019-09-28 18:02:18', 'ADSDSATEXTO');
insert into audita values (41, '3', 'Entidade 88', 350984202, '2018-04-22 09:11:40', '2018-04-26 07:25:54', '2019-01-10 22:54:38', 'ADSDSATEXTO');


insert into solicita values (17, '2018-02-01 07:42:28', 51, '2018-02-01 07:25:08', '2018-02-01 09:42:45');
insert into solicita values (51, '2018-07-08 23:23:49', 14, '2018-07-09 04:07:40', '2018-07-09 04:13:11');
insert into solicita values (19, '2018-04-04 03:47:26', 9, '2018-04-04 03:03:37', '2018-04-04 03:06:11');
insert into solicita values (19, '2018-10-03 14:30:07', 46, '2018-10-03 17:43:45', '2018-10-03 21:12:27');
insert into solicita values (50, '2018-02-14 15:54:53', 32, '2018-02-14 18:36:03', '2018-02-14 18:04:05');
insert into solicita values (77, '2018-04-22 17:06:11', 98, '2018-04-22 17:59:03', '2018-04-22 18:03:38');
insert into solicita values (31, '2018-09-29 04:03:01', 36, '2018-09-29 09:54:11', '2018-09-29 10:01:49');
insert into solicita values (18, '2018-04-11 16:06:53', 26, '2018-04-11 19:49:52', '2018-04-11 20:22:29');
insert into solicita values (7, '2018-02-19 17:49:48', 39, '2018-02-19 23:26:27', '2018-02-20 01:05:30');
insert into solicita values (53, '2018-11-02 07:30:02', 34, '2018-11-02 07:33:20', '2018-11-02 08:45:15');
insert into solicita values (43, '2018-05-10 17:01:31', 65, '2018-05-10 01:54:35', '2018-05-10 03:22:34');
insert into solicita values (0, '2018-09-26 17:24:21', 9, '2018-09-26 18:25:01', '2018-09-26 18:46:50');
insert into solicita values (70, '2018-03-03 15:34:44', 47, '2018-03-03 16:25:35', '2018-03-03 21:22:02');
insert into solicita values (62, '2018-09-19 15:07:57', 50, '2018-09-19 17:11:38', '2018-09-19 17:41:41');
insert into solicita values (70, '2018-07-18 01:43:54', 81, '2018-07-18 05:23:11', '2018-07-18 08:30:05');
insert into solicita values (31, '2018-04-03 16:39:31', 77, '2018-04-03 20:31:39', '2018-04-04 01:32:21');
insert into solicita values (65, '2018-01-17 09:58:48', 29, '2018-01-17 10:50:15', '2018-01-17 11:12:21');
insert into solicita values (78, '2018-11-17 01:03:46', 33, '2018-11-17 07:34:28', '2018-11-17 08:25:03');
insert into solicita values (11, '2018-03-25 19:54:26', 76, '2018-03-25 01:24:44', '2018-03-25 04:44:02');
insert into solicita values (3, '2018-05-23 08:38:15', 40, '2018-05-23 09:26:12', '2018-05-23 09:41:48');
insert into solicita values (76, '2018-05-14 21:25:31', 97, '2018-05-14 04:32:42', '2018-05-14 04:04:30');
insert into solicita values (25, '2018-08-19 13:44:38', 52, '2018-08-19 16:48:42', '2018-08-19 16:53:52');
insert into solicita values (21, '2018-04-15 05:41:58', 65, '2018-04-15 08:16:26', '2018-04-15 08:57:52');
insert into solicita values (3, '2018-09-25 23:36:39', 32, '2018-09-25 04:29:31', '2018-09-25 09:19:39');
insert into solicita values (87, '2018-11-17 01:03:46', 33, '2018-11-17 06:57:18', '2018-11-17 06:28:23');
insert into solicita values (80, '2018-11-03 15:51:23', 94, '2018-11-03 16:26:54', '2018-11-03 16:29:16');
insert into solicita values (66, '2018-09-30 02:22:42', 63, '2018-09-30 07:51:05', '2018-09-30 07:21:34');
insert into solicita values (89, '2018-05-10 17:01:31', 65, '2018-05-10 22:28:12', '2018-05-10 02:55:32');
insert into solicita values (60, '2018-01-17 09:58:48', 29, '2018-01-17 10:53:44', '2018-01-17 10:25:45');
insert into solicita values (37, '2018-06-30 12:05:06', 68, '2018-06-30 15:47:24', '2018-06-30 15:57:21');
insert into solicita values (41, '2018-06-16 22:05:15', 77, '2018-06-16 02:18:44', '2018-06-16 02:28:07');
insert into solicita values (5, '2018-04-28 01:52:57', 25, '2018-04-28 02:21:21', '2018-04-28 02:05:03');
insert into solicita values (57, '2018-03-25 19:54:26', 76, '2018-03-25 01:46:40', '2018-03-25 04:55:22');
insert into solicita values (87, '2018-08-23 06:38:47', 82, '2018-08-23 06:42:49', '2018-08-23 06:46:16');
insert into solicita values (59, '2018-10-12 22:49:37', 78, '2018-10-12 22:38:35', '2018-10-12 23:27:02');
insert into solicita values (15, '2018-02-19 17:49:48', 39, '2018-02-19 21:49:29', '2018-02-19 23:08:29');
insert into solicita values (7, '2018-06-30 19:44:19', 14, '2018-06-30 20:51:16', '2018-06-30 20:21:34');
insert into solicita values (14, '2018-04-16 13:18:02', 67, '2018-04-16 13:13:38', '2018-04-16 14:53:24');
insert into solicita values (39, '2018-05-23 09:21:51', 2, '2018-05-23 10:25:41', '2018-05-23 16:32:20');
insert into solicita values (14, '2018-02-04 05:13:16', 58, '2018-02-04 07:41:27', '2018-02-04 07:45:16');
insert into solicita values (84, '2018-01-16 05:23:33', 30, '2018-01-16 06:18:42', '2018-01-16 08:24:41');
insert into solicita values (80, '2018-02-01 07:42:28', 51, '2018-02-01 10:30:42', '2018-02-01 11:34:14');
insert into solicita values (1, '2018-05-23 08:38:15', 40, '2018-05-23 10:01:02', '2018-05-23 11:58:58');
insert into solicita values (28, '2018-11-03 03:19:33', 64, '2018-11-03 06:03:25', '2018-11-03 06:38:23');
insert into solicita values (64, '2018-07-09 01:26:38', 97, '2018-07-09 04:38:41', '2018-07-09 06:36:32');
insert into solicita values (92, '2018-03-17 02:46:48', 24, '2018-03-17 07:47:42', '2018-03-17 09:25:50');
insert into solicita values (19, '2018-04-02 02:57:44', 37, '2018-04-02 06:17:38', '2018-04-02 06:44:20');
insert into solicita values (30, '2018-04-11 10:47:18', 28, '2018-04-11 12:27:32', '2018-04-11 13:53:58');
insert into solicita values (70, '2018-01-17 09:58:48', 29, '2018-01-17 09:57:16', '2018-01-17 10:55:49');
insert into solicita values (25, '2018-10-03 14:30:07', 46, '2018-10-03 16:31:24', '2018-10-03 20:33:38');
insert into solicita values (11, '2018-05-23 20:40:20', 72, '2018-05-23 21:52:35', '2018-05-23 02:47:32');
insert into solicita values (39, '2018-06-14 18:02:06', 55, '2018-06-14 20:44:41', '2018-06-14 02:13:58');
insert into solicita values (98, '2018-08-30 03:25:48', 28, '2018-08-30 05:55:52', '2018-08-30 08:17:13');
insert into solicita values (42, '2018-04-16 13:18:02', 67, '2018-04-16 15:30:08', '2018-04-16 17:06:26');
insert into solicita values (11, '2018-10-12 22:49:37', 78, '2018-10-12 22:04:48', '2018-10-12 23:21:23');
insert into solicita values (85, '2018-05-10 12:46:45', 66, '2018-05-10 13:58:41', '2018-05-10 14:16:02');
insert into solicita values (77, '2018-09-19 18:09:07', 3, '2018-09-19 21:14:58', '2018-09-19 23:15:21');
insert into solicita values (76, '2018-06-06 22:05:34', 29, '2018-06-06 02:05:05', '2018-06-06 02:28:57');
insert into solicita values (29, '2018-01-28 15:08:56', 49, '2018-01-28 18:36:52', '2018-01-28 20:18:26');
insert into solicita values (5, '2018-03-29 04:40:14', 16, '2018-03-29 09:16:13', '2018-03-29 09:47:56');
insert into solicita values (50, '2018-04-15 05:41:58', 65, '2018-04-15 06:28:03', '2018-04-15 08:18:22');
insert into solicita values (13, '2018-09-24 16:02:29', 3, '2018-09-24 21:35:47', '2018-09-24 21:38:29');
insert into solicita values (80, '2018-11-19 05:39:48', 44, '2018-11-19 10:36:58', '2018-11-19 11:28:29');
insert into solicita values (47, '2018-11-03 15:51:23', 94, '2018-11-03 16:25:27', '2018-11-03 16:27:03');
insert into solicita values (83, '2018-01-01 06:38:50', 12, '2018-01-01 10:35:06', '2018-01-01 10:40:09');
insert into solicita values (5, '2018-08-14 09:38:35', 41, '2018-08-14 17:55:47', '2018-08-14 17:22:46');
insert into solicita values (79, '2018-11-19 22:25:24', 94, '2018-11-19 22:45:20', '2018-11-19 01:35:21');
insert into solicita values (96, '2018-02-15 01:54:11', 44, '2018-02-15 05:30:42', '2018-02-15 06:07:01');
insert into solicita values (10, '2018-05-03 05:31:33', 81, '2018-05-03 13:38:23', '2018-05-03 13:45:30');
insert into solicita values (55, '2018-10-01 22:19:55', 63, '2018-10-01 03:57:07', '2018-10-01 03:24:39');
insert into solicita values (43, '2018-10-19 16:58:22', 34, '2018-10-19 21:51:05', '2018-10-19 22:48:09');
insert into solicita values (11, '2018-07-07 08:21:01', 59, '2018-07-07 08:39:42', '2018-07-07 08:52:56');
insert into solicita values (7, '2018-04-28 01:52:57', 25, '2018-04-28 02:32:32', '2018-04-28 02:47:38');
insert into solicita values (1, '2018-05-18 09:21:39', 25, '2018-05-18 10:18:50', '2018-05-18 11:21:05');
insert into solicita values (21, '2018-03-17 03:20:10', 95, '2018-03-17 07:15:45', '2018-03-17 07:52:38');
insert into solicita values (11, '2018-06-16 22:05:15', 77, '2018-06-16 01:41:23', '2018-06-16 03:37:34');
insert into solicita values (13, '2018-03-25 19:54:26', 76, '2018-03-25 03:34:22', '2018-03-25 05:35:57');
insert into solicita values (37, '2018-05-17 06:34:09', 53, '2018-05-17 15:21:26', '2018-05-17 16:19:38');
insert into solicita values (33, '2018-06-04 10:56:19', 4, '2018-06-04 11:47:55', '2018-06-04 13:24:21');
insert into solicita values (25, '2018-07-06 08:15:31', 62, '2018-07-06 09:05:50', '2018-07-06 09:20:54');
insert into solicita values (65, '2018-02-14 11:36:57', 71, '2018-02-14 15:10:23', '2018-02-14 19:39:57');
insert into solicita values (63, '2018-10-01 09:58:36', 24, '2018-10-01 15:07:29', '2018-10-01 18:04:35');
insert into solicita values (48, '2018-09-29 04:03:01', 36, '2018-09-29 10:21:55', '2018-09-29 10:08:11');
insert into solicita values (78, '2018-01-01 06:38:50', 12, '2018-01-01 08:47:38', '2018-01-01 09:16:49');
insert into solicita values (73, '2018-02-16 01:02:49', 71, '2018-02-16 05:38:11', '2018-02-16 05:52:06');
insert into solicita values (91, '2018-08-29 18:58:35', 7, '2018-08-29 18:11:20', '2018-08-29 19:48:36');
insert into solicita values (48, '2018-06-19 14:07:49', 69, '2018-06-19 17:51:15', '2018-06-19 18:48:10');
insert into solicita values (27, '2018-01-14 18:18:17', 3, '2018-01-14 02:36:47', '2018-01-14 02:46:12');
insert into solicita values (4, '2018-05-02 08:57:08', 89, '2018-05-02 10:37:19', '2018-05-02 10:05:39');
insert into solicita values (77, '2018-08-22 03:41:06', 97, '2018-08-22 06:06:08', '2018-08-22 09:54:19');
insert into solicita values (66, '2018-03-29 20:34:38', 41, '2018-03-29 22:02:55', '2018-03-29 22:13:11');
insert into solicita values (40, '2018-08-12 12:44:42', 52, '2018-08-12 13:12:28', '2018-08-12 13:29:12');
insert into solicita values (16, '2018-05-18 09:21:39', 25, '2018-05-18 10:55:46', '2018-05-18 10:44:53');
insert into solicita values (4, '2018-06-27 17:42:43', 40, '2018-06-27 20:28:02', '2018-06-27 23:10:26');
insert into solicita values (49, '2018-01-18 12:29:50', 26, '2018-01-18 18:38:44', '2018-01-18 19:03:58');
insert into solicita values (90, '2018-05-14 21:25:31', 97, '2018-05-14 02:22:02', '2018-05-14 05:47:03');
insert into solicita values (56, '2018-07-08 23:23:49', 14, '2018-07-09 01:48:28', '2018-07-09 04:36:54');
insert into solicita values (3, '2018-05-15 04:22:59', 30, '2018-05-15 13:36:13', '2018-05-15 14:59:15');
insert into solicita values (18, '2018-02-25 19:41:24', 40, '2018-02-25 03:12:03', '2018-02-25 03:15:55');
insert into solicita values (11, '2018-11-07 12:31:59', 33, '2018-11-07 12:55:42', '2018-11-07 12:54:05');
