insert into camara values (0);
insert into camara values (1);
insert into camara values (2);
insert into camara values (3);
insert into camara values (4);
insert into camara values (5);
insert into camara values (6);
insert into camara values (7);
insert into camara values (8);
insert into camara values (9);
insert into camara values (10);
insert into camara values (11);
insert into camara values (12);
insert into camara values (13);
insert into camara values (14);
insert into camara values (15);
insert into camara values (16);
insert into camara values (17);
insert into camara values (18);
insert into camara values (19);
insert into camara values (20);
insert into camara values (21);
insert into camara values (22);
insert into camara values (23);
insert into camara values (24);
insert into camara values (25);
insert into camara values (26);
insert into camara values (27);
insert into camara values (28);
insert into camara values (29);
insert into camara values (30);
insert into camara values (31);
insert into camara values (32);
insert into camara values (33);
insert into camara values (34);
insert into camara values (35);
insert into camara values (36);
insert into camara values (37);
insert into camara values (38);
insert into camara values (39);
insert into camara values (40);
insert into camara values (41);
insert into camara values (42);
insert into camara values (43);
insert into camara values (44);
insert into camara values (45);
insert into camara values (46);
insert into camara values (47);
insert into camara values (48);
insert into camara values (49);
insert into camara values (50);
insert into camara values (51);
insert into camara values (52);
insert into camara values (53);
insert into camara values (54);
insert into camara values (55);
insert into camara values (56);
insert into camara values (57);
insert into camara values (58);
insert into camara values (59);
insert into camara values (60);
insert into camara values (61);
insert into camara values (62);
insert into camara values (63);
insert into camara values (64);
insert into camara values (65);
insert into camara values (66);
insert into camara values (67);
insert into camara values (68);
insert into camara values (69);
insert into camara values (70);
insert into camara values (71);
insert into camara values (72);
insert into camara values (73);
insert into camara values (74);
insert into camara values (75);
insert into camara values (76);
insert into camara values (77);
insert into camara values (78);
insert into camara values (79);
insert into camara values (80);
insert into camara values (81);
insert into camara values (82);
insert into camara values (83);
insert into camara values (84);
insert into camara values (85);
insert into camara values (86);
insert into camara values (87);
insert into camara values (88);
insert into camara values (89);
insert into camara values (90);
insert into camara values (91);
insert into camara values (92);
insert into camara values (93);
insert into camara values (94);
insert into camara values (95);
insert into camara values (96);
insert into camara values (97);
insert into camara values (98);
insert into camara values (99);


insert into video values ('2018-04-20 07:39:31', '2018-04-20 15:59:54', 0);
insert into video values ('2018-07-10 01:03:11', '2018-07-10 06:43:38', 0);
insert into video values ('2018-06-20 09:42:22', '2018-06-20 16:05:42', 0);
insert into video values ('2018-07-02 10:26:05', '2018-07-02 20:05:32', 0);
insert into video values ('2018-06-27 19:34:40', '2018-06-28 04:22:11', 1);
insert into video values ('2018-01-30 14:35:05', '2018-01-30 14:43:55', 3);
insert into video values ('2018-08-03 06:30:24', '2018-08-03 11:40:31', 4);
insert into video values ('2018-05-05 05:02:25', '2018-05-05 08:41:26', 5);
insert into video values ('2018-08-08 08:55:41', '2018-08-08 16:42:14', 5);
insert into video values ('2018-10-11 15:05:51', '2018-10-11 23:18:21', 6);
insert into video values ('2018-02-08 18:11:31', '2018-02-08 03:17:44', 7);
insert into video values ('2018-01-27 22:12:38', '2018-01-27 06:08:12', 7);
insert into video values ('2018-09-23 21:49:06', '2018-09-23 03:42:29', 7);
insert into video values ('2018-09-13 21:32:21', '2018-09-13 22:45:35', 7);
insert into video values ('2018-03-19 02:31:52', '2018-03-19 13:48:04', 8);
insert into video values ('2018-03-23 21:44:29', '2018-03-23 04:39:14', 8);
insert into video values ('2018-06-25 09:52:28', '2018-06-25 13:49:02', 8);
insert into video values ('2018-03-20 05:24:49', '2018-03-20 15:24:22', 9);
insert into video values ('2018-06-17 01:06:41', '2018-06-17 06:25:23', 9);
insert into video values ('2018-10-01 08:28:39', '2018-10-01 18:25:57', 10);
insert into video values ('2018-01-27 08:40:10', '2018-01-27 17:06:44', 11);
insert into video values ('2018-03-19 21:39:36', '2018-03-19 23:47:14', 12);
insert into video values ('2018-10-12 17:25:39', '2018-10-12 22:32:08', 13);
insert into video values ('2018-01-23 21:33:06', '2018-01-23 05:16:28', 13);
insert into video values ('2018-01-09 06:42:09', '2018-01-09 14:24:47', 13);
insert into video values ('2018-09-06 20:26:59', '2018-09-06 01:09:40', 14);
insert into video values ('2018-09-19 15:49:54', '2018-09-19 19:04:28', 14);
insert into video values ('2018-07-19 16:14:52', '2018-07-19 22:03:28', 14);
insert into video values ('2018-02-08 21:04:19', '2018-02-09 01:42:28', 14);
insert into video values ('2018-10-03 19:08:35', '2018-10-03 21:11:37', 15);
insert into video values ('2018-08-20 02:19:22', '2018-08-20 03:37:02', 15);
insert into video values ('2018-04-15 22:52:22', '2018-04-15 22:34:13', 15);
insert into video values ('2018-04-15 11:18:09', '2018-04-15 18:35:15', 16);
insert into video values ('2018-07-20 20:09:58', '2018-07-21 06:28:17', 16);
insert into video values ('2018-02-08 03:06:38', '2018-02-08 14:44:25', 16);
insert into video values ('2018-01-31 22:20:48', '2018-02-01 04:45:50', 16);
insert into video values ('2018-07-16 17:44:40', '2018-07-16 18:16:42', 17);
insert into video values ('2018-01-27 18:36:10', '2018-01-27 21:01:34', 17);
insert into video values ('2018-11-19 12:54:27', '2018-11-19 22:18:27', 20);
insert into video values ('2018-10-07 03:12:16', '2018-10-07 06:25:55', 20);
insert into video values ('2018-09-25 11:28:06', '2018-09-25 19:38:36', 20);
insert into video values ('2018-09-25 06:25:04', '2018-09-25 14:57:52', 22);
insert into video values ('2018-04-18 14:54:53', '2018-04-18 02:03:46', 23);
insert into video values ('2018-08-24 01:29:45', '2018-08-24 11:49:25', 24);
insert into video values ('2018-06-25 10:16:17', '2018-06-25 15:51:15', 24);
insert into video values ('2018-03-01 09:26:11', '2018-03-01 19:30:47', 24);
insert into video values ('2018-10-31 22:56:15', '2018-11-01 09:13:01', 24);
insert into video values ('2018-06-14 10:12:28', '2018-06-14 17:58:43', 25);
insert into video values ('2018-01-08 18:38:55', '2018-01-08 05:55:25', 26);
insert into video values ('2018-06-11 07:18:55', '2018-06-11 14:54:28', 27);
insert into video values ('2018-10-07 17:16:58', '2018-10-07 21:09:12', 27);
insert into video values ('2018-07-10 08:08:52', '2018-07-10 10:51:55', 27);
insert into video values ('2018-04-22 13:45:39', '2018-04-22 21:29:53', 28);
insert into video values ('2018-03-01 17:42:47', '2018-03-02 03:21:41', 28);
insert into video values ('2018-10-29 08:26:03', '2018-10-29 19:21:24', 28);
insert into video values ('2018-07-19 02:47:35', '2018-07-19 08:42:32', 28);
insert into video values ('2018-07-12 12:56:08', '2018-07-12 15:16:34', 29);
insert into video values ('2018-03-21 15:54:39', '2018-03-21 16:31:24', 29);
insert into video values ('2018-06-09 22:55:34', '2018-06-10 06:29:48', 30);
insert into video values ('2018-07-27 03:33:07', '2018-07-27 15:21:36', 32);
insert into video values ('2018-07-30 01:13:51', '2018-07-30 09:01:18', 32);
insert into video values ('2018-05-16 19:31:06', '2018-05-17 03:05:49', 32);
insert into video values ('2018-07-08 18:15:15', '2018-07-08 03:57:50', 32);
insert into video values ('2018-03-01 05:16:24', '2018-03-01 15:53:54', 33);
insert into video values ('2018-10-12 15:23:54', '2018-10-12 21:41:45', 33);
insert into video values ('2018-08-05 08:33:05', '2018-08-05 15:10:13', 34);
insert into video values ('2018-02-21 21:23:15', '2018-02-21 02:15:52', 36);
insert into video values ('2018-08-01 04:18:02', '2018-08-01 05:43:51', 36);
insert into video values ('2018-09-10 08:08:40', '2018-09-10 18:01:16', 36);
insert into video values ('2018-05-02 14:41:47', '2018-05-02 17:29:55', 36);
insert into video values ('2018-05-07 03:41:38', '2018-05-07 05:58:22', 37);
insert into video values ('2018-05-16 10:18:28', '2018-05-16 10:58:20', 38);
insert into video values ('2018-03-29 03:25:51', '2018-03-29 08:02:59', 39);
insert into video values ('2018-04-29 01:21:22', '2018-04-29 01:24:49', 39);
insert into video values ('2018-09-04 18:22:37', '2018-09-05 01:31:26', 39);
insert into video values ('2018-11-07 20:40:17', '2018-11-08 07:23:41', 40);
insert into video values ('2018-05-25 13:31:46', '2018-05-25 21:49:36', 41);
insert into video values ('2018-03-16 21:18:15', '2018-03-16 08:47:56', 41);
insert into video values ('2018-03-06 08:31:49', '2018-03-06 13:02:34', 41);
insert into video values ('2018-09-15 23:19:52', '2018-09-16 09:12:35', 41);
insert into video values ('2018-11-09 01:03:46', '2018-11-09 02:15:34', 42);
insert into video values ('2018-06-17 17:41:22', '2018-06-17 21:49:20', 42);
insert into video values ('2018-03-01 09:51:29', '2018-03-01 14:16:12', 42);
insert into video values ('2018-07-06 07:45:51', '2018-07-06 14:52:44', 42);
insert into video values ('2018-09-06 18:24:02', '2018-09-06 01:54:50', 43);
insert into video values ('2018-06-25 17:01:25', '2018-06-26 05:35:18', 43);
insert into video values ('2018-11-18 10:01:42', '2018-11-18 17:31:59', 44);
insert into video values ('2018-07-22 06:47:51', '2018-07-22 08:38:21', 44);
insert into video values ('2018-10-27 06:34:41', '2018-10-27 10:58:19', 44);
insert into video values ('2018-03-05 02:03:21', '2018-03-05 03:52:01', 44);
insert into video values ('2018-04-16 11:05:03', '2018-04-16 21:20:32', 46);
insert into video values ('2018-05-17 10:39:26', '2018-05-17 15:06:59', 47);
insert into video values ('2018-01-05 09:14:40', '2018-01-05 17:14:25', 47);
insert into video values ('2018-01-10 12:59:21', '2018-01-10 13:46:13', 47);
insert into video values ('2018-02-06 11:54:54', '2018-02-06 20:31:43', 47);
insert into video values ('2018-11-14 12:09:28', '2018-11-14 23:05:48', 48);
insert into video values ('2018-06-21 12:44:05', '2018-06-21 16:42:45', 48);
insert into video values ('2018-07-10 12:29:32', '2018-07-10 23:20:19', 48);
insert into video values ('2018-09-15 01:25:42', '2018-09-15 08:17:09', 48);
insert into video values ('2018-07-23 09:45:19', '2018-07-23 12:42:50', 49);
insert into video values ('2018-06-01 19:52:15', '2018-06-02 02:41:31', 50);
insert into video values ('2018-06-16 16:39:43', '2018-06-16 04:05:29', 50);
insert into video values ('2018-02-08 15:04:52', '2018-02-08 01:58:40', 50);
insert into video values ('2018-09-09 02:11:19', '2018-09-09 07:44:55', 50);
insert into video values ('2018-02-21 10:23:16', '2018-02-21 16:31:42', 51);
insert into video values ('2018-11-26 07:25:50', '2018-11-26 15:24:01', 52);
insert into video values ('2018-01-20 19:24:46', '2018-01-21 03:15:58', 52);
insert into video values ('2018-04-02 19:31:58', '2018-04-03 06:53:19', 53);
insert into video values ('2018-10-18 20:42:21', '2018-10-18 02:17:48', 53);
insert into video values ('2018-01-01 09:09:02', '2018-01-01 20:02:48', 53);
insert into video values ('2018-04-25 07:24:11', '2018-04-25 07:36:26', 54);
insert into video values ('2018-04-05 18:49:08', '2018-04-05 21:22:13', 54);
insert into video values ('2018-05-20 11:13:43', '2018-05-20 12:49:49', 54);
insert into video values ('2018-09-27 12:31:51', '2018-09-27 20:15:22', 54);
insert into video values ('2018-07-24 14:26:02', '2018-07-25 02:22:11', 55);
insert into video values ('2018-03-14 21:40:34', '2018-03-14 06:22:52', 55);
insert into video values ('2018-03-03 12:55:52', '2018-03-03 21:54:30', 56);
insert into video values ('2018-10-07 23:52:55', '2018-10-07 09:45:57', 56);
insert into video values ('2018-06-25 23:59:28', '2018-06-26 06:20:51', 56);
insert into video values ('2018-05-21 01:13:12', '2018-05-21 04:29:48', 56);
insert into video values ('2018-03-31 21:03:09', '2018-03-31 06:31:12', 57);
insert into video values ('2018-09-13 10:19:07', '2018-09-13 16:20:26', 57);
insert into video values ('2018-02-20 22:06:58', '2018-02-21 05:45:24', 58);
insert into video values ('2018-11-05 19:20:17', '2018-11-05 23:09:36', 58);
insert into video values ('2018-06-01 18:49:47', '2018-06-01 04:48:43', 58);
insert into video values ('2018-02-10 19:28:41', '2018-02-10 23:42:46', 59);
insert into video values ('2018-01-27 02:42:52', '2018-01-27 07:27:16', 60);
insert into video values ('2018-10-31 22:47:11', '2018-10-31 08:16:57', 61);
insert into video values ('2018-06-24 08:29:12', '2018-06-24 12:31:21', 61);
insert into video values ('2018-01-03 08:29:01', '2018-01-03 08:23:16', 62);
insert into video values ('2018-05-05 07:14:17', '2018-05-05 08:27:30', 63);
insert into video values ('2018-01-27 21:24:35', '2018-01-28 06:35:13', 65);
insert into video values ('2018-10-11 08:15:25', '2018-10-11 09:12:12', 65);
insert into video values ('2018-01-19 12:16:44', '2018-01-19 15:23:22', 67);
insert into video values ('2018-03-04 15:42:35', '2018-03-04 22:40:54', 69);
insert into video values ('2018-09-10 08:50:02', '2018-09-10 15:51:48', 69);
insert into video values ('2018-06-13 17:36:51', '2018-06-13 03:49:39', 70);
insert into video values ('2018-04-12 22:45:53', '2018-04-12 09:33:11', 70);
insert into video values ('2018-01-19 02:51:16', '2018-01-19 08:28:11', 70);
insert into video values ('2018-02-26 21:16:47', '2018-02-27 02:53:33', 70);
insert into video values ('2018-06-10 06:43:30', '2018-06-10 15:11:03', 71);
insert into video values ('2018-06-28 22:12:39', '2018-06-29 05:53:01', 71);
insert into video values ('2018-07-21 05:13:51', '2018-07-21 13:26:21', 71);
insert into video values ('2018-08-13 11:15:31', '2018-08-13 16:32:03', 72);
insert into video values ('2018-06-14 09:58:25', '2018-06-14 12:48:51', 72);
insert into video values ('2018-03-25 21:54:06', '2018-03-26 05:42:24', 72);
insert into video values ('2018-03-19 17:12:35', '2018-03-19 21:50:53', 72);
insert into video values ('2018-05-21 22:12:45', '2018-05-21 03:05:33', 73);
insert into video values ('2018-01-12 14:42:38', '2018-01-12 15:25:25', 73);
insert into video values ('2018-10-18 06:22:41', '2018-10-18 17:36:28', 73);
insert into video values ('2018-03-14 17:40:09', '2018-03-14 01:18:18', 74);
insert into video values ('2018-10-05 07:08:46', '2018-10-05 11:55:39', 74);
insert into video values ('2018-01-18 15:49:26', '2018-01-18 03:09:36', 74);
insert into video values ('2018-05-04 03:42:06', '2018-05-04 06:22:55', 75);
insert into video values ('2018-02-12 11:12:07', '2018-02-12 13:44:54', 75);
insert into video values ('2018-09-05 15:08:26', '2018-09-05 16:22:41', 75);
insert into video values ('2018-04-08 16:48:04', '2018-04-08 21:09:43', 75);
insert into video values ('2018-08-18 23:51:26', '2018-08-19 05:44:05', 79);
insert into video values ('2018-01-29 17:06:05', '2018-01-29 20:37:41', 79);
insert into video values ('2018-02-01 17:09:21', '2018-02-01 22:25:02', 80);
insert into video values ('2018-05-05 09:25:10', '2018-05-05 10:29:28', 81);
insert into video values ('2018-07-29 01:16:55', '2018-07-29 09:13:02', 82);
insert into video values ('2018-05-20 10:39:50', '2018-05-20 12:23:14', 82);
insert into video values ('2018-05-18 07:49:53', '2018-05-18 14:22:50', 82);
insert into video values ('2018-06-30 19:24:13', '2018-06-30 06:35:14', 83);
insert into video values ('2018-03-09 01:57:53', '2018-03-09 03:05:45', 83);
insert into video values ('2018-04-10 15:16:12', '2018-04-10 01:18:44', 83);
insert into video values ('2018-09-26 19:01:33', '2018-09-26 06:17:18', 84);
insert into video values ('2018-06-11 14:56:12', '2018-06-11 01:23:47', 84);
insert into video values ('2018-11-24 12:16:47', '2018-11-24 23:03:03', 84);
insert into video values ('2018-03-27 18:32:21', '2018-03-27 22:45:03', 84);
insert into video values ('2018-04-01 14:36:51', '2018-04-01 18:08:17', 85);
insert into video values ('2018-09-21 06:48:12', '2018-09-21 17:38:41', 85);
insert into video values ('2018-08-16 01:29:56', '2018-08-16 06:44:36', 85);
insert into video values ('2018-04-22 15:41:44', '2018-04-22 19:17:23', 85);
insert into video values ('2018-11-19 08:35:12', '2018-11-19 08:50:32', 86);
insert into video values ('2018-03-24 04:25:48', '2018-03-24 05:11:19', 86);
insert into video values ('2018-04-15 03:09:02', '2018-04-15 06:57:56', 86);
insert into video values ('2018-08-03 20:16:09', '2018-08-03 23:42:42', 88);
insert into video values ('2018-06-12 12:32:06', '2018-06-12 01:54:30', 89);
insert into video values ('2018-04-30 05:15:22', '2018-04-30 08:27:18', 89);
insert into video values ('2018-06-01 07:10:16', '2018-06-01 09:31:18', 89);
insert into video values ('2018-03-04 19:49:49', '2018-03-04 02:10:37', 90);
insert into video values ('2018-05-06 14:38:54', '2018-05-06 15:29:42', 90);
insert into video values ('2018-03-05 19:14:57', '2018-03-05 06:31:53', 93);
insert into video values ('2018-03-17 01:31:55', '2018-03-17 12:29:51', 93);
insert into video values ('2018-10-23 15:36:22', '2018-10-23 17:57:55', 94);
insert into video values ('2018-03-30 12:58:42', '2018-03-30 20:31:56', 94);
insert into video values ('2018-04-13 09:39:05', '2018-04-13 14:57:55', 94);
insert into video values ('2018-10-26 23:57:18', '2018-10-27 02:19:41', 95);
insert into video values ('2018-08-09 01:47:45', '2018-08-09 05:23:18', 95);
insert into video values ('2018-11-06 06:48:44', '2018-11-06 15:47:57', 96);
insert into video values ('2018-07-19 10:02:27', '2018-07-19 17:22:57', 96);
insert into video values ('2018-05-19 20:43:48', '2018-05-19 08:55:06', 96);
insert into video values ('2018-07-27 02:21:28', '2018-07-27 04:41:26', 96);
insert into video values ('2018-07-28 11:04:31', '2018-07-28 13:19:15', 97);
insert into video values ('2018-09-17 13:16:58', '2018-09-17 13:31:54', 98);
insert into video values ('2018-10-25 09:22:13', '2018-10-25 19:44:52', 98);
insert into video values ('2018-03-13 19:51:48', '2018-03-13 21:18:22', 98);
insert into video values ('2018-09-09 11:49:02', '2018-09-09 14:15:52', 98);
insert into video values ('2018-11-25 13:18:46', '2018-11-25 21:32:04', 99);
insert into video values ('2018-06-18 14:27:40', '2018-06-19 01:35:06', 99);
insert into video values ('2018-04-17 01:27:51', '2018-04-17 07:28:24', 99);
insert into video values ('2018-01-27 08:35:41', '2018-01-27 12:32:54', 99);


insert into segmentoVideo values (0, '08:20:24', '2018-04-20 07:39:31',0);
insert into segmentoVideo values (0, '05:40:26', '2018-07-10 01:03:11',0);
insert into segmentoVideo values (0, '07:22:21', '2018-06-20 09:42:22',0);
insert into segmentoVideo values (0, '11:38:28', '2018-07-02 10:26:05',0);
insert into segmentoVideo values (0, '08:47:30', '2018-06-27 19:34:40',1);
insert into segmentoVideo values (0, '01:09:50', '2018-01-30 14:35:05',3);
insert into segmentoVideo values (0, '05:11:07', '2018-08-03 06:30:24',4);
insert into segmentoVideo values (0, '04:39:01', '2018-05-05 05:02:25',5);
insert into segmentoVideo values (0, '09:46:32', '2018-08-08 08:55:41',5);
insert into segmentoVideo values (0, '08:13:28', '2018-10-11 15:05:51',6);
insert into segmentoVideo values (0, '09:07:13', '2018-02-08 18:11:31',7);
insert into segmentoVideo values (0, '07:54:33', '2018-01-27 22:12:38',7);
insert into segmentoVideo values (0, '06:53:22', '2018-09-23 21:49:06',7);
insert into segmentoVideo values (0, '02:14:15', '2018-09-13 21:32:21',7);
insert into segmentoVideo values (0, '11:18:11', '2018-03-19 02:31:52',8);
insert into segmentoVideo values (0, '06:54:44', '2018-03-23 21:44:29',8);
insert into segmentoVideo values (0, '04:56:32', '2018-06-25 09:52:28',8);
insert into segmentoVideo values (0, '10:58:32', '2018-03-20 05:24:49',9);
insert into segmentoVideo values (0, '06:19:41', '2018-06-17 01:06:41',9);
insert into segmentoVideo values (0, '10:57:18', '2018-10-01 08:28:39',10);
insert into segmentoVideo values (0, '10:26:34', '2018-01-27 08:40:10',11);
insert into segmentoVideo values (0, '02:08:37', '2018-03-19 21:39:36',12);
insert into segmentoVideo values (0, '05:07:28', '2018-10-12 17:25:39',13);
insert into segmentoVideo values (0, '08:42:22', '2018-01-23 21:33:06',13);
insert into segmentoVideo values (0, '08:41:37', '2018-01-09 06:42:09',13);
insert into segmentoVideo values (0, '04:41:41', '2018-09-06 20:26:59',14);
insert into segmentoVideo values (0, '04:13:33', '2018-09-19 15:49:54',14);
insert into segmentoVideo values (0, '07:48:34', '2018-07-19 16:14:52',14);
insert into segmentoVideo values (0, '03:38:09', '2018-02-08 21:04:19',14);
insert into segmentoVideo values (0, '02:03:03', '2018-10-03 19:08:35',15);
insert into segmentoVideo values (0, '01:18:39', '2018-08-20 02:19:22',15);
insert into segmentoVideo values (0, '01:41:49', '2018-04-15 22:52:22',15);
insert into segmentoVideo values (0, '07:18:06', '2018-04-15 11:18:09',16);
insert into segmentoVideo values (0, '10:19:18', '2018-07-20 20:09:58',16);
insert into segmentoVideo values (0, '11:38:47', '2018-02-08 03:06:38',16);
insert into segmentoVideo values (0, '05:26:02', '2018-01-31 22:20:48',16);
insert into segmentoVideo values (0, '01:31:02', '2018-07-16 17:44:40',17);
insert into segmentoVideo values (0, '03:24:24', '2018-01-27 18:36:10',17);
insert into segmentoVideo values (0, '10:24:01', '2018-11-19 12:54:27',20);
insert into segmentoVideo values (0, '03:14:40', '2018-10-07 03:12:16',20);
insert into segmentoVideo values (0, '08:11:30', '2018-09-25 11:28:06',20);
insert into segmentoVideo values (0, '09:32:48', '2018-09-25 06:25:04',22);
insert into segmentoVideo values (0, '11:09:52', '2018-04-18 14:54:53',23);
insert into segmentoVideo values (0, '10:20:40', '2018-08-24 01:29:45',24);
insert into segmentoVideo values (0, '06:35:57', '2018-06-25 10:16:17',24);
insert into segmentoVideo values (0, '10:04:36', '2018-03-01 09:26:11',24);
insert into segmentoVideo values (0, '11:16:45', '2018-10-31 22:56:15',24);
insert into segmentoVideo values (0, '08:47:15', '2018-06-14 10:12:28',25);
insert into segmentoVideo values (0, '10:17:30', '2018-01-08 18:38:55',26);
insert into segmentoVideo values (0, '07:35:32', '2018-06-11 07:18:55',27);
insert into segmentoVideo values (0, '04:52:13', '2018-10-07 17:16:58',27);
insert into segmentoVideo values (0, '03:44:04', '2018-07-10 08:08:52',27);
insert into segmentoVideo values (0, '08:43:15', '2018-04-22 13:45:39',28);
insert into segmentoVideo values (0, '10:38:54', '2018-03-01 17:42:47',28);
insert into segmentoVideo values (0, '12:55:21', '2018-10-29 08:26:03',28);
insert into segmentoVideo values (0, '06:54:56', '2018-07-19 02:47:35',28);
insert into segmentoVideo values (0, '03:19:26', '2018-07-12 12:56:08',29);
insert into segmentoVideo values (0, '01:36:44', '2018-03-21 15:54:39',29);
insert into segmentoVideo values (0, '08:34:15', '2018-06-09 22:55:34',30);
insert into segmentoVideo values (0, '12:47:29', '2018-07-27 03:33:07',32);
insert into segmentoVideo values (0, '09:47:26', '2018-07-30 01:13:51',32);
insert into segmentoVideo values (0, '08:34:43', '2018-05-16 19:31:06',32);
insert into segmentoVideo values (0, '09:43:35', '2018-07-08 18:15:15',32);
insert into segmentoVideo values (0, '11:37:31', '2018-03-01 05:16:24',33);
insert into segmentoVideo values (0, '06:18:49', '2018-10-12 15:23:54',33);
insert into segmentoVideo values (0, '08:36:08', '2018-08-05 08:33:05',34);
insert into segmentoVideo values (0, '04:52:37', '2018-02-21 21:23:15',36);
insert into segmentoVideo values (0, '01:25:50', '2018-08-01 04:18:02',36);
insert into segmentoVideo values (0, '11:52:35', '2018-09-10 08:08:40',36);
insert into segmentoVideo values (0, '03:47:09', '2018-05-02 14:41:47',36);
insert into segmentoVideo values (0, '03:18:43', '2018-05-07 03:41:38',37);
insert into segmentoVideo values (0, '01:41:51', '2018-05-16 10:18:28',38);
insert into segmentoVideo values (0, '05:36:09', '2018-03-29 03:25:51',39);
insert into segmentoVideo values (0, '01:03:28', '2018-04-29 01:21:22',39);
insert into segmentoVideo values (0, '06:09:49', '2018-09-04 18:22:37',39);
insert into segmentoVideo values (0, '11:42:24', '2018-11-07 20:40:17',40);
insert into segmentoVideo values (0, '08:18:49', '2018-05-25 13:31:46',41);
insert into segmentoVideo values (0, '10:29:41', '2018-03-16 21:18:15',41);
insert into segmentoVideo values (0, '06:30:44', '2018-03-06 08:31:49',41);
insert into segmentoVideo values (0, '09:52:41', '2018-09-15 23:19:52',41);
insert into segmentoVideo values (0, '02:12:47', '2018-11-09 01:03:46',42);
insert into segmentoVideo values (0, '05:08:58', '2018-06-17 17:41:22',42);
insert into segmentoVideo values (0, '05:24:42', '2018-03-01 09:51:29',42);
insert into segmentoVideo values (0, '07:08:52', '2018-07-06 07:45:51',42);
insert into segmentoVideo values (0, '06:31:48', '2018-09-06 18:24:02',43);
insert into segmentoVideo values (0, '12:35:52', '2018-06-25 17:01:25',43);
insert into segmentoVideo values (0, '07:31:16', '2018-11-18 10:01:42',44);
insert into segmentoVideo values (0, '02:49:29', '2018-07-22 06:47:51',44);
insert into segmentoVideo values (0, '05:25:37', '2018-10-27 06:34:41',44);
insert into segmentoVideo values (0, '02:49:39', '2018-03-05 02:03:21',44);
insert into segmentoVideo values (0, '10:15:29', '2018-04-16 11:05:03',46);
insert into segmentoVideo values (0, '04:26:32', '2018-05-17 10:39:26',47);
insert into segmentoVideo values (0, '08:59:44', '2018-01-05 09:14:40',47);
insert into segmentoVideo values (0, '02:46:51', '2018-01-10 12:59:21',47);
insert into segmentoVideo values (0, '09:36:48', '2018-02-06 11:54:54',47);
insert into segmentoVideo values (0, '11:55:21', '2018-11-14 12:09:28',48);
insert into segmentoVideo values (0, '04:58:40', '2018-06-21 12:44:05',48);
insert into segmentoVideo values (0, '12:50:46', '2018-07-10 12:29:32',48);
insert into segmentoVideo values (0, '08:51:26', '2018-09-15 01:25:42',48);
insert into segmentoVideo values (0, '02:57:31', '2018-07-23 09:45:19',49);
insert into segmentoVideo values (0, '06:49:16', '2018-06-01 19:52:15',50);
insert into segmentoVideo values (0, '11:25:45', '2018-06-16 16:39:43',50);
insert into segmentoVideo values (0, '10:54:47', '2018-02-08 15:04:52',50);
insert into segmentoVideo values (0, '06:34:36', '2018-09-09 02:11:19',50);
insert into segmentoVideo values (0, '06:08:26', '2018-02-21 10:23:16',51);
insert into segmentoVideo values (0, '08:58:10', '2018-11-26 07:25:50',52);
insert into segmentoVideo values (0, '07:50:13', '2018-01-20 19:24:46',52);
insert into segmentoVideo values (0, '10:22:20', '2018-04-02 19:31:58',53);
insert into segmentoVideo values (0, '06:35:26', '2018-10-18 20:42:21',53);
insert into segmentoVideo values (0, '11:53:47', '2018-01-01 09:09:02',53);
insert into segmentoVideo values (0, '01:13:15', '2018-04-25 07:24:11',54);
insert into segmentoVideo values (0, '03:32:05', '2018-04-05 18:49:08',54);
insert into segmentoVideo values (0, '01:36:06', '2018-05-20 11:13:43',54);
insert into segmentoVideo values (0, '09:44:31', '2018-09-27 12:31:51',54);
insert into segmentoVideo values (0, '12:55:09', '2018-07-24 14:26:02',55);
insert into segmentoVideo values (0, '09:42:18', '2018-03-14 21:40:34',55);
insert into segmentoVideo values (0, '09:57:38', '2018-03-03 12:55:52',56);
insert into segmentoVideo values (0, '09:52:02', '2018-10-07 23:52:55',56);
insert into segmentoVideo values (0, '06:21:24', '2018-06-25 23:59:28',56);
insert into segmentoVideo values (0, '03:16:36', '2018-05-21 01:13:12',56);
insert into segmentoVideo values (0, '09:29:02', '2018-03-31 21:03:09',57);
insert into segmentoVideo values (0, '06:02:19', '2018-09-13 10:19:07',57);
insert into segmentoVideo values (0, '07:39:24', '2018-02-20 22:06:58',58);
insert into segmentoVideo values (0, '04:48:20', '2018-11-05 19:20:17',58);
insert into segmentoVideo values (0, '10:58:55', '2018-06-01 18:49:47',58);
insert into segmentoVideo values (0, '05:14:05', '2018-02-10 19:28:41',59);
insert into segmentoVideo values (0, '05:44:23', '2018-01-27 02:42:52',60);
insert into segmentoVideo values (0, '10:29:46', '2018-10-31 22:47:11',61);
insert into segmentoVideo values (0, '04:03:09', '2018-06-24 08:29:12',61);
insert into segmentoVideo values (0, '01:54:15', '2018-01-03 08:29:01',62);
insert into segmentoVideo values (0, '02:13:13', '2018-05-05 07:14:17',63);
insert into segmentoVideo values (0, '09:11:38', '2018-01-27 21:24:35',65);
insert into segmentoVideo values (0, '02:57:46', '2018-10-11 08:15:25',65);
insert into segmentoVideo values (0, '04:07:37', '2018-01-19 12:16:44',67);
insert into segmentoVideo values (0, '08:58:19', '2018-03-04 15:42:35',69);
insert into segmentoVideo values (0, '07:01:47', '2018-09-10 08:50:02',69);
insert into segmentoVideo values (0, '10:13:47', '2018-06-13 17:36:51',70);
insert into segmentoVideo values (0, '11:47:17', '2018-04-12 22:45:53',70);
insert into segmentoVideo values (0, '06:36:54', '2018-01-19 02:51:16',70);
insert into segmentoVideo values (0, '04:37:46', '2018-02-26 21:16:47',70);
insert into segmentoVideo values (0, '09:26:32', '2018-06-10 06:43:30',71);
insert into segmentoVideo values (0, '07:41:22', '2018-06-28 22:12:39',71);
insert into segmentoVideo values (0, '09:13:30', '2018-07-21 05:13:51',71);
insert into segmentoVideo values (0, '06:17:32', '2018-08-13 11:15:31',72);
insert into segmentoVideo values (0, '04:50:26', '2018-06-14 09:58:25',72);
insert into segmentoVideo values (0, '08:48:18', '2018-03-25 21:54:06',72);
insert into segmentoVideo values (0, '05:39:18', '2018-03-19 17:12:35',72);
insert into segmentoVideo values (0, '05:52:47', '2018-05-21 22:12:45',73);
insert into segmentoVideo values (0, '02:42:47', '2018-01-12 14:42:38',73);
insert into segmentoVideo values (0, '11:15:47', '2018-10-18 06:22:41',73);
insert into segmentoVideo values (0, '07:37:09', '2018-03-14 17:40:09',74);
insert into segmentoVideo values (0, '05:47:52', '2018-10-05 07:08:46',74);
insert into segmentoVideo values (0, '11:20:11', '2018-01-18 15:49:26',74);
insert into segmentoVideo values (0, '03:40:49', '2018-05-04 03:42:06',75);
insert into segmentoVideo values (0, '03:32:47', '2018-02-12 11:12:07',75);
insert into segmentoVideo values (0, '01:14:15', '2018-09-05 15:08:26',75);
insert into segmentoVideo values (0, '05:21:39', '2018-04-08 16:48:04',75);
insert into segmentoVideo values (0, '05:52:39', '2018-08-18 23:51:26',79);
insert into segmentoVideo values (0, '03:32:36', '2018-01-29 17:06:05',79);
insert into segmentoVideo values (0, '05:15:41', '2018-02-01 17:09:21',80);
insert into segmentoVideo values (0, '02:05:18', '2018-05-05 09:25:10',81);
insert into segmentoVideo values (0, '09:56:06', '2018-07-29 01:16:55',82);
insert into segmentoVideo values (0, '02:42:23', '2018-05-20 10:39:50',82);
insert into segmentoVideo values (0, '07:32:57', '2018-05-18 07:49:53',82);
insert into segmentoVideo values (0, '10:12:01', '2018-06-30 19:24:13',83);
insert into segmentoVideo values (0, '02:06:51', '2018-03-09 01:57:53',83);
insert into segmentoVideo values (0, '09:03:32', '2018-04-10 15:16:12',83);
insert into segmentoVideo values (0, '10:16:44', '2018-09-26 19:01:33',84);
insert into segmentoVideo values (0, '10:26:35', '2018-06-11 14:56:12',84);
insert into segmentoVideo values (0, '11:46:16', '2018-11-24 12:16:47',84);
insert into segmentoVideo values (0, '05:13:41', '2018-03-27 18:32:21',84);
insert into segmentoVideo values (0, '05:31:25', '2018-04-01 14:36:51',85);
insert into segmentoVideo values (0, '11:49:29', '2018-09-21 06:48:12',85);
insert into segmentoVideo values (0, '05:15:39', '2018-08-16 01:29:56',85);
insert into segmentoVideo values (0, '04:35:39', '2018-04-22 15:41:44',85);
insert into segmentoVideo values (0, '01:16:21', '2018-11-19 08:35:12',86);
insert into segmentoVideo values (0, '01:45:31', '2018-03-24 04:25:48',86);
insert into segmentoVideo values (0, '04:48:54', '2018-04-15 03:09:02',86);
insert into segmentoVideo values (0, '03:26:33', '2018-08-03 20:16:09',88);
insert into segmentoVideo values (0, '12:22:24', '2018-06-12 12:32:06',89);
insert into segmentoVideo values (0, '03:12:55', '2018-04-30 05:15:22',89);
insert into segmentoVideo values (0, '02:21:03', '2018-06-01 07:10:16',89);
insert into segmentoVideo values (0, '07:19:47', '2018-03-04 19:49:49',90);
insert into segmentoVideo values (0, '01:49:48', '2018-05-06 14:38:54',90);
insert into segmentoVideo values (0, '11:16:55', '2018-03-05 19:14:57',93);
insert into segmentoVideo values (0, '11:57:55', '2018-03-17 01:31:55',93);
insert into segmentoVideo values (0, '03:22:34', '2018-10-23 15:36:22',94);
insert into segmentoVideo values (0, '08:33:13', '2018-03-30 12:58:42',94);
insert into segmentoVideo values (0, '05:18:51', '2018-04-13 09:39:05',94);
insert into segmentoVideo values (0, '02:22:23', '2018-10-26 23:57:18',95);
insert into segmentoVideo values (0, '04:35:33', '2018-08-09 01:47:45',95);
insert into segmentoVideo values (0, '09:58:13', '2018-11-06 06:48:44',96);
insert into segmentoVideo values (0, '07:21:31', '2018-07-19 10:02:27',96);
insert into segmentoVideo values (0, '11:12:18', '2018-05-19 20:43:48',96);
insert into segmentoVideo values (0, '02:20:58', '2018-07-27 02:21:28',96);
insert into segmentoVideo values (0, '02:15:43', '2018-07-28 11:04:31',97);
insert into segmentoVideo values (0, '01:14:55', '2018-09-17 13:16:58',98);
insert into segmentoVideo values (0, '11:22:39', '2018-10-25 09:22:13',98);
insert into segmentoVideo values (0, '02:26:34', '2018-03-13 19:51:48',98);
insert into segmentoVideo values (0, '04:25:51', '2018-09-09 11:49:02',98);
insert into segmentoVideo values (0, '08:14:17', '2018-11-25 13:18:46',99);
insert into segmentoVideo values (0, '11:08:25', '2018-06-18 14:27:40',99);
insert into segmentoVideo values (0, '06:01:31', '2018-04-17 01:27:51',99);
insert into segmentoVideo values (0, '05:57:13', '2018-01-27 08:35:41',99);


insert into localidade values ('Foz da Serta');
insert into localidade values ('Aires (Setubal)');
insert into localidade values ('Alveijar (Fatima)');
insert into localidade values ('Bustelo (Oliveira de Azemeis)');
insert into localidade values ('Amoreira Cimeira');
insert into localidade values ('Gesta (Freguesia de Oia)');
insert into localidade values ('Calvario (Povoa de Varzim)');
insert into localidade values ('Lacoes');
insert into localidade values ('Espadelos');
insert into localidade values ('Casalinho (Fatima)');
insert into localidade values ('Monchique');
insert into localidade values ('Amoreira (Fatima)');
insert into localidade values ('Busano (Cascais)');
insert into localidade values ('Bolfiar');
insert into localidade values ('Oliveira do Hospital');
insert into localidade values ('Caminho Largo');
insert into localidade values ('Maxieira');
insert into localidade values ('Casal do Queijo');
insert into localidade values ('Fujaco');
insert into localidade values ('Burgada');
insert into localidade values ('Assequins');
insert into localidade values ('Azoia (Sesimbra)');
insert into localidade values ('Montelo (Fatima)');
insert into localidade values ('Baldoiaa)');
insert into localidade values ('Amorim de Cima');
insert into localidade values ('Gestrins');
insert into localidade values ('Miratejo');
insert into localidade values ('Mourilhe (Povoa de Varzim)');
insert into localidade values ('Manique de Baixo');
insert into localidade values ('Estanganhola');
insert into localidade values ('Foitos');
insert into localidade values ('Algueirao');
insert into localidade values ('Foros de Amora');
insert into localidade values ('Muleneta');
insert into localidade values ('Matas do Lourical');
insert into localidade values ('Cabreira (Povoa de Varzim)');
insert into localidade values ('Eira da Pedra');
insert into localidade values ('Azedia');
insert into localidade values ('Cavadas');
insert into localidade values ('Casal Mouro');
insert into localidade values ('Lousadelo');
insert into localidade values ('Luilhas');
insert into localidade values ('Laundos (Povoa de Varzim)');
insert into localidade values ('Moita do Boi');
insert into localidade values ('Mercês (Rio de Mouro)');
insert into localidade values ('Caturela');
insert into localidade values ('Mau Verde');
insert into localidade values ('Lugar da Pinta');
insert into localidade values ('Aguias (Brotas)');
insert into localidade values ('Mogos');
insert into localidade values ('Cabeda');
insert into localidade values ('Estrada (Povoa de Varzim)');
insert into localidade values ('Ancos (Montelavar)');
insert into localidade values ('Granja de Alpriate');
insert into localidade values ('Alcorriol');
insert into localidade values ('Mandim');
insert into localidade values ('Moimento (Fatima)');
insert into localidade values ('Abadia de Bouro');
insert into localidade values ('Amoreirinha');
insert into localidade values ('Casal da Rola');
insert into localidade values ('Casais Brancos (Atouguia da Baleia)');
insert into localidade values ('Mamua');
insert into localidade values ('Casalinho');
insert into localidade values ('Covilha (Povoa de Varzim)');
insert into localidade values ('Areosa (Agucadoura)');
insert into localidade values ('Aldeia Grande');
insert into localidade values ('Foros da Catrapona');
insert into localidade values ('Malveira da Serra');
insert into localidade values ('Casas Brancas');
insert into localidade values ('Caxieira');
insert into localidade values ('Cadilhe');
insert into localidade values ('Agra (Amorim)');
insert into localidade values ('Balancho');
insert into localidade values ('Lugar da Foz');
insert into localidade values ('Casal Resoneiro');
insert into localidade values ('Aldeia (Amorim)');
insert into localidade values ('Granjeiro (Agucadoura)');
insert into localidade values ('Funchalinho');
insert into localidade values ('Maria Vinagre');
insert into localidade values ('Borda do Rio');
insert into localidade values ('Bouca');
insert into localidade values ('Lourel');
insert into localidade values ('Moita Redonda');
insert into localidade values ('Frinjo');
insert into localidade values ('Casas Novas (Sintra)');
insert into localidade values ('Abas da Raposeira');
insert into localidade values ('Castanheira (Cos)');
insert into localidade values ('Brunhido');
insert into localidade values ('Antoes');
insert into localidade values ('Cuteres');
insert into localidade values ('Cavaditas');
insert into localidade values ('Cacinheira');
insert into localidade values ('Fontainhas (Amorim)');
insert into localidade values ('Matos da Vila');
insert into localidade values ('Aguas Ferreas (Povoa de Varzim)');
insert into localidade values ('Fraiao (Povoa de Varzim)');
insert into localidade values ('Castro de Nossa Senhora da Confianca');
insert into localidade values ('Fomega');
insert into localidade values ('Casais de Alem');
insert into localidade values ('Castelhanas');
insert into localidade values ('Aldeia (Agucadoura)');
insert into localidade values ('Enxaminhos');
insert into localidade values ('Casais das Comeiras');
insert into localidade values ('Machuqueiras');
insert into localidade values ('Carvoeiro (Pampilhosa da Serra)');
insert into localidade values ('Granho Novo');
insert into localidade values ('Espinhal (Povoa de Varzim)');
insert into localidade values ('Casa Velha (Fatima)');
insert into localidade values ('Cruz de Pau');
insert into localidade values ('Fontainha');
insert into localidade values ('Calves');
insert into localidade values ('Cova do Vapor');
insert into localidade values ('Granja do Marquês');
insert into localidade values ('Ordem (Povoa de Varzim)');
insert into localidade values ('Alem (Povoa de Varzim)');
insert into localidade values ('Bairro de Almodena');
insert into localidade values ('Cova da Iria');
insert into localidade values ('Esperanca (Ourem)');
insert into localidade values ('Carregosa (Povoa de Varzim)');
insert into localidade values ('Castelo Picao');
insert into localidade values ('Melecas');
insert into localidade values ('Amoreira Fundeira');
insert into localidade values ('Cruz Quebrada');
insert into localidade values ('Giesteira (Fatima)');
insert into localidade values ('Lomba (Fatima)');
insert into localidade values ('Cruz (Povoa de Varzim)');
insert into localidade values ('Alcanica');
insert into localidade values ('Crasto (Povoa de Varzim)');
insert into localidade values ('Gozundeira');
insert into localidade values ('Mem Martins');


insert into vigia values ('Granjeiro (Agucadoura)', 19);
insert into vigia values ('Montelo (Fatima)', 12);
insert into vigia values ('Lourel', 48);
insert into vigia values ('Azoia (Sesimbra)', 78);
insert into vigia values ('Melecas', 98);
insert into vigia values ('Fraiao (Povoa de Varzim)', 53);
insert into vigia values ('Mau Verde', 30);
insert into vigia values ('Cruz de Pau', 39);
insert into vigia values ('Cabreira (Povoa de Varzim)', 85);
insert into vigia values ('Casalinho', 99);
insert into vigia values ('Gesta (Freguesia de Oia)', 59);
insert into vigia values ('Gozundeira', 16);
insert into vigia values ('Amorim de Cima', 44);
insert into vigia values ('Carregosa (Povoa de Varzim)', 82);
insert into vigia values ('Estanganhola', 50);
insert into vigia values ('Eira da Pedra', 37);
insert into vigia values ('Brunhido', 93);
insert into vigia values ('Mogos', 46);
insert into vigia values ('Busano (Cascais)', 40);
insert into vigia values ('Monchique', 0);
insert into vigia values ('Mourilhe (Povoa de Varzim)', 11);
insert into vigia values ('Cova da Iria', 23);
insert into vigia values ('Ancos (Montelavar)', 94);
insert into vigia values ('Mamua', 68);
insert into vigia values ('Manique de Baixo', 67);
insert into vigia values ('Espadelos', 96);
insert into vigia values ('Foros da Catrapona', 9);
insert into vigia values ('Oliveira do Hospital', 35);
insert into vigia values ('Casas Brancas', 49);
insert into vigia values ('Algueirao', 34);
insert into vigia values ('Baldoiaa)', 83);
insert into vigia values ('Castro de Nossa Senhora da Confianca', 60);
insert into vigia values ('Lugar da Foz', 20);
insert into vigia values ('Alcanica', 87);
insert into vigia values ('Casais de Alem', 71);
insert into vigia values ('Caxieira', 64);
insert into vigia values ('Aguias (Brotas)', 76);
insert into vigia values ('Castelo Picao', 63);
insert into vigia values ('Fujaco', 38);
insert into vigia values ('Areosa (Agucadoura)', 72);
insert into vigia values ('Cavaditas', 66);
insert into vigia values ('Casal Resoneiro', 47);
insert into vigia values ('Muleneta', 36);
insert into vigia values ('Aldeia (Amorim)', 15);
insert into vigia values ('Casais das Comeiras', 61);
insert into vigia values ('Giesteira (Fatima)', 92);
insert into vigia values ('Amoreirinha', 31);
insert into vigia values ('Agra (Amorim)', 69);
insert into vigia values ('Bolfiar', 6);
insert into vigia values ('Mem Martins', 45);
insert into vigia values ('Caturela', 5);
insert into vigia values ('Bairro de Almodena', 33);
insert into vigia values ('Carvoeiro (Pampilhosa da Serra)', 10);
insert into vigia values ('Alem (Povoa de Varzim)', 89);
insert into vigia values ('Frinjo', 79);
insert into vigia values ('Balancho', 56);
insert into vigia values ('Crasto (Povoa de Varzim)', 22);
insert into vigia values ('Monchique', 95);
insert into vigia values ('Casas Novas (Sintra)', 51);
insert into vigia values ('Aires (Setubal)', 65);
insert into vigia values ('Miratejo', 62);
insert into vigia values ('Lomba (Fatima)', 26);
insert into vigia values ('Calvario (Povoa de Varzim)', 84);
insert into vigia values ('Burgada', 2);
insert into vigia values ('Funchalinho', 18);
insert into vigia values ('Estrada (Povoa de Varzim)', 58);
insert into vigia values ('Monchique', 74);
insert into vigia values ('Casais Brancos (Atouguia da Baleia)', 97);
insert into vigia values ('Mandim', 81);
insert into vigia values ('Amoreira Fundeira', 42);
insert into vigia values ('Cruz Quebrada', 75);
insert into vigia values ('Cadilhe', 41);
insert into vigia values ('Foitos', 29);
insert into vigia values ('Bouca', 52);
insert into vigia values ('Abadia de Bouro', 32);
insert into vigia values ('Casalinho (Fatima)', 24);
insert into vigia values ('Matas do Lourical', 14);
insert into vigia values ('Amoreira Cimeira', 43);
insert into vigia values ('Calves', 27);
insert into vigia values ('Cuteres', 28);
insert into vigia values ('Cacinheira', 86);
insert into vigia values ('Azedia', 80);
insert into vigia values ('Laundos (Povoa de Varzim)', 13);
insert into vigia values ('Casal do Queijo', 77);
insert into vigia values ('Bustelo (Oliveira de Azemeis)', 8);
insert into vigia values ('Moimento (Fatima)', 25);
insert into vigia values ('Fontainha', 73);
insert into vigia values ('Granja do Marquês', 21);
insert into vigia values ('Castanheira (Cos)', 17);
insert into vigia values ('Enxaminhos', 3);
insert into vigia values ('Mercês (Rio de Mouro)', 1);
insert into vigia values ('Esperanca (Ourem)', 91);
insert into vigia values ('Lacoes', 90);
insert into vigia values ('Espinhal (Povoa de Varzim)', 57);
insert into vigia values ('Granja de Alpriate', 7);
insert into vigia values ('Moita do Boi', 4);
insert into vigia values ('Oliveira do Hospital', 70);
insert into vigia values ('Alveijar (Fatima)', 54);
insert into vigia values ('Covilha (Povoa de Varzim)', 55);
insert into vigia values ('Aguas Ferreas (Povoa de Varzim)', 88);
insert into vigia values ('Castelhanas', 51);
insert into vigia values ('Fomega', 34);
insert into vigia values ('Gestrins', 43);
insert into vigia values ('Foros de Amora', 11);
insert into vigia values ('Alcorriol', 91);
insert into vigia values ('Aldeia Grande', 38);
insert into vigia values ('Ordem (Povoa de Varzim)', 2);
insert into vigia values ('Amoreira (Fatima)', 36);
insert into vigia values ('Abas da Raposeira', 65);
insert into vigia values ('Matos da Vila', 37);
insert into vigia values ('Aldeia (Agucadoura)', 10);
insert into vigia values ('Casa Velha (Fatima)', 49);
insert into vigia values ('Maxieira', 47);
insert into vigia values ('Moita Redonda', 97);
insert into vigia values ('Caminho Largo', 42);
insert into vigia values ('Casal Mouro', 58);
insert into vigia values ('Cova do Vapor', 92);
insert into vigia values ('Cruz (Povoa de Varzim)', 71);
insert into vigia values ('Oliveira do Hospital', 32);
insert into vigia values ('Lugar da Pinta', 5);
insert into vigia values ('Foz da Serta', 57);
insert into vigia values ('Luilhas', 44);
insert into vigia values ('Antoes', 9);
insert into vigia values ('Oliveira do Hospital', 23);
insert into vigia values ('Cavadas', 67);
insert into vigia values ('Fontainhas (Amorim)', 22);
insert into vigia values ('Borda do Rio', 96);
insert into vigia values ('Monchique', 63);
insert into vigia values ('Cabeda', 87);
insert into vigia values ('Monchique', 46);
insert into vigia values ('Malveira da Serra', 35);
insert into vigia values ('Machuqueiras', 53);
insert into vigia values ('Monchique', 56);
insert into vigia values ('Lousadelo', 28);
insert into vigia values ('Granho Novo', 83);
insert into vigia values ('Casal da Rola', 66);
insert into vigia values ('Assequins', 98);
insert into vigia values ('Maria Vinagre', 14);


insert into processoSocorro values (165064573);
insert into processoSocorro values (800639973);
insert into processoSocorro values (670564688);
insert into processoSocorro values (747139914);
insert into processoSocorro values (68587744);
insert into processoSocorro values (931423939);
insert into processoSocorro values (848556245);
insert into processoSocorro values (284022400);
insert into processoSocorro values (149656775);
insert into processoSocorro values (582639896);
insert into processoSocorro values (595367180);
insert into processoSocorro values (207194211);
insert into processoSocorro values (464855680);
insert into processoSocorro values (583718945);
insert into processoSocorro values (223533223);
insert into processoSocorro values (386784673);
insert into processoSocorro values (103790174);
insert into processoSocorro values (720860137);
insert into processoSocorro values (581505810);
insert into processoSocorro values (500634383);
insert into processoSocorro values (67112959);
insert into processoSocorro values (515027876);
insert into processoSocorro values (231074490);
insert into processoSocorro values (826623777);
insert into processoSocorro values (238533082);
insert into processoSocorro values (48781742);
insert into processoSocorro values (547862477);
insert into processoSocorro values (450839344);
insert into processoSocorro values (762282984);
insert into processoSocorro values (684970804);
insert into processoSocorro values (342646187);
insert into processoSocorro values (412876077);
insert into processoSocorro values (354101393);
insert into processoSocorro values (690512960);
insert into processoSocorro values (926589058);
insert into processoSocorro values (296555606);
insert into processoSocorro values (895645195);
insert into processoSocorro values (49768647);
insert into processoSocorro values (116058739);
insert into processoSocorro values (83358181);
insert into processoSocorro values (341342470);
insert into processoSocorro values (570584094);
insert into processoSocorro values (675660925);
insert into processoSocorro values (871638922);
insert into processoSocorro values (74238776);
insert into processoSocorro values (168015393);
insert into processoSocorro values (940439467);
insert into processoSocorro values (32157781);
insert into processoSocorro values (580450027);
insert into processoSocorro values (954061463);
insert into processoSocorro values (678494139);
insert into processoSocorro values (771377493);
insert into processoSocorro values (760971628);
insert into processoSocorro values (649055322);
insert into processoSocorro values (771411169);
insert into processoSocorro values (248058284);
insert into processoSocorro values (823457452);
insert into processoSocorro values (948946823);
insert into processoSocorro values (477949225);
insert into processoSocorro values (50496806);
insert into processoSocorro values (233547212);
insert into processoSocorro values (175911218);
insert into processoSocorro values (34419742);
insert into processoSocorro values (523393593);
insert into processoSocorro values (121908251);
insert into processoSocorro values (867219871);
insert into processoSocorro values (343416076);
insert into processoSocorro values (10293861);
insert into processoSocorro values (545944924);
insert into processoSocorro values (32089258);
insert into processoSocorro values (963865467);
insert into processoSocorro values (996565706);
insert into processoSocorro values (101215674);
insert into processoSocorro values (683437896);
insert into processoSocorro values (144371014);
insert into processoSocorro values (279280116);
insert into processoSocorro values (987605179);
insert into processoSocorro values (685203771);
insert into processoSocorro values (487917628);
insert into processoSocorro values (582585962);
insert into processoSocorro values (557984031);
insert into processoSocorro values (306237561);
insert into processoSocorro values (815832377);
insert into processoSocorro values (88647599);
insert into processoSocorro values (767624952);
insert into processoSocorro values (684927329);
insert into processoSocorro values (642931335);
insert into processoSocorro values (739041841);
insert into processoSocorro values (998755243);
insert into processoSocorro values (467606666);
insert into processoSocorro values (31852179);
insert into processoSocorro values (566210920);
insert into processoSocorro values (115272568);
insert into processoSocorro values (467622111);
insert into processoSocorro values (816758358);
insert into processoSocorro values (630070396);
insert into processoSocorro values (98836122);
insert into processoSocorro values (503766701);
insert into processoSocorro values (678548547);
insert into processoSocorro values (791096809);


insert into eventoEmergencia values (916044924, '2018-06-06 22:38:45', 'Miguel Prada', 'Antoes', 762282984);
insert into eventoEmergencia values (916771292, '2018-01-28 23:49:51', 'Tiago Miranda', 'Mamua', 296555606);
insert into eventoEmergencia values (962105388, '2018-03-23 14:35:57', 'Elisabete Matos', 'Ancos (Montelavar)', 168015393);
insert into eventoEmergencia values (964750341, '2018-02-07 19:29:20', 'Amelia Esteves', 'Amoreira Fundeira', 948946823);
insert into eventoEmergencia values (916304155, '2018-06-08 05:04:14', 'Matilde Fernandes', 'Granja de Alpriate', 581505810);
insert into eventoEmergencia values (963835246, '2018-05-27 23:12:11', 'Carolina Saramago', 'Granjeiro (Agucadoura)', 739041841);
insert into eventoEmergencia values (918234087, '2018-03-06 02:17:37', 'Luisa Faria', 'Cadilhe', 771377493);
insert into eventoEmergencia values (914744964, '2018-10-10 02:42:46', 'Goncalo Pinto', 'Oliveira do Hospital', 595367180);
insert into eventoEmergencia values (962835884, '2018-08-06 01:49:27', 'Hugo Novais', 'Calves', 678548547);
insert into eventoEmergencia values (918844746, '2018-11-13 09:57:55', 'Vitor Silva', 'Cuteres', 467606666);
insert into eventoEmergencia values (215773765, '2018-09-04 20:52:14', 'Danilo Fonte', 'Manique de Baixo', 815832377);
insert into eventoEmergencia values (938737969, '2018-10-17 03:48:04', 'Daniel Pinheiro', 'Caxieira', 523393593);
insert into eventoEmergencia values (913663373, '2018-06-03 09:21:49', 'Vanessa Leao', 'Ordem (Povoa de Varzim)', 121908251);
insert into eventoEmergencia values (216602564, '2018-06-15 13:39:39', 'Henrique Osorio', 'Giesteira (Fatima)', 487917628);
insert into eventoEmergencia values (964480958, '2018-09-09 21:04:03', 'Laura Goncalves', 'Amoreira (Fatima)', 103790174);
insert into eventoEmergencia values (213428309, '2018-10-21 17:06:15', 'Guiomar Setubal', 'Foros de Amora', 684970804);
insert into eventoEmergencia values (211226713, '2018-05-30 12:12:14', 'Aurora Antunes', 'Lugar da Foz', 690512960);
insert into eventoEmergencia values (919437509, '2018-01-17 18:06:02', 'Vanessa Pacheco', 'Lousadelo', 583718945);
insert into eventoEmergencia values (969880251, '2018-01-26 06:39:35', 'Xavier Oliveira', 'Baldoiaa)', 823457452);
insert into eventoEmergencia values (969994410, '2018-08-15 18:19:29', 'Alexandre Pimenta', 'Cova do Vapor', 343416076);
insert into eventoEmergencia values (218695619, '2018-08-01 06:25:40', 'Armando Esteves', 'Monchique', 175911218);
insert into eventoEmergencia values (213644462, '2018-06-21 09:15:18', 'Fernanda Palhoto', 'Cova do Vapor', 570584094);
insert into eventoEmergencia values (213644462, '2018-06-07 19:34:47', 'Patricia Castro', 'Casal da Rola', 48781742);
insert into eventoEmergencia values (916768832, '2018-06-08 20:49:54', 'Miguel Pires', 'Esperanca (Ourem)', 642931335);
insert into eventoEmergencia values (961387124, '2018-10-21 14:34:03', 'Nuno Rebelo', 'Covilha (Povoa de Varzim)', 515027876);
insert into eventoEmergencia values (213428309, '2018-07-23 18:14:05', 'Andre Lima', 'Caminho Largo', null);
insert into eventoEmergencia values (961855757, '2018-09-15 13:31:47', 'Armando Matias', 'Monchique', 557984031);
insert into eventoEmergencia values (918357484, '2018-03-14 19:51:32', 'Margarida Caetano', 'Agra (Amorim)', 931423939);
insert into eventoEmergencia values (935136957, '2018-07-02 09:34:19', 'Frederico Mario', 'Aires (Setubal)', 720860137);
insert into eventoEmergencia values (919602318, '2018-01-23 23:20:26', 'Francisco Cruz', 'Oliveira do Hospital', 238533082);
insert into eventoEmergencia values (969857103, '2018-06-27 03:37:26', 'Irina Barbas', 'Aguas Ferreas (Povoa de Varzim)', 582639896);
insert into eventoEmergencia values (217130776, '2018-10-27 15:57:40', 'Aurora Maia', 'Casas Brancas', 848556245);
insert into eventoEmergencia values (933553076, '2018-01-16 05:55:50', 'Soraia Fonseca', 'Amoreirinha', 98836122);
insert into eventoEmergencia values (211947037, '2018-03-27 14:08:52', 'Jaime Belmonte', 'Casal Resoneiro', 49768647);
insert into eventoEmergencia values (215898351, '2018-10-03 02:47:13', 'Benedita Ramos', 'Moita Redonda', 144371014);
insert into eventoEmergencia values (934508609, '2018-07-18 13:31:28', 'Julia Cunha', 'Foros da Catrapona', 649055322);
insert into eventoEmergencia values (969202049, '2018-02-07 19:29:20', 'Duarte Lopes', 'Burgada', 630070396);
insert into eventoEmergencia values (919266000, '2018-05-26 02:13:39', 'Fabio Silva', 'Oliveira do Hospital', 50496806);
insert into eventoEmergencia values (969880251, '2018-07-19 19:55:01', 'Barbara Pedro', 'Muleneta', 10293861);
insert into eventoEmergencia values (213644462, '2018-02-20 11:55:14', 'Simao Nascimento', 'Fontainhas (Amorim)', null);
insert into eventoEmergencia values (211226713, '2018-05-20 11:29:05', 'Clara Barros', 'Bairro de Almodena', 279280116);
insert into eventoEmergencia values (932935737, '2018-05-26 19:29:03', 'Vanessa Feio', 'Miratejo', 68587744);
insert into eventoEmergencia values (913530302, '2018-02-20 11:55:14', 'Laura Jordao', 'Granja de Alpriate', 467622111);
insert into eventoEmergencia values (215766761, '2018-02-26 15:32:35', 'Mario Pacheco', 'Miratejo', 954061463);
insert into eventoEmergencia values (919793629, '2018-06-13 22:43:18', 'Rodolfo Dias', 'Castelhanas', 233547212);
insert into eventoEmergencia values (219531745, '2018-08-18 14:38:15', 'Barbara Gomes', 'Castelo Picao', null);
insert into eventoEmergencia values (215766761, '2018-08-01 10:36:32', 'Catia Pires', 'Moimento (Fatima)', 684927329);
insert into eventoEmergencia values (912688870, '2018-02-27 03:52:27', 'Ian Mata', 'Gestrins', 248058284);
insert into eventoEmergencia values (912097977, '2018-05-20 11:29:05', 'Rodolfo Abreu', 'Carregosa (Povoa de Varzim)', 34419742);
insert into eventoEmergencia values (912097977, '2018-06-12 05:28:54', 'Lara Paiva', 'Casal Mouro', 867219871);
insert into eventoEmergencia values (968839393, '2018-09-04 20:52:14', 'Carmo Maia', 'Granja do Marquês', 231074490);
insert into eventoEmergencia values (218038534, '2018-08-06 01:49:27', 'Julia Araujo', 'Gestrins', 477949225);
insert into eventoEmergencia values (916768832, '2018-01-10 13:45:21', 'Mario Jesus', 'Cabeda', 223533223);
insert into eventoEmergencia values (212225390, '2018-04-06 15:31:03', 'Constanca Carvalho', 'Algueirao', 678494139);
insert into eventoEmergencia values (219531745, '2018-04-23 02:56:47', 'Carlota Valente', 'Lugar da Pinta', 67112959);
insert into eventoEmergencia values (934388707, '2018-04-11 22:31:19', 'Tomas Feio', 'Aldeia Grande', 207194211);
insert into eventoEmergencia values (919266000, '2018-09-15 13:31:47', 'Daniela Aveiro', 'Alem (Povoa de Varzim)', 341342470);
insert into eventoEmergencia values (935200100, '2018-06-23 21:03:47', 'Graca Leite', 'Amorim de Cima', 464855680);
insert into eventoEmergencia values (934439091, '2018-08-30 09:15:25', 'Francisca Marques', 'Abadia de Bouro', 871638922);
insert into eventoEmergencia values (216648786, '2018-06-08 05:04:14', 'Lucas Neto', 'Manique de Baixo', 675660925);
insert into eventoEmergencia values (964106374, '2018-07-23 22:03:31', 'Liliana Flores', 'Areosa (Agucadoura)', 284022400);
insert into eventoEmergencia values (938460604, '2018-05-17 01:21:35', 'Isabela Peralta', 'Cadilhe', 31852179);
insert into eventoEmergencia values (217720803, '2018-09-16 17:28:32', 'Santiago Neto', 'Casas Brancas', 998755243);
insert into eventoEmergencia values (938985748, '2018-05-07 16:17:49', 'Liliana Neto', 'Foros da Catrapona', 165064573);
insert into eventoEmergencia values (916044924, '2018-04-04 15:07:02', 'Afonso Caetano', 'Foros da Catrapona', 826623777);
insert into eventoEmergencia values (912964258, '2018-05-11 23:49:50', 'Martim Guerreiro', 'Casalinho', 500634383);
insert into eventoEmergencia values (213799820, '2018-05-13 21:23:23', 'Laura Palhoto', 'Caxieira', 940439467);
insert into eventoEmergencia values (914162678, '2018-08-15 18:19:29', 'Claudio Correia', 'Gestrins', 895645195);
insert into eventoEmergencia values (215341075, '2018-06-25 09:07:24', 'Sofia Campos', 'Mogos', 354101393);
insert into eventoEmergencia values (211811684, '2018-06-21 17:36:18', 'Dinis Lopes', 'Gozundeira', 767624952);
insert into eventoEmergencia values (218695619, '2018-01-16 02:23:24', 'Henrique Vaz', 'Aires (Setubal)', 800639973);
insert into eventoEmergencia values (961542577, '2018-11-17 22:27:41', 'Ivo Moreira', 'Agra (Amorim)', 32089258);
insert into eventoEmergencia values (969982781, '2018-03-29 04:19:19', 'Amanda Pimenta', 'Monchique', 412876077);
insert into eventoEmergencia values (215773765, '2018-06-13 22:43:18', 'Mariana Ribeiro', 'Cadilhe', 580450027);
insert into eventoEmergencia values (913274454, '2018-02-21 15:05:58', 'Nuno Correia', 'Casal Resoneiro', 450839344);
insert into eventoEmergencia values (962430706, '2018-06-16 19:38:29', 'Miguel Batista', 'Areosa (Agucadoura)', 816758358);
insert into eventoEmergencia values (211337490, '2018-01-09 14:38:18', 'Andre Ramos', 'Fontainhas (Amorim)', 582585962);
insert into eventoEmergencia values (218446685, '2018-10-21 17:06:15', 'Jaime Correia', 'Crasto (Povoa de Varzim)', 115272568);
insert into eventoEmergencia values (215888495, '2018-08-12 03:45:24', 'Ines Correia', 'Espinhal (Povoa de Varzim)', 566210920);
insert into eventoEmergencia values (215702068, '2018-04-15 20:15:37', 'Miguel Alves', 'Foros de Amora', 386784673);
insert into eventoEmergencia values (218695619, '2018-05-03 20:25:36', 'Mafalda Coelho', 'Cadilhe', 670564688);
insert into eventoEmergencia values (961855757, '2018-01-18 01:17:04', 'Patricia Patrao', 'Giesteira (Fatima)', 683437896);
insert into eventoEmergencia values (218710096, '2018-01-10 13:45:21', 'Sofia Figueiredo', 'Eira da Pedra', 987605179);
insert into eventoEmergencia values (964106374, '2018-05-20 11:29:05', 'Diana Marques', 'Alcanica', 747139914);
insert into eventoEmergencia values (969754623, '2018-11-23 18:54:22', 'Vitor Mata', 'Oliveira do Hospital', 306237561);
insert into eventoEmergencia values (213428309, '2018-02-24 03:08:23', 'Alice Maia', 'Cadilhe', 791096809);
insert into eventoEmergencia values (969700793, '2018-02-21 14:04:33', 'Graca Sousa', 'Baldoiaa)', 342646187);
insert into eventoEmergencia values (913530302, '2018-11-20 08:42:37', 'Ana Correia', 'Aldeia (Agucadoura)', 547862477);
insert into eventoEmergencia values (211254795, '2018-09-17 19:28:22', 'Antonio Patricio', 'Mourilhe (Povoa de Varzim)', null);
insert into eventoEmergencia values (214984965, '2018-04-06 15:31:03', 'Julia Pedreira', 'Moita do Boi', 88647599);
insert into eventoEmergencia values (218710096, '2018-10-09 15:36:18', 'Alice Neves', 'Casais Brancos (Atouguia da Baleia)', 996565706);
insert into eventoEmergencia values (215766761, '2018-02-24 03:08:23', 'Emanuel Borges', 'Antoes', null);
insert into eventoEmergencia values (916765389, '2018-06-10 05:09:04', 'Fernanda Sa', 'Caminho Largo', 760971628);
insert into eventoEmergencia values (911543757, '2018-11-24 03:34:09', 'Paulo Maia', 'Maria Vinagre', 149656775);
insert into eventoEmergencia values (932935737, '2018-06-10 11:09:49', 'Duarte Nascimento', 'Mourilhe (Povoa de Varzim)', 74238776);
insert into eventoEmergencia values (939430308, '2018-04-13 02:33:42', 'Mariana Loureiro', 'Lourel', 101215674);
insert into eventoEmergencia values (938985748, '2018-06-30 14:12:10', 'Guiomar Teixeira', 'Ordem (Povoa de Varzim)', 771411169);
insert into eventoEmergencia values (969676274, '2018-10-23 12:49:48', 'Soraia Matos', 'Manique de Baixo', 545944924);
insert into eventoEmergencia values (963944890, '2018-01-26 06:39:35', 'Joao Palhoto', 'Casal Mouro', 83358181);
insert into eventoEmergencia values (967938583, '2018-08-14 22:38:41', 'Gabriel Vicente', 'Monchique', 116058739);
insert into eventoEmergencia values (969202049, '2018-07-08 07:29:15', 'Marisa Simoes', 'Matos da Vila', 963865467);
insert into eventoEmergencia values (969776505, '2018-08-27 16:16:52', 'Leonor Ramos', 'Casais das Comeiras', 32157781);
insert into eventoEmergencia values (217735220, '2018-10-27 16:36:39', 'Tatiana Semedo', 'Gesta (Freguesia de Oia)', 926589058);
insert into eventoEmergencia values (919357502, '2018-03-27 14:08:52', 'Sofia Rebelo', 'Foros da Catrapona', 685203771);
insert into eventoEmergencia values (917764594, '2018-09-02 09:10:32', 'Adriana Azevedo', 'Oliveira do Hospital', 503766701);


insert into entidadeMeio values ('Entidade 0');
insert into entidadeMeio values ('Entidade 1');
insert into entidadeMeio values ('Entidade 2');
insert into entidadeMeio values ('Entidade 3');
insert into entidadeMeio values ('Entidade 4');
insert into entidadeMeio values ('Entidade 5');
insert into entidadeMeio values ('Entidade 6');
insert into entidadeMeio values ('Entidade 7');
insert into entidadeMeio values ('Entidade 8');
insert into entidadeMeio values ('Entidade 9');
insert into entidadeMeio values ('Entidade 10');
insert into entidadeMeio values ('Entidade 11');
insert into entidadeMeio values ('Entidade 12');
insert into entidadeMeio values ('Entidade 13');
insert into entidadeMeio values ('Entidade 14');
insert into entidadeMeio values ('Entidade 15');
insert into entidadeMeio values ('Entidade 16');
insert into entidadeMeio values ('Entidade 17');
insert into entidadeMeio values ('Entidade 18');
insert into entidadeMeio values ('Entidade 19');
insert into entidadeMeio values ('Entidade 20');
insert into entidadeMeio values ('Entidade 21');
insert into entidadeMeio values ('Entidade 22');
insert into entidadeMeio values ('Entidade 23');
insert into entidadeMeio values ('Entidade 24');
insert into entidadeMeio values ('Entidade 25');
insert into entidadeMeio values ('Entidade 26');
insert into entidadeMeio values ('Entidade 27');
insert into entidadeMeio values ('Entidade 28');
insert into entidadeMeio values ('Entidade 29');
insert into entidadeMeio values ('Entidade 30');
insert into entidadeMeio values ('Entidade 31');
insert into entidadeMeio values ('Entidade 32');
insert into entidadeMeio values ('Entidade 33');
insert into entidadeMeio values ('Entidade 34');
insert into entidadeMeio values ('Entidade 35');
insert into entidadeMeio values ('Entidade 36');
insert into entidadeMeio values ('Entidade 37');
insert into entidadeMeio values ('Entidade 38');
insert into entidadeMeio values ('Entidade 39');
insert into entidadeMeio values ('Entidade 40');
insert into entidadeMeio values ('Entidade 41');
insert into entidadeMeio values ('Entidade 42');
insert into entidadeMeio values ('Entidade 43');
insert into entidadeMeio values ('Entidade 44');
insert into entidadeMeio values ('Entidade 45');
insert into entidadeMeio values ('Entidade 46');
insert into entidadeMeio values ('Entidade 47');
insert into entidadeMeio values ('Entidade 48');
insert into entidadeMeio values ('Entidade 49');
insert into entidadeMeio values ('Entidade 50');
insert into entidadeMeio values ('Entidade 51');
insert into entidadeMeio values ('Entidade 52');
insert into entidadeMeio values ('Entidade 53');
insert into entidadeMeio values ('Entidade 54');
insert into entidadeMeio values ('Entidade 55');
insert into entidadeMeio values ('Entidade 56');
insert into entidadeMeio values ('Entidade 57');
insert into entidadeMeio values ('Entidade 58');
insert into entidadeMeio values ('Entidade 59');
insert into entidadeMeio values ('Entidade 60');
insert into entidadeMeio values ('Entidade 61');
insert into entidadeMeio values ('Entidade 62');
insert into entidadeMeio values ('Entidade 63');
insert into entidadeMeio values ('Entidade 64');
insert into entidadeMeio values ('Entidade 65');
insert into entidadeMeio values ('Entidade 66');
insert into entidadeMeio values ('Entidade 67');
insert into entidadeMeio values ('Entidade 68');
insert into entidadeMeio values ('Entidade 69');
insert into entidadeMeio values ('Entidade 70');
insert into entidadeMeio values ('Entidade 71');
insert into entidadeMeio values ('Entidade 72');
insert into entidadeMeio values ('Entidade 73');
insert into entidadeMeio values ('Entidade 74');
insert into entidadeMeio values ('Entidade 75');
insert into entidadeMeio values ('Entidade 76');
insert into entidadeMeio values ('Entidade 77');
insert into entidadeMeio values ('Entidade 78');
insert into entidadeMeio values ('Entidade 79');
insert into entidadeMeio values ('Entidade 80');
insert into entidadeMeio values ('Entidade 81');
insert into entidadeMeio values ('Entidade 82');
insert into entidadeMeio values ('Entidade 83');
insert into entidadeMeio values ('Entidade 84');
insert into entidadeMeio values ('Entidade 85');
insert into entidadeMeio values ('Entidade 86');
insert into entidadeMeio values ('Entidade 87');
insert into entidadeMeio values ('Entidade 88');
insert into entidadeMeio values ('Entidade 89');
insert into entidadeMeio values ('Entidade 90');
insert into entidadeMeio values ('Entidade 91');
insert into entidadeMeio values ('Entidade 92');
insert into entidadeMeio values ('Entidade 93');
insert into entidadeMeio values ('Entidade 94');
insert into entidadeMeio values ('Entidade 95');
insert into entidadeMeio values ('Entidade 96');
insert into entidadeMeio values ('Entidade 97');
insert into entidadeMeio values ('Entidade 98');
insert into entidadeMeio values ('Entidade 99');


insert into meio values (0, 'Meio 0', 'Entidade 1');
insert into meio values (1, 'Meio 1', 'Entidade 1');
insert into meio values (2, 'Meio 2', 'Entidade 1');
insert into meio values (3, 'Meio 3', 'Entidade 1');
insert into meio values (4, 'Meio 4', 'Entidade 1');
insert into meio values (0, 'Meio 0', 'Entidade 2');
insert into meio values (1, 'Meio 1', 'Entidade 2');
insert into meio values (0, 'Meio 0', 'Entidade 4');
insert into meio values (0, 'Meio 0', 'Entidade 5');
insert into meio values (1, 'Meio 1', 'Entidade 5');
insert into meio values (2, 'Meio 2', 'Entidade 5');
insert into meio values (3, 'Meio 3', 'Entidade 5');
insert into meio values (4, 'Meio 4', 'Entidade 5');
insert into meio values (0, 'Meio 0', 'Entidade 6');
insert into meio values (0, 'Meio 0', 'Entidade 7');
insert into meio values (1, 'Meio 1', 'Entidade 7');
insert into meio values (2, 'Meio 2', 'Entidade 7');
insert into meio values (3, 'Meio 3', 'Entidade 7');
insert into meio values (4, 'Meio 4', 'Entidade 7');
insert into meio values (0, 'Meio 0', 'Entidade 8');
insert into meio values (1, 'Meio 1', 'Entidade 8');
insert into meio values (2, 'Meio 2', 'Entidade 8');
insert into meio values (3, 'Meio 3', 'Entidade 8');
insert into meio values (0, 'Meio 0', 'Entidade 9');
insert into meio values (1, 'Meio 1', 'Entidade 9');
insert into meio values (2, 'Meio 2', 'Entidade 9');
insert into meio values (3, 'Meio 3', 'Entidade 9');
insert into meio values (4, 'Meio 4', 'Entidade 9');
insert into meio values (0, 'Meio 0', 'Entidade 10');
insert into meio values (1, 'Meio 1', 'Entidade 10');
insert into meio values (2, 'Meio 2', 'Entidade 10');
insert into meio values (3, 'Meio 3', 'Entidade 10');
insert into meio values (4, 'Meio 4', 'Entidade 10');
insert into meio values (5, 'Meio 5', 'Entidade 10');
insert into meio values (0, 'Meio 0', 'Entidade 11');
insert into meio values (1, 'Meio 1', 'Entidade 11');
insert into meio values (2, 'Meio 2', 'Entidade 11');
insert into meio values (3, 'Meio 3', 'Entidade 11');
insert into meio values (4, 'Meio 4', 'Entidade 11');
insert into meio values (5, 'Meio 5', 'Entidade 11');
insert into meio values (0, 'Meio 0', 'Entidade 12');
insert into meio values (1, 'Meio 1', 'Entidade 12');
insert into meio values (2, 'Meio 2', 'Entidade 12');
insert into meio values (3, 'Meio 3', 'Entidade 12');
insert into meio values (0, 'Meio 0', 'Entidade 13');
insert into meio values (1, 'Meio 1', 'Entidade 13');
insert into meio values (2, 'Meio 2', 'Entidade 13');
insert into meio values (3, 'Meio 3', 'Entidade 13');
insert into meio values (4, 'Meio 4', 'Entidade 13');
insert into meio values (5, 'Meio 5', 'Entidade 13');
insert into meio values (0, 'Meio 0', 'Entidade 14');
insert into meio values (1, 'Meio 1', 'Entidade 14');
insert into meio values (2, 'Meio 2', 'Entidade 14');
insert into meio values (0, 'Meio 0', 'Entidade 15');
insert into meio values (1, 'Meio 1', 'Entidade 15');
insert into meio values (2, 'Meio 2', 'Entidade 15');
insert into meio values (3, 'Meio 3', 'Entidade 15');
insert into meio values (4, 'Meio 4', 'Entidade 15');
insert into meio values (5, 'Meio 5', 'Entidade 15');
insert into meio values (0, 'Meio 0', 'Entidade 16');
insert into meio values (1, 'Meio 1', 'Entidade 16');
insert into meio values (2, 'Meio 2', 'Entidade 16');
insert into meio values (0, 'Meio 0', 'Entidade 17');
insert into meio values (1, 'Meio 1', 'Entidade 17');
insert into meio values (0, 'Meio 0', 'Entidade 18');
insert into meio values (1, 'Meio 1', 'Entidade 18');
insert into meio values (2, 'Meio 2', 'Entidade 18');
insert into meio values (0, 'Meio 0', 'Entidade 19');
insert into meio values (1, 'Meio 1', 'Entidade 19');
insert into meio values (2, 'Meio 2', 'Entidade 19');
insert into meio values (0, 'Meio 0', 'Entidade 20');
insert into meio values (0, 'Meio 0', 'Entidade 21');
insert into meio values (1, 'Meio 1', 'Entidade 21');
insert into meio values (0, 'Meio 0', 'Entidade 22');
insert into meio values (1, 'Meio 1', 'Entidade 22');
insert into meio values (2, 'Meio 2', 'Entidade 22');
insert into meio values (3, 'Meio 3', 'Entidade 22');
insert into meio values (4, 'Meio 4', 'Entidade 22');
insert into meio values (5, 'Meio 5', 'Entidade 22');
insert into meio values (0, 'Meio 0', 'Entidade 23');
insert into meio values (1, 'Meio 1', 'Entidade 23');
insert into meio values (0, 'Meio 0', 'Entidade 24');
insert into meio values (1, 'Meio 1', 'Entidade 24');
insert into meio values (2, 'Meio 2', 'Entidade 24');
insert into meio values (3, 'Meio 3', 'Entidade 24');
insert into meio values (4, 'Meio 4', 'Entidade 24');
insert into meio values (0, 'Meio 0', 'Entidade 25');
insert into meio values (1, 'Meio 1', 'Entidade 25');
insert into meio values (0, 'Meio 0', 'Entidade 26');
insert into meio values (1, 'Meio 1', 'Entidade 26');
insert into meio values (2, 'Meio 2', 'Entidade 26');
insert into meio values (3, 'Meio 3', 'Entidade 26');
insert into meio values (0, 'Meio 0', 'Entidade 27');
insert into meio values (1, 'Meio 1', 'Entidade 27');
insert into meio values (2, 'Meio 2', 'Entidade 27');
insert into meio values (3, 'Meio 3', 'Entidade 27');
insert into meio values (4, 'Meio 4', 'Entidade 27');
insert into meio values (0, 'Meio 0', 'Entidade 28');
insert into meio values (1, 'Meio 1', 'Entidade 28');
insert into meio values (2, 'Meio 2', 'Entidade 28');
insert into meio values (0, 'Meio 0', 'Entidade 29');
insert into meio values (1, 'Meio 1', 'Entidade 29');
insert into meio values (2, 'Meio 2', 'Entidade 29');
insert into meio values (3, 'Meio 3', 'Entidade 29');
insert into meio values (0, 'Meio 0', 'Entidade 30');
insert into meio values (1, 'Meio 1', 'Entidade 30');
insert into meio values (2, 'Meio 2', 'Entidade 30');
insert into meio values (3, 'Meio 3', 'Entidade 30');
insert into meio values (0, 'Meio 0', 'Entidade 31');
insert into meio values (0, 'Meio 0', 'Entidade 32');
insert into meio values (1, 'Meio 1', 'Entidade 32');
insert into meio values (2, 'Meio 2', 'Entidade 32');
insert into meio values (3, 'Meio 3', 'Entidade 32');
insert into meio values (4, 'Meio 4', 'Entidade 32');
insert into meio values (0, 'Meio 0', 'Entidade 35');
insert into meio values (1, 'Meio 1', 'Entidade 35');
insert into meio values (2, 'Meio 2', 'Entidade 35');
insert into meio values (0, 'Meio 0', 'Entidade 36');
insert into meio values (1, 'Meio 1', 'Entidade 36');
insert into meio values (0, 'Meio 0', 'Entidade 37');
insert into meio values (1, 'Meio 1', 'Entidade 37');
insert into meio values (2, 'Meio 2', 'Entidade 37');
insert into meio values (3, 'Meio 3', 'Entidade 37');
insert into meio values (0, 'Meio 0', 'Entidade 38');
insert into meio values (0, 'Meio 0', 'Entidade 39');
insert into meio values (0, 'Meio 0', 'Entidade 40');
insert into meio values (0, 'Meio 0', 'Entidade 41');
insert into meio values (1, 'Meio 1', 'Entidade 41');
insert into meio values (2, 'Meio 2', 'Entidade 41');
insert into meio values (3, 'Meio 3', 'Entidade 41');
insert into meio values (4, 'Meio 4', 'Entidade 41');
insert into meio values (0, 'Meio 0', 'Entidade 42');
insert into meio values (1, 'Meio 1', 'Entidade 42');
insert into meio values (0, 'Meio 0', 'Entidade 43');
insert into meio values (1, 'Meio 1', 'Entidade 43');
insert into meio values (2, 'Meio 2', 'Entidade 43');
insert into meio values (3, 'Meio 3', 'Entidade 43');
insert into meio values (4, 'Meio 4', 'Entidade 43');
insert into meio values (5, 'Meio 5', 'Entidade 43');
insert into meio values (0, 'Meio 0', 'Entidade 44');
insert into meio values (1, 'Meio 1', 'Entidade 44');
insert into meio values (2, 'Meio 2', 'Entidade 44');
insert into meio values (3, 'Meio 3', 'Entidade 44');
insert into meio values (4, 'Meio 4', 'Entidade 44');
insert into meio values (0, 'Meio 0', 'Entidade 45');
insert into meio values (1, 'Meio 1', 'Entidade 45');
insert into meio values (2, 'Meio 2', 'Entidade 45');
insert into meio values (3, 'Meio 3', 'Entidade 45');
insert into meio values (4, 'Meio 4', 'Entidade 45');
insert into meio values (5, 'Meio 5', 'Entidade 45');
insert into meio values (0, 'Meio 0', 'Entidade 46');
insert into meio values (1, 'Meio 1', 'Entidade 46');
insert into meio values (2, 'Meio 2', 'Entidade 46');
insert into meio values (0, 'Meio 0', 'Entidade 47');
insert into meio values (1, 'Meio 1', 'Entidade 47');
insert into meio values (2, 'Meio 2', 'Entidade 47');
insert into meio values (0, 'Meio 0', 'Entidade 48');
insert into meio values (1, 'Meio 1', 'Entidade 48');
insert into meio values (2, 'Meio 2', 'Entidade 48');
insert into meio values (0, 'Meio 0', 'Entidade 49');
insert into meio values (1, 'Meio 1', 'Entidade 49');
insert into meio values (2, 'Meio 2', 'Entidade 49');
insert into meio values (3, 'Meio 3', 'Entidade 49');
insert into meio values (4, 'Meio 4', 'Entidade 49');
insert into meio values (5, 'Meio 5', 'Entidade 49');
insert into meio values (0, 'Meio 0', 'Entidade 50');
insert into meio values (1, 'Meio 1', 'Entidade 50');
insert into meio values (2, 'Meio 2', 'Entidade 50');
insert into meio values (3, 'Meio 3', 'Entidade 50');
insert into meio values (4, 'Meio 4', 'Entidade 50');
insert into meio values (5, 'Meio 5', 'Entidade 50');
insert into meio values (0, 'Meio 0', 'Entidade 51');
insert into meio values (1, 'Meio 1', 'Entidade 51');
insert into meio values (2, 'Meio 2', 'Entidade 51');
insert into meio values (0, 'Meio 0', 'Entidade 52');
insert into meio values (1, 'Meio 1', 'Entidade 52');
insert into meio values (0, 'Meio 0', 'Entidade 53');
insert into meio values (1, 'Meio 1', 'Entidade 53');
insert into meio values (2, 'Meio 2', 'Entidade 53');
insert into meio values (3, 'Meio 3', 'Entidade 53');
insert into meio values (0, 'Meio 0', 'Entidade 54');
insert into meio values (1, 'Meio 1', 'Entidade 54');
insert into meio values (2, 'Meio 2', 'Entidade 54');
insert into meio values (3, 'Meio 3', 'Entidade 54');
insert into meio values (4, 'Meio 4', 'Entidade 54');
insert into meio values (5, 'Meio 5', 'Entidade 54');
insert into meio values (0, 'Meio 0', 'Entidade 55');
insert into meio values (1, 'Meio 1', 'Entidade 55');
insert into meio values (2, 'Meio 2', 'Entidade 55');
insert into meio values (0, 'Meio 0', 'Entidade 56');
insert into meio values (1, 'Meio 1', 'Entidade 56');
insert into meio values (2, 'Meio 2', 'Entidade 56');
insert into meio values (3, 'Meio 3', 'Entidade 56');
insert into meio values (0, 'Meio 0', 'Entidade 57');
insert into meio values (1, 'Meio 1', 'Entidade 57');
insert into meio values (2, 'Meio 2', 'Entidade 57');
insert into meio values (3, 'Meio 3', 'Entidade 57');
insert into meio values (0, 'Meio 0', 'Entidade 59');
insert into meio values (1, 'Meio 1', 'Entidade 59');
insert into meio values (0, 'Meio 0', 'Entidade 60');
insert into meio values (1, 'Meio 1', 'Entidade 60');
insert into meio values (2, 'Meio 2', 'Entidade 60');
insert into meio values (3, 'Meio 3', 'Entidade 60');
insert into meio values (4, 'Meio 4', 'Entidade 60');
insert into meio values (5, 'Meio 5', 'Entidade 60');
insert into meio values (0, 'Meio 0', 'Entidade 61');
insert into meio values (0, 'Meio 0', 'Entidade 62');
insert into meio values (1, 'Meio 1', 'Entidade 62');
insert into meio values (0, 'Meio 0', 'Entidade 63');
insert into meio values (0, 'Meio 0', 'Entidade 64');
insert into meio values (1, 'Meio 1', 'Entidade 64');
insert into meio values (2, 'Meio 2', 'Entidade 64');
insert into meio values (3, 'Meio 3', 'Entidade 64');
insert into meio values (4, 'Meio 4', 'Entidade 64');
insert into meio values (5, 'Meio 5', 'Entidade 64');
insert into meio values (0, 'Meio 0', 'Entidade 65');
insert into meio values (1, 'Meio 1', 'Entidade 65');
insert into meio values (2, 'Meio 2', 'Entidade 65');
insert into meio values (3, 'Meio 3', 'Entidade 65');
insert into meio values (4, 'Meio 4', 'Entidade 65');
insert into meio values (0, 'Meio 0', 'Entidade 66');
insert into meio values (0, 'Meio 0', 'Entidade 67');
insert into meio values (1, 'Meio 1', 'Entidade 67');
insert into meio values (2, 'Meio 2', 'Entidade 67');
insert into meio values (0, 'Meio 0', 'Entidade 68');
insert into meio values (0, 'Meio 0', 'Entidade 69');
insert into meio values (1, 'Meio 1', 'Entidade 69');
insert into meio values (0, 'Meio 0', 'Entidade 70');
insert into meio values (1, 'Meio 1', 'Entidade 70');
insert into meio values (2, 'Meio 2', 'Entidade 70');
insert into meio values (3, 'Meio 3', 'Entidade 70');
insert into meio values (4, 'Meio 4', 'Entidade 70');
insert into meio values (5, 'Meio 5', 'Entidade 70');
insert into meio values (0, 'Meio 0', 'Entidade 71');
insert into meio values (1, 'Meio 1', 'Entidade 71');
insert into meio values (2, 'Meio 2', 'Entidade 71');
insert into meio values (3, 'Meio 3', 'Entidade 71');
insert into meio values (4, 'Meio 4', 'Entidade 71');
insert into meio values (0, 'Meio 0', 'Entidade 72');
insert into meio values (1, 'Meio 1', 'Entidade 72');
insert into meio values (2, 'Meio 2', 'Entidade 72');
insert into meio values (3, 'Meio 3', 'Entidade 72');
insert into meio values (4, 'Meio 4', 'Entidade 72');
insert into meio values (5, 'Meio 5', 'Entidade 72');
insert into meio values (0, 'Meio 0', 'Entidade 73');
insert into meio values (1, 'Meio 1', 'Entidade 73');
insert into meio values (2, 'Meio 2', 'Entidade 73');
insert into meio values (0, 'Meio 0', 'Entidade 74');
insert into meio values (1, 'Meio 1', 'Entidade 74');
insert into meio values (2, 'Meio 2', 'Entidade 74');
insert into meio values (3, 'Meio 3', 'Entidade 74');
insert into meio values (4, 'Meio 4', 'Entidade 74');
insert into meio values (5, 'Meio 5', 'Entidade 74');
insert into meio values (0, 'Meio 0', 'Entidade 75');
insert into meio values (1, 'Meio 1', 'Entidade 75');
insert into meio values (2, 'Meio 2', 'Entidade 75');
insert into meio values (3, 'Meio 3', 'Entidade 75');
insert into meio values (4, 'Meio 4', 'Entidade 75');
insert into meio values (0, 'Meio 0', 'Entidade 77');
insert into meio values (1, 'Meio 1', 'Entidade 77');
insert into meio values (2, 'Meio 2', 'Entidade 77');
insert into meio values (0, 'Meio 0', 'Entidade 78');
insert into meio values (1, 'Meio 1', 'Entidade 78');
insert into meio values (0, 'Meio 0', 'Entidade 79');
insert into meio values (1, 'Meio 1', 'Entidade 79');
insert into meio values (2, 'Meio 2', 'Entidade 79');
insert into meio values (3, 'Meio 3', 'Entidade 79');
insert into meio values (4, 'Meio 4', 'Entidade 79');
insert into meio values (5, 'Meio 5', 'Entidade 79');
insert into meio values (0, 'Meio 0', 'Entidade 80');
insert into meio values (0, 'Meio 0', 'Entidade 81');
insert into meio values (1, 'Meio 1', 'Entidade 81');
insert into meio values (2, 'Meio 2', 'Entidade 81');
insert into meio values (0, 'Meio 0', 'Entidade 82');
insert into meio values (1, 'Meio 1', 'Entidade 82');
insert into meio values (0, 'Meio 0', 'Entidade 85');
insert into meio values (1, 'Meio 1', 'Entidade 85');
insert into meio values (2, 'Meio 2', 'Entidade 85');
insert into meio values (0, 'Meio 0', 'Entidade 86');
insert into meio values (1, 'Meio 1', 'Entidade 86');
insert into meio values (2, 'Meio 2', 'Entidade 86');
insert into meio values (3, 'Meio 3', 'Entidade 86');
insert into meio values (0, 'Meio 0', 'Entidade 87');
insert into meio values (1, 'Meio 1', 'Entidade 87');
insert into meio values (2, 'Meio 2', 'Entidade 87');
insert into meio values (3, 'Meio 3', 'Entidade 87');
insert into meio values (0, 'Meio 0', 'Entidade 88');
insert into meio values (1, 'Meio 1', 'Entidade 88');
insert into meio values (2, 'Meio 2', 'Entidade 88');
insert into meio values (0, 'Meio 0', 'Entidade 89');
insert into meio values (1, 'Meio 1', 'Entidade 89');
insert into meio values (2, 'Meio 2', 'Entidade 89');
insert into meio values (3, 'Meio 3', 'Entidade 89');
insert into meio values (4, 'Meio 4', 'Entidade 89');
insert into meio values (5, 'Meio 5', 'Entidade 89');
insert into meio values (0, 'Meio 0', 'Entidade 90');
insert into meio values (1, 'Meio 1', 'Entidade 90');
insert into meio values (2, 'Meio 2', 'Entidade 90');
insert into meio values (3, 'Meio 3', 'Entidade 90');
insert into meio values (4, 'Meio 4', 'Entidade 90');
insert into meio values (0, 'Meio 0', 'Entidade 92');
insert into meio values (1, 'Meio 1', 'Entidade 92');
insert into meio values (2, 'Meio 2', 'Entidade 92');
insert into meio values (3, 'Meio 3', 'Entidade 92');
insert into meio values (4, 'Meio 4', 'Entidade 92');
insert into meio values (0, 'Meio 0', 'Entidade 93');
insert into meio values (1, 'Meio 1', 'Entidade 93');
insert into meio values (2, 'Meio 2', 'Entidade 93');
insert into meio values (3, 'Meio 3', 'Entidade 93');
insert into meio values (0, 'Meio 0', 'Entidade 94');
insert into meio values (0, 'Meio 0', 'Entidade 95');
insert into meio values (0, 'Meio 0', 'Entidade 96');
insert into meio values (0, 'Meio 0', 'Entidade 97');
insert into meio values (1, 'Meio 1', 'Entidade 97');
insert into meio values (2, 'Meio 2', 'Entidade 97');
insert into meio values (0, 'Meio 0', 'Entidade 98');
insert into meio values (1, 'Meio 1', 'Entidade 98');
insert into meio values (2, 'Meio 2', 'Entidade 98');
insert into meio values (3, 'Meio 3', 'Entidade 98');
insert into meio values (4, 'Meio 4', 'Entidade 98');
insert into meio values (0, 'Meio 0', 'Entidade 99');
insert into meio values (1, 'Meio 1', 'Entidade 99');
insert into meio values (2, 'Meio 2', 'Entidade 99');
insert into meio values (3, 'Meio 3', 'Entidade 99');
insert into meio values (4, 'Meio 4', 'Entidade 99');
insert into meio values (5, 'Meio 5', 'Entidade 99');


insert into meioCombate values (0, 'Entidade 1');
insert into meioCombate values (0, 'Entidade 10');
insert into meioCombate values (4, 'Entidade 90');
insert into meioCombate values (0, 'Entidade 20');
insert into meioCombate values (2, 'Entidade 43');
insert into meioCombate values (0, 'Entidade 74');
insert into meioCombate values (1, 'Entidade 77');
insert into meioCombate values (0, 'Entidade 14');
insert into meioCombate values (0, 'Entidade 52');
insert into meioCombate values (0, 'Entidade 89');
insert into meioCombate values (3, 'Entidade 71');
insert into meioCombate values (1, 'Entidade 26');
insert into meioCombate values (0, 'Entidade 56');
insert into meioCombate values (2, 'Entidade 75');
insert into meioCombate values (2, 'Entidade 51');
insert into meioCombate values (1, 'Entidade 17');
insert into meioCombate values (4, 'Entidade 43');
insert into meioCombate values (2, 'Entidade 79');
insert into meioCombate values (0, 'Entidade 27');
insert into meioCombate values (1, 'Entidade 97');
insert into meioCombate values (3, 'Entidade 99');
insert into meioCombate values (2, 'Entidade 57');
insert into meioCombate values (0, 'Entidade 77');
insert into meioCombate values (3, 'Entidade 45');
insert into meioCombate values (0, 'Entidade 40');
insert into meioCombate values (4, 'Entidade 75');
insert into meioCombate values (5, 'Entidade 45');
insert into meioCombate values (4, 'Entidade 60');
insert into meioCombate values (1, 'Entidade 78');
insert into meioCombate values (4, 'Entidade 22');
insert into meioCombate values (0, 'Entidade 7');
insert into meioCombate values (1, 'Entidade 44');
insert into meioCombate values (0, 'Entidade 29');
insert into meioCombate values (1, 'Entidade 98');
insert into meioCombate values (3, 'Entidade 5');
insert into meioCombate values (0, 'Entidade 70');
insert into meioCombate values (1, 'Entidade 18');
insert into meioCombate values (4, 'Entidade 24');
insert into meioCombate values (4, 'Entidade 5');
insert into meioCombate values (4, 'Entidade 65');
insert into meioCombate values (1, 'Entidade 32');
insert into meioCombate values (4, 'Entidade 89');
insert into meioCombate values (0, 'Entidade 73');
insert into meioCombate values (2, 'Entidade 67');
insert into meioCombate values (3, 'Entidade 89');
insert into meioCombate values (1, 'Entidade 24');
insert into meioCombate values (1, 'Entidade 86');
insert into meioCombate values (1, 'Entidade 28');
insert into meioCombate values (4, 'Entidade 41');
insert into meioCombate values (1, 'Entidade 56');
insert into meioCombate values (3, 'Entidade 75');
insert into meioCombate values (0, 'Entidade 46');
insert into meioCombate values (1, 'Entidade 8');
insert into meioCombate values (1, 'Entidade 19');
insert into meioCombate values (3, 'Entidade 87');
insert into meioCombate values (2, 'Entidade 30');
insert into meioCombate values (2, 'Entidade 97');
insert into meioCombate values (3, 'Entidade 30');
insert into meioCombate values (2, 'Entidade 55');
insert into meioCombate values (5, 'Entidade 72');
insert into meioCombate values (3, 'Entidade 24');
insert into meioCombate values (2, 'Entidade 26');
insert into meioCombate values (1, 'Entidade 99');
insert into meioCombate values (2, 'Entidade 28');
insert into meioCombate values (0, 'Entidade 92');
insert into meioCombate values (0, 'Entidade 39');
insert into meioCombate values (0, 'Entidade 48');
insert into meioCombate values (1, 'Entidade 45');
insert into meioCombate values (0, 'Entidade 5');
insert into meioCombate values (1, 'Entidade 11');
insert into meioCombate values (1, 'Entidade 87');
insert into meioCombate values (3, 'Entidade 86');
insert into meioCombate values (3, 'Entidade 74');
insert into meioCombate values (0, 'Entidade 90');
insert into meioCombate values (4, 'Entidade 1');
insert into meioCombate values (3, 'Entidade 49');
insert into meioCombate values (5, 'Entidade 43');
insert into meioCombate values (0, 'Entidade 80');
insert into meioCombate values (0, 'Entidade 88');
insert into meioCombate values (0, 'Entidade 17');
insert into meioCombate values (0, 'Entidade 2');
insert into meioCombate values (1, 'Entidade 25');
insert into meioCombate values (0, 'Entidade 19');
insert into meioCombate values (2, 'Entidade 74');
insert into meioCombate values (4, 'Entidade 32');
insert into meioCombate values (3, 'Entidade 50');
insert into meioCombate values (0, 'Entidade 49');
insert into meioCombate values (4, 'Entidade 50');
insert into meioCombate values (4, 'Entidade 10');
insert into meioCombate values (1, 'Entidade 64');
insert into meioCombate values (0, 'Entidade 12');
insert into meioCombate values (2, 'Entidade 1');
insert into meioCombate values (3, 'Entidade 1');
insert into meioCombate values (1, 'Entidade 1');
insert into meioCombate values (5, 'Entidade 13');
insert into meioCombate values (2, 'Entidade 56');
insert into meioCombate values (1, 'Entidade 42');
insert into meioCombate values (2, 'Entidade 29');
insert into meioCombate values (3, 'Entidade 79');
insert into meioCombate values (2, 'Entidade 16');
insert into meioCombate values (3, 'Entidade 22');
insert into meioCombate values (2, 'Entidade 90');
insert into meioCombate values (1, 'Entidade 74');
insert into meioCombate values (2, 'Entidade 35');
insert into meioCombate values (0, 'Entidade 69');
insert into meioCombate values (4, 'Entidade 64');
insert into meioCombate values (0, 'Entidade 30');
insert into meioCombate values (0, 'Entidade 28');
insert into meioCombate values (5, 'Entidade 70');
insert into meioCombate values (2, 'Entidade 88');
insert into meioCombate values (5, 'Entidade 74');
insert into meioCombate values (0, 'Entidade 4');
insert into meioCombate values (1, 'Entidade 13');
insert into meioCombate values (0, 'Entidade 47');
insert into meioCombate values (2, 'Entidade 15');
insert into meioCombate values (0, 'Entidade 97');
insert into meioCombate values (1, 'Entidade 23');
insert into meioCombate values (4, 'Entidade 7');
insert into meioCombate values (3, 'Entidade 29');
insert into meioCombate values (1, 'Entidade 43');
insert into meioCombate values (2, 'Entidade 53');
insert into meioCombate values (2, 'Entidade 14');
insert into meioCombate values (5, 'Entidade 64');
insert into meioCombate values (3, 'Entidade 98');
insert into meioCombate values (1, 'Entidade 16');
insert into meioCombate values (2, 'Entidade 37');
insert into meioCombate values (0, 'Entidade 31');
insert into meioCombate values (1, 'Entidade 55');
insert into meioCombate values (3, 'Entidade 44');
insert into meioCombate values (0, 'Entidade 8');
insert into meioCombate values (0, 'Entidade 78');
insert into meioCombate values (3, 'Entidade 43');


insert into meioApoio values (2, 'Entidade 10');
insert into meioApoio values (2, 'Entidade 13');
insert into meioApoio values (1, 'Entidade 57');
insert into meioApoio values (1, 'Entidade 15');
insert into meioApoio values (3, 'Entidade 64');
insert into meioApoio values (2, 'Entidade 86');
insert into meioApoio values (1, 'Entidade 69');
insert into meioApoio values (5, 'Entidade 49');
insert into meioApoio values (1, 'Entidade 7');
insert into meioApoio values (5, 'Entidade 10');
insert into meioApoio values (3, 'Entidade 9');
insert into meioApoio values (0, 'Entidade 87');
insert into meioApoio values (1, 'Entidade 82');
insert into meioApoio values (5, 'Entidade 60');
insert into meioApoio values (0, 'Entidade 50');
insert into meioApoio values (2, 'Entidade 65');
insert into meioApoio values (2, 'Entidade 27');
insert into meioApoio values (1, 'Entidade 72');
insert into meioApoio values (0, 'Entidade 35');
insert into meioApoio values (0, 'Entidade 86');
insert into meioApoio values (0, 'Entidade 63');
insert into meioApoio values (2, 'Entidade 48');
insert into meioApoio values (3, 'Entidade 7');
insert into meioApoio values (0, 'Entidade 31');
insert into meioApoio values (0, 'Entidade 21');
insert into meioApoio values (1, 'Entidade 60');
insert into meioApoio values (2, 'Entidade 87');
insert into meioApoio values (5, 'Entidade 54');
insert into meioApoio values (0, 'Entidade 6');
insert into meioApoio values (1, 'Entidade 2');
insert into meioApoio values (1, 'Entidade 12');
insert into meioApoio values (3, 'Entidade 37');
insert into meioApoio values (2, 'Entidade 54');
insert into meioApoio values (2, 'Entidade 50');
insert into meioApoio values (1, 'Entidade 59');
insert into meioApoio values (1, 'Entidade 30');
insert into meioApoio values (0, 'Entidade 71');
insert into meioApoio values (0, 'Entidade 37');
insert into meioApoio values (1, 'Entidade 27');
insert into meioApoio values (2, 'Entidade 53');
insert into meioApoio values (0, 'Entidade 78');
insert into meioApoio values (0, 'Entidade 96');
insert into meioApoio values (2, 'Entidade 81');
insert into meioApoio values (4, 'Entidade 11');
insert into meioApoio values (0, 'Entidade 44');
insert into meioApoio values (5, 'Entidade 89');
insert into meioApoio values (3, 'Entidade 13');
insert into meioApoio values (2, 'Entidade 85');
insert into meioApoio values (3, 'Entidade 27');
insert into meioApoio values (4, 'Entidade 71');
insert into meioApoio values (2, 'Entidade 72');
insert into meioApoio values (2, 'Entidade 64');
insert into meioApoio values (5, 'Entidade 11');
insert into meioApoio values (1, 'Entidade 70');
insert into meioApoio values (3, 'Entidade 12');
insert into meioApoio values (2, 'Entidade 24');
insert into meioApoio values (5, 'Entidade 15');
insert into meioApoio values (0, 'Entidade 43');
insert into meioApoio values (3, 'Entidade 54');
insert into meioApoio values (1, 'Entidade 55');
insert into meioApoio values (1, 'Entidade 90');
insert into meioApoio values (3, 'Entidade 32');
insert into meioApoio values (5, 'Entidade 79');
insert into meioApoio values (0, 'Entidade 67');
insert into meioApoio values (0, 'Entidade 4');
insert into meioApoio values (4, 'Entidade 98');
insert into meioApoio values (3, 'Entidade 70');
insert into meioApoio values (5, 'Entidade 64');
insert into meioApoio values (3, 'Entidade 43');
insert into meioApoio values (2, 'Entidade 99');
insert into meioApoio values (2, 'Entidade 73');
insert into meioApoio values (4, 'Entidade 74');
insert into meioApoio values (1, 'Entidade 22');
insert into meioApoio values (2, 'Entidade 89');
insert into meioApoio values (0, 'Entidade 75');
insert into meioApoio values (0, 'Entidade 61');
insert into meioApoio values (1, 'Entidade 53');
insert into meioApoio values (3, 'Entidade 57');
insert into meioApoio values (1, 'Entidade 49');
insert into meioApoio values (3, 'Entidade 72');
insert into meioApoio values (1, 'Entidade 81');
insert into meioApoio values (1, 'Entidade 52');
insert into meioApoio values (3, 'Entidade 56');
insert into meioApoio values (2, 'Entidade 37');
insert into meioApoio values (2, 'Entidade 71');
insert into meioApoio values (0, 'Entidade 98');
insert into meioApoio values (0, 'Entidade 55');
insert into meioApoio values (3, 'Entidade 44');
insert into meioApoio values (0, 'Entidade 53');
insert into meioApoio values (1, 'Entidade 65');
insert into meioApoio values (2, 'Entidade 8');
insert into meioApoio values (3, 'Entidade 93');
insert into meioApoio values (4, 'Entidade 9');
insert into meioApoio values (0, 'Entidade 93');
insert into meioApoio values (1, 'Entidade 16');
insert into meioApoio values (0, 'Entidade 97');
insert into meioApoio values (3, 'Entidade 8');
insert into meioApoio values (0, 'Entidade 57');
insert into meioApoio values (1, 'Entidade 47');
insert into meioApoio values (3, 'Entidade 10');
insert into meioApoio values (4, 'Entidade 49');
insert into meioApoio values (3, 'Entidade 90');
insert into meioApoio values (2, 'Entidade 92');
insert into meioApoio values (0, 'Entidade 23');
insert into meioApoio values (0, 'Entidade 54');
insert into meioApoio values (0, 'Entidade 47');
insert into meioApoio values (3, 'Entidade 11');
insert into meioApoio values (0, 'Entidade 15');
insert into meioApoio values (1, 'Entidade 50');
insert into meioApoio values (0, 'Entidade 89');
insert into meioApoio values (3, 'Entidade 92');
insert into meioApoio values (2, 'Entidade 43');
insert into meioApoio values (1, 'Entidade 17');
insert into meioApoio values (0, 'Entidade 26');
insert into meioApoio values (1, 'Entidade 18');
insert into meioApoio values (1, 'Entidade 28');
insert into meioApoio values (5, 'Entidade 45');
insert into meioApoio values (3, 'Entidade 45');
insert into meioApoio values (0, 'Entidade 82');
insert into meioApoio values (3, 'Entidade 50');
insert into meioApoio values (1, 'Entidade 1');
insert into meioApoio values (2, 'Entidade 70');
insert into meioApoio values (0, 'Entidade 12');
insert into meioApoio values (3, 'Entidade 86');
insert into meioApoio values (0, 'Entidade 19');
insert into meioApoio values (4, 'Entidade 64');
insert into meioApoio values (1, 'Entidade 56');
insert into meioApoio values (0, 'Entidade 49');
insert into meioApoio values (2, 'Entidade 47');
insert into meioApoio values (1, 'Entidade 77');


insert into meioSocorro values (1, 'Entidade 37');
insert into meioSocorro values (2, 'Entidade 32');
insert into meioSocorro values (2, 'Entidade 70');
insert into meioSocorro values (0, 'Entidade 22');
insert into meioSocorro values (2, 'Entidade 12');
insert into meioSocorro values (0, 'Entidade 82');
insert into meioSocorro values (0, 'Entidade 81');
insert into meioSocorro values (0, 'Entidade 45');
insert into meioSocorro values (3, 'Entidade 41');
insert into meioSocorro values (5, 'Entidade 99');
insert into meioSocorro values (1, 'Entidade 71');
insert into meioSocorro values (1, 'Entidade 35');
insert into meioSocorro values (2, 'Entidade 47');
insert into meioSocorro values (3, 'Entidade 15');
insert into meioSocorro values (2, 'Entidade 18');
insert into meioSocorro values (2, 'Entidade 22');
insert into meioSocorro values (0, 'Entidade 24');
insert into meioSocorro values (3, 'Entidade 65');
insert into meioSocorro values (2, 'Entidade 9');
insert into meioSocorro values (4, 'Entidade 54');
insert into meioSocorro values (1, 'Entidade 36');
insert into meioSocorro values (3, 'Entidade 1');
insert into meioSocorro values (1, 'Entidade 93');
insert into meioSocorro values (1, 'Entidade 14');
insert into meioSocorro values (0, 'Entidade 41');
insert into meioSocorro values (2, 'Entidade 60');
insert into meioSocorro values (1, 'Entidade 46');
insert into meioSocorro values (0, 'Entidade 16');
insert into meioSocorro values (5, 'Entidade 22');
insert into meioSocorro values (0, 'Entidade 68');
insert into meioSocorro values (3, 'Entidade 26');
insert into meioSocorro values (4, 'Entidade 99');
insert into meioSocorro values (1, 'Entidade 62');
insert into meioSocorro values (1, 'Entidade 75');
insert into meioSocorro values (1, 'Entidade 21');
insert into meioSocorro values (0, 'Entidade 32');
insert into meioSocorro values (0, 'Entidade 99');
insert into meioSocorro values (0, 'Entidade 62');
insert into meioSocorro values (0, 'Entidade 51');
insert into meioSocorro values (0, 'Entidade 25');
insert into meioSocorro values (2, 'Entidade 11');
insert into meioSocorro values (4, 'Entidade 45');
insert into meioSocorro values (0, 'Entidade 38');
insert into meioSocorro values (0, 'Entidade 95');
insert into meioSocorro values (0, 'Entidade 36');
insert into meioSocorro values (1, 'Entidade 1');
insert into meioSocorro values (1, 'Entidade 79');
insert into meioSocorro values (2, 'Entidade 14');
insert into meioSocorro values (1, 'Entidade 89');
insert into meioSocorro values (1, 'Entidade 48');
insert into meioSocorro values (2, 'Entidade 19');
insert into meioSocorro values (0, 'Entidade 85');
insert into meioSocorro values (0, 'Entidade 9');
insert into meioSocorro values (1, 'Entidade 92');
insert into meioSocorro values (4, 'Entidade 70');
insert into meioSocorro values (0, 'Entidade 72');
insert into meioSocorro values (0, 'Entidade 59');
insert into meioSocorro values (4, 'Entidade 7');
insert into meioSocorro values (1, 'Entidade 54');
insert into meioSocorro values (1, 'Entidade 88');
insert into meioSocorro values (2, 'Entidade 46');
insert into meioSocorro values (0, 'Entidade 1');
insert into meioSocorro values (1, 'Entidade 41');
insert into meioSocorro values (4, 'Entidade 72');
insert into meioSocorro values (3, 'Entidade 53');
insert into meioSocorro values (2, 'Entidade 41');
insert into meioSocorro values (0, 'Entidade 13');
insert into meioSocorro values (1, 'Entidade 67');
insert into meioSocorro values (3, 'Entidade 29');
insert into meioSocorro values (2, 'Entidade 44');
insert into meioSocorro values (4, 'Entidade 27');
insert into meioSocorro values (1, 'Entidade 9');
insert into meioSocorro values (2, 'Entidade 77');
insert into meioSocorro values (0, 'Entidade 79');
insert into meioSocorro values (2, 'Entidade 98');
insert into meioSocorro values (1, 'Entidade 43');
insert into meioSocorro values (1, 'Entidade 5');
insert into meioSocorro values (1, 'Entidade 85');
insert into meioSocorro values (0, 'Entidade 18');
insert into meioSocorro values (1, 'Entidade 10');
insert into meioSocorro values (4, 'Entidade 44');
insert into meioSocorro values (2, 'Entidade 49');
insert into meioSocorro values (4, 'Entidade 79');
insert into meioSocorro values (3, 'Entidade 98');
insert into meioSocorro values (1, 'Entidade 23');
insert into meioSocorro values (1, 'Entidade 73');
insert into meioSocorro values (2, 'Entidade 5');
insert into meioSocorro values (0, 'Entidade 64');
insert into meioSocorro values (0, 'Entidade 65');
insert into meioSocorro values (3, 'Entidade 60');
insert into meioSocorro values (2, 'Entidade 15');
insert into meioSocorro values (0, 'Entidade 8');
insert into meioSocorro values (0, 'Entidade 94');
insert into meioSocorro values (2, 'Entidade 7');
insert into meioSocorro values (1, 'Entidade 13');
insert into meioSocorro values (2, 'Entidade 45');
insert into meioSocorro values (3, 'Entidade 92');
insert into meioSocorro values (5, 'Entidade 50');
insert into meioSocorro values (0, 'Entidade 66');
insert into meioSocorro values (4, 'Entidade 15');
insert into meioSocorro values (0, 'Entidade 42');
insert into meioSocorro values (2, 'Entidade 93');
insert into meioSocorro values (0, 'Entidade 11');
insert into meioSocorro values (4, 'Entidade 13');
insert into meioSocorro values (4, 'Entidade 92');
insert into meioSocorro values (1, 'Entidade 29');
insert into meioSocorro values (0, 'Entidade 26');
insert into meioSocorro values (1, 'Entidade 51');
insert into meioSocorro values (0, 'Entidade 60');
insert into meioSocorro values (3, 'Entidade 93');
insert into meioSocorro values (0, 'Entidade 7');
insert into meioSocorro values (0, 'Entidade 56');
insert into meioSocorro values (0, 'Entidade 90');
insert into meioSocorro values (0, 'Entidade 52');
insert into meioSocorro values (3, 'Entidade 12');
insert into meioSocorro values (5, 'Entidade 11');
insert into meioSocorro values (3, 'Entidade 43');
insert into meioSocorro values (1, 'Entidade 55');
insert into meioSocorro values (3, 'Entidade 32');
insert into meioSocorro values (0, 'Entidade 2');
insert into meioSocorro values (0, 'Entidade 67');
insert into meioSocorro values (0, 'Entidade 48');
insert into meioSocorro values (2, 'Entidade 53');
insert into meioSocorro values (2, 'Entidade 50');
insert into meioSocorro values (0, 'Entidade 6');
insert into meioSocorro values (3, 'Entidade 44');
insert into meioSocorro values (1, 'Entidade 77');
insert into meioSocorro values (0, 'Entidade 21');
insert into meioSocorro values (0, 'Entidade 28');
insert into meioSocorro values (0, 'Entidade 46');


insert into transporta values (4, 'Entidade 13', 0, 223533223);
insert into transporta values (1, 'Entidade 88', 3, 582639896);
insert into transporta values (2, 'Entidade 49', 2, 583718945);
insert into transporta values (1, 'Entidade 54', 4, 168015393);
insert into transporta values (2, 'Entidade 77', 3, 284022400);
insert into transporta values (0, 'Entidade 41', 4, 690512960);
insert into transporta values (1, 'Entidade 92', 0, 248058284);
insert into transporta values (3, 'Entidade 15', 5, 826623777);
insert into transporta values (3, 'Entidade 44', 4, 684970804);
insert into transporta values (4, 'Entidade 72', 2, 101215674);
insert into transporta values (3, 'Entidade 32', 3, 895645195);
insert into transporta values (0, 'Entidade 38', 4, 739041841);
insert into transporta values (0, 'Entidade 64', 4, 996565706);
insert into transporta values (1, 'Entidade 89', 0, 231074490);
insert into transporta values (3, 'Entidade 12', 4, 678548547);
insert into transporta values (1, 'Entidade 93', 2, 684927329);
insert into transporta values (3, 'Entidade 98', 4, 998755243);
insert into transporta values (2, 'Entidade 18', 1, 767624952);
insert into transporta values (0, 'Entidade 2', 4, 450839344);
insert into transporta values (1, 'Entidade 43', 3, 354101393);
insert into transporta values (1, 'Entidade 9', 1, 386784673);
insert into transporta values (2, 'Entidade 50', 2, 386784673);
insert into transporta values (0, 'Entidade 28', 0, 306237561);
insert into transporta values (2, 'Entidade 7', 2, 630070396);
insert into transporta values (1, 'Entidade 54', 4, 931423939);
insert into transporta values (2, 'Entidade 12', 0, 931423939);
insert into transporta values (1, 'Entidade 93', 5, 685203771);
insert into transporta values (0, 'Entidade 42', 1, 948946823);
insert into transporta values (0, 'Entidade 9', 4, 279280116);
insert into transporta values (0, 'Entidade 42', 0, 103790174);
insert into transporta values (0, 'Entidade 24', 4, 515027876);
insert into transporta values (3, 'Entidade 32', 5, 670564688);
insert into transporta values (0, 'Entidade 51', 1, 816758358);
insert into transporta values (0, 'Entidade 45', 5, 450839344);
insert into transporta values (2, 'Entidade 98', 4, 771377493);
insert into transporta values (4, 'Entidade 7', 1, 450839344);
insert into transporta values (2, 'Entidade 11', 2, 144371014);
insert into transporta values (1, 'Entidade 88', 5, 948946823);
insert into transporta values (1, 'Entidade 5', 1, 685203771);
insert into transporta values (0, 'Entidade 38', 4, 720860137);
insert into transporta values (1, 'Entidade 92', 2, 871638922);
insert into transporta values (3, 'Entidade 41', 5, 642931335);
insert into transporta values (1, 'Entidade 41', 1, 800639973);
insert into transporta values (0, 'Entidade 1', 1, 557984031);
insert into transporta values (0, 'Entidade 26', 1, 581505810);
insert into transporta values (0, 'Entidade 79', 3, 467606666);
insert into transporta values (1, 'Entidade 92', 2, 238533082);
insert into transporta values (2, 'Entidade 44', 2, 931423939);
insert into transporta values (3, 'Entidade 12', 4, 515027876);
insert into transporta values (0, 'Entidade 67', 0, 296555606);
insert into transporta values (1, 'Entidade 71', 4, 83358181);
insert into transporta values (1, 'Entidade 10', 3, 678494139);
insert into transporta values (2, 'Entidade 18', 4, 207194211);
insert into transporta values (1, 'Entidade 46', 5, 815832377);
insert into transporta values (0, 'Entidade 45', 4, 207194211);
insert into transporta values (1, 'Entidade 9', 2, 32157781);
insert into transporta values (1, 'Entidade 54', 1, 583718945);
insert into transporta values (2, 'Entidade 41', 5, 231074490);
insert into transporta values (0, 'Entidade 21', 3, 515027876);
insert into transporta values (2, 'Entidade 70', 2, 685203771);
insert into transporta values (0, 'Entidade 90', 2, 306237561);
insert into transporta values (2, 'Entidade 98', 3, 103790174);
insert into transporta values (1, 'Entidade 36', 4, 547862477);
insert into transporta values (1, 'Entidade 35', 4, 450839344);
insert into transporta values (4, 'Entidade 15', 2, 341342470);
insert into transporta values (1, 'Entidade 5', 5, 582639896);
insert into transporta values (0, 'Entidade 65', 2, 826623777);
insert into transporta values (1, 'Entidade 29', 4, 987605179);
insert into transporta values (0, 'Entidade 24', 5, 595367180);
insert into transporta values (3, 'Entidade 29', 4, 685203771);
insert into transporta values (1, 'Entidade 1', 5, 815832377);
insert into transporta values (2, 'Entidade 9', 3, 67112959);
insert into transporta values (2, 'Entidade 19', 1, 580450027);
insert into transporta values (0, 'Entidade 64', 1, 296555606);
insert into transporta values (3, 'Entidade 41', 1, 823457452);
insert into transporta values (2, 'Entidade 15', 5, 630070396);
insert into transporta values (4, 'Entidade 54', 5, 144371014);
insert into transporta values (0, 'Entidade 60', 1, 98836122);
insert into transporta values (2, 'Entidade 60', 3, 175911218);
insert into transporta values (1, 'Entidade 79', 1, 168015393);
insert into transporta values (0, 'Entidade 60', 5, 175911218);
insert into transporta values (1, 'Entidade 1', 0, 116058739);
insert into transporta values (5, 'Entidade 22', 0, 771411169);
insert into transporta values (2, 'Entidade 49', 3, 10293861);
insert into transporta values (0, 'Entidade 72', 5, 823457452);
insert into transporta values (0, 'Entidade 64', 5, 248058284);
insert into transporta values (1, 'Entidade 21', 5, 467606666);
insert into transporta values (4, 'Entidade 7', 4, 678548547);
insert into transporta values (3, 'Entidade 53', 1, 342646187);
insert into transporta values (0, 'Entidade 24', 1, 464855680);
insert into transporta values (1, 'Entidade 71', 2, 675660925);
insert into transporta values (1, 'Entidade 5', 4, 926589058);
insert into transporta values (1, 'Entidade 79', 3, 630070396);
insert into transporta values (4, 'Entidade 13', 5, 88647599);
insert into transporta values (2, 'Entidade 45', 2, 83358181);
insert into transporta values (3, 'Entidade 12', 1, 767624952);
insert into transporta values (2, 'Entidade 19', 1, 987605179);
insert into transporta values (0, 'Entidade 79', 3, 116058739);
insert into transporta values (0, 'Entidade 62', 4, 582639896);
insert into transporta values (4, 'Entidade 72', 1, 771411169);


insert into alocado values (2, 'Entidade 43', 4, 848556245);
insert into alocado values (2, 'Entidade 71', 5, 675660925);
insert into alocado values (0, 'Entidade 97', 2, 547862477);
insert into alocado values (0, 'Entidade 43', 3, 649055322);
insert into alocado values (2, 'Entidade 48', 1, 342646187);
insert into alocado values (0, 'Entidade 4', 5, 684970804);
insert into alocado values (5, 'Entidade 79', 5, 998755243);
insert into alocado values (0, 'Entidade 71', 1, 354101393);
insert into alocado values (3, 'Entidade 86', 5, 630070396);
insert into alocado values (3, 'Entidade 7', 3, 649055322);
insert into alocado values (3, 'Entidade 70', 1, 32157781);
insert into alocado values (0, 'Entidade 37', 3, 103790174);
insert into alocado values (1, 'Entidade 22', 2, 500634383);
insert into alocado values (1, 'Entidade 53', 2, 570584094);
insert into alocado values (3, 'Entidade 11', 5, 67112959);
insert into alocado values (1, 'Entidade 72', 2, 32089258);
insert into alocado values (0, 'Entidade 98', 5, 815832377);
insert into alocado values (5, 'Entidade 79', 3, 867219871);
insert into alocado values (0, 'Entidade 98', 1, 771411169);
insert into alocado values (3, 'Entidade 56', 0, 760971628);
insert into alocado values (0, 'Entidade 97', 0, 487917628);
insert into alocado values (1, 'Entidade 59', 4, 931423939);
insert into alocado values (2, 'Entidade 89', 1, 165064573);
insert into alocado values (1, 'Entidade 69', 3, 342646187);
insert into alocado values (3, 'Entidade 7', 5, 523393593);
insert into alocado values (4, 'Entidade 98', 3, 800639973);
insert into alocado values (1, 'Entidade 69', 1, 683437896);
insert into alocado values (3, 'Entidade 9', 0, 477949225);
insert into alocado values (2, 'Entidade 24', 1, 683437896);
insert into alocado values (3, 'Entidade 56', 0, 223533223);
insert into alocado values (3, 'Entidade 32', 5, 32157781);
insert into alocado values (0, 'Entidade 71', 1, 121908251);
insert into alocado values (0, 'Entidade 75', 4, 678494139);
insert into alocado values (5, 'Entidade 45', 5, 771411169);
insert into alocado values (0, 'Entidade 15', 3, 523393593);
insert into alocado values (4, 'Entidade 64', 5, 121908251);
insert into alocado values (1, 'Entidade 30', 3, 248058284);
insert into alocado values (2, 'Entidade 86', 2, 871638922);
insert into alocado values (0, 'Entidade 31', 3, 630070396);
insert into alocado values (3, 'Entidade 12', 0, 115272568);
insert into alocado values (3, 'Entidade 57', 3, 630070396);
insert into alocado values (2, 'Entidade 47', 1, 144371014);
insert into alocado values (5, 'Entidade 54', 3, 670564688);
insert into alocado values (5, 'Entidade 49', 1, 823457452);
insert into alocado values (0, 'Entidade 67', 4, 165064573);
insert into alocado values (0, 'Entidade 37', 1, 231074490);
insert into alocado values (2, 'Entidade 72', 4, 867219871);
insert into alocado values (0, 'Entidade 50', 4, 816758358);
insert into alocado values (0, 'Entidade 26', 1, 895645195);
insert into alocado values (2, 'Entidade 37', 0, 149656775);
insert into alocado values (1, 'Entidade 72', 3, 684970804);
insert into alocado values (2, 'Entidade 54', 5, 630070396);
insert into alocado values (1, 'Entidade 65', 1, 678494139);
insert into alocado values (0, 'Entidade 54', 3, 683437896);
insert into alocado values (5, 'Entidade 11', 4, 771411169);
insert into alocado values (5, 'Entidade 10', 4, 720860137);
insert into alocado values (1, 'Entidade 56', 3, 500634383);
insert into alocado values (1, 'Entidade 12', 1, 515027876);
insert into alocado values (3, 'Entidade 57', 1, 948946823);
insert into alocado values (0, 'Entidade 63', 1, 279280116);
insert into alocado values (2, 'Entidade 87', 3, 341342470);
insert into alocado values (3, 'Entidade 70', 3, 149656775);
insert into alocado values (1, 'Entidade 49', 5, 98836122);
insert into alocado values (0, 'Entidade 71', 2, 165064573);
insert into alocado values (0, 'Entidade 97', 5, 720860137);
insert into alocado values (0, 'Entidade 4', 2, 771377493);
insert into alocado values (5, 'Entidade 64', 3, 68587744);
insert into alocado values (3, 'Entidade 56', 2, 412876077);
insert into alocado values (0, 'Entidade 87', 3, 32157781);
insert into alocado values (0, 'Entidade 43', 5, 342646187);
insert into alocado values (1, 'Entidade 59', 1, 279280116);
insert into alocado values (1, 'Entidade 12', 2, 678494139);
insert into alocado values (1, 'Entidade 90', 1, 487917628);
insert into alocado values (3, 'Entidade 37', 5, 800639973);
insert into alocado values (2, 'Entidade 47', 0, 760971628);
insert into alocado values (1, 'Entidade 12', 3, 477949225);
insert into alocado values (1, 'Entidade 12', 4, 760971628);
insert into alocado values (2, 'Entidade 54', 0, 895645195);
insert into alocado values (5, 'Entidade 79', 5, 720860137);
insert into alocado values (2, 'Entidade 65', 5, 670564688);
insert into alocado values (3, 'Entidade 64', 0, 649055322);
insert into alocado values (2, 'Entidade 13', 2, 823457452);
insert into alocado values (2, 'Entidade 65', 4, 207194211);
insert into alocado values (0, 'Entidade 89', 3, 767624952);
insert into alocado values (2, 'Entidade 47', 1, 487917628);
insert into alocado values (2, 'Entidade 89', 0, 582639896);
insert into alocado values (3, 'Entidade 9', 2, 32089258);
insert into alocado values (1, 'Entidade 82', 4, 675660925);
insert into alocado values (5, 'Entidade 15', 2, 720860137);
insert into alocado values (1, 'Entidade 2', 2, 771411169);
insert into alocado values (2, 'Entidade 87', 3, 115272568);
insert into alocado values (3, 'Entidade 70', 5, 175911218);
insert into alocado values (4, 'Entidade 49', 0, 762282984);
insert into alocado values (1, 'Entidade 90', 2, 68587744);
insert into alocado values (1, 'Entidade 50', 4, 233547212);
insert into alocado values (3, 'Entidade 50', 4, 464855680);
insert into alocado values (1, 'Entidade 47', 1, 354101393);
insert into alocado values (1, 'Entidade 27', 4, 341342470);
insert into alocado values (0, 'Entidade 97', 1, 231074490);
insert into alocado values (0, 'Entidade 63', 4, 354101393);


insert into acciona values (4, 'Entidade 13', 223533223);
insert into acciona values (1, 'Entidade 88', 582639896);
insert into acciona values (2, 'Entidade 49', 583718945);
insert into acciona values (1, 'Entidade 54', 168015393);
insert into acciona values (2, 'Entidade 77', 284022400);
insert into acciona values (0, 'Entidade 41', 690512960);
insert into acciona values (1, 'Entidade 92', 248058284);
insert into acciona values (3, 'Entidade 15', 826623777);
insert into acciona values (3, 'Entidade 44', 684970804);
insert into acciona values (4, 'Entidade 72', 101215674);
insert into acciona values (3, 'Entidade 32', 895645195);
insert into acciona values (0, 'Entidade 38', 739041841);
insert into acciona values (0, 'Entidade 64', 996565706);
insert into acciona values (1, 'Entidade 89', 231074490);
insert into acciona values (3, 'Entidade 12', 678548547);
insert into acciona values (1, 'Entidade 93', 684927329);
insert into acciona values (3, 'Entidade 98', 998755243);
insert into acciona values (2, 'Entidade 18', 767624952);
insert into acciona values (0, 'Entidade 2', 450839344);
insert into acciona values (1, 'Entidade 43', 354101393);
insert into acciona values (1, 'Entidade 9', 386784673);
insert into acciona values (2, 'Entidade 50', 386784673);
insert into acciona values (0, 'Entidade 28', 306237561);
insert into acciona values (2, 'Entidade 7', 630070396);
insert into acciona values (1, 'Entidade 54', 931423939);
insert into acciona values (2, 'Entidade 12', 931423939);
insert into acciona values (1, 'Entidade 93', 685203771);
insert into acciona values (0, 'Entidade 42', 948946823);
insert into acciona values (0, 'Entidade 9', 279280116);
insert into acciona values (0, 'Entidade 42', 103790174);
insert into acciona values (0, 'Entidade 24', 515027876);
insert into acciona values (3, 'Entidade 32', 670564688);
insert into acciona values (0, 'Entidade 51', 816758358);
insert into acciona values (0, 'Entidade 45', 450839344);
insert into acciona values (2, 'Entidade 98', 771377493);
insert into acciona values (4, 'Entidade 7', 450839344);
insert into acciona values (2, 'Entidade 11', 144371014);
insert into acciona values (1, 'Entidade 88', 948946823);
insert into acciona values (1, 'Entidade 5', 685203771);
insert into acciona values (0, 'Entidade 38', 720860137);
insert into acciona values (1, 'Entidade 92', 871638922);
insert into acciona values (3, 'Entidade 41', 642931335);
insert into acciona values (1, 'Entidade 41', 800639973);
insert into acciona values (0, 'Entidade 1', 557984031);
insert into acciona values (0, 'Entidade 26', 581505810);
insert into acciona values (0, 'Entidade 79', 467606666);
insert into acciona values (1, 'Entidade 92', 238533082);
insert into acciona values (2, 'Entidade 44', 931423939);
insert into acciona values (3, 'Entidade 12', 515027876);
insert into acciona values (0, 'Entidade 67', 296555606);
insert into acciona values (1, 'Entidade 71', 83358181);
insert into acciona values (1, 'Entidade 10', 678494139);
insert into acciona values (2, 'Entidade 18', 207194211);
insert into acciona values (1, 'Entidade 46', 815832377);
insert into acciona values (0, 'Entidade 45', 207194211);
insert into acciona values (1, 'Entidade 9', 32157781);
insert into acciona values (1, 'Entidade 54', 583718945);
insert into acciona values (2, 'Entidade 41', 231074490);
insert into acciona values (0, 'Entidade 21', 515027876);
insert into acciona values (2, 'Entidade 70', 685203771);
insert into acciona values (0, 'Entidade 90', 306237561);
insert into acciona values (2, 'Entidade 98', 103790174);
insert into acciona values (1, 'Entidade 36', 547862477);
insert into acciona values (1, 'Entidade 35', 450839344);
insert into acciona values (4, 'Entidade 15', 341342470);
insert into acciona values (1, 'Entidade 5', 582639896);
insert into acciona values (0, 'Entidade 65', 826623777);
insert into acciona values (1, 'Entidade 29', 987605179);
insert into acciona values (0, 'Entidade 24', 595367180);
insert into acciona values (3, 'Entidade 29', 685203771);
insert into acciona values (1, 'Entidade 1', 815832377);
insert into acciona values (2, 'Entidade 9', 67112959);
insert into acciona values (2, 'Entidade 19', 580450027);
insert into acciona values (0, 'Entidade 64', 296555606);
insert into acciona values (3, 'Entidade 41', 823457452);
insert into acciona values (2, 'Entidade 15', 630070396);
insert into acciona values (4, 'Entidade 54', 144371014);
insert into acciona values (0, 'Entidade 60', 98836122);
insert into acciona values (2, 'Entidade 60', 175911218);
insert into acciona values (1, 'Entidade 79', 168015393);
insert into acciona values (0, 'Entidade 60', 175911218);
insert into acciona values (1, 'Entidade 1', 116058739);
insert into acciona values (5, 'Entidade 22', 771411169);
insert into acciona values (2, 'Entidade 49', 10293861);
insert into acciona values (0, 'Entidade 72', 823457452);
insert into acciona values (0, 'Entidade 64', 248058284);
insert into acciona values (1, 'Entidade 21', 467606666);
insert into acciona values (4, 'Entidade 7', 678548547);
insert into acciona values (3, 'Entidade 53', 342646187);
insert into acciona values (0, 'Entidade 24', 464855680);
insert into acciona values (1, 'Entidade 71', 675660925);
insert into acciona values (1, 'Entidade 5', 926589058);
insert into acciona values (1, 'Entidade 79', 630070396);
insert into acciona values (4, 'Entidade 13', 88647599);
insert into acciona values (2, 'Entidade 45', 83358181);
insert into acciona values (3, 'Entidade 12', 767624952);
insert into acciona values (2, 'Entidade 19', 987605179);
insert into acciona values (0, 'Entidade 79', 116058739);
insert into acciona values (0, 'Entidade 62', 582639896);
insert into acciona values (4, 'Entidade 72', 771411169);
insert into acciona values (2, 'Entidade 43', 848556245);
insert into acciona values (2, 'Entidade 71', 675660925);
insert into acciona values (0, 'Entidade 97', 547862477);
insert into acciona values (0, 'Entidade 43', 649055322);
insert into acciona values (2, 'Entidade 48', 342646187);
insert into acciona values (0, 'Entidade 4', 684970804);
insert into acciona values (5, 'Entidade 79', 998755243);
insert into acciona values (0, 'Entidade 71', 354101393);
insert into acciona values (3, 'Entidade 86', 630070396);
insert into acciona values (3, 'Entidade 7', 649055322);
insert into acciona values (3, 'Entidade 70', 32157781);
insert into acciona values (0, 'Entidade 37', 103790174);
insert into acciona values (1, 'Entidade 22', 500634383);
insert into acciona values (1, 'Entidade 53', 570584094);
insert into acciona values (3, 'Entidade 11', 67112959);
insert into acciona values (1, 'Entidade 72', 32089258);
insert into acciona values (0, 'Entidade 98', 815832377);
insert into acciona values (5, 'Entidade 79', 867219871);
insert into acciona values (0, 'Entidade 98', 771411169);
insert into acciona values (3, 'Entidade 56', 760971628);
insert into acciona values (0, 'Entidade 97', 487917628);
insert into acciona values (1, 'Entidade 59', 931423939);
insert into acciona values (2, 'Entidade 89', 165064573);
insert into acciona values (1, 'Entidade 69', 342646187);
insert into acciona values (3, 'Entidade 7', 523393593);
insert into acciona values (4, 'Entidade 98', 800639973);
insert into acciona values (1, 'Entidade 69', 683437896);
insert into acciona values (3, 'Entidade 9', 477949225);
insert into acciona values (2, 'Entidade 24', 683437896);
insert into acciona values (3, 'Entidade 56', 223533223);
insert into acciona values (3, 'Entidade 32', 32157781);
insert into acciona values (0, 'Entidade 71', 121908251);
insert into acciona values (0, 'Entidade 75', 678494139);
insert into acciona values (5, 'Entidade 45', 771411169);
insert into acciona values (0, 'Entidade 15', 523393593);
insert into acciona values (4, 'Entidade 64', 121908251);
insert into acciona values (1, 'Entidade 30', 248058284);
insert into acciona values (2, 'Entidade 86', 871638922);
insert into acciona values (0, 'Entidade 31', 630070396);
insert into acciona values (3, 'Entidade 12', 115272568);
insert into acciona values (3, 'Entidade 57', 630070396);
insert into acciona values (2, 'Entidade 47', 144371014);
insert into acciona values (5, 'Entidade 54', 670564688);
insert into acciona values (5, 'Entidade 49', 823457452);
insert into acciona values (0, 'Entidade 67', 165064573);
insert into acciona values (0, 'Entidade 37', 231074490);
insert into acciona values (2, 'Entidade 72', 867219871);
insert into acciona values (0, 'Entidade 50', 816758358);
insert into acciona values (0, 'Entidade 26', 895645195);
insert into acciona values (2, 'Entidade 37', 149656775);
insert into acciona values (1, 'Entidade 72', 684970804);
insert into acciona values (2, 'Entidade 54', 630070396);
insert into acciona values (1, 'Entidade 65', 678494139);
insert into acciona values (0, 'Entidade 54', 683437896);
insert into acciona values (5, 'Entidade 11', 771411169);
insert into acciona values (5, 'Entidade 10', 720860137);
insert into acciona values (1, 'Entidade 56', 500634383);
insert into acciona values (1, 'Entidade 12', 515027876);
insert into acciona values (3, 'Entidade 57', 948946823);
insert into acciona values (0, 'Entidade 63', 279280116);
insert into acciona values (2, 'Entidade 87', 341342470);
insert into acciona values (3, 'Entidade 70', 149656775);
insert into acciona values (1, 'Entidade 49', 98836122);
insert into acciona values (0, 'Entidade 71', 165064573);
insert into acciona values (0, 'Entidade 97', 720860137);
insert into acciona values (0, 'Entidade 4', 771377493);
insert into acciona values (5, 'Entidade 64', 68587744);
insert into acciona values (3, 'Entidade 56', 412876077);
insert into acciona values (0, 'Entidade 87', 32157781);
insert into acciona values (0, 'Entidade 43', 342646187);
insert into acciona values (1, 'Entidade 59', 279280116);
insert into acciona values (1, 'Entidade 12', 678494139);
insert into acciona values (1, 'Entidade 90', 487917628);
insert into acciona values (3, 'Entidade 37', 800639973);
insert into acciona values (2, 'Entidade 47', 760971628);
insert into acciona values (1, 'Entidade 12', 477949225);
insert into acciona values (1, 'Entidade 12', 760971628);
insert into acciona values (2, 'Entidade 54', 895645195);
insert into acciona values (5, 'Entidade 79', 720860137);
insert into acciona values (2, 'Entidade 65', 670564688);
insert into acciona values (3, 'Entidade 64', 649055322);
insert into acciona values (2, 'Entidade 13', 823457452);
insert into acciona values (2, 'Entidade 65', 207194211);
insert into acciona values (0, 'Entidade 89', 767624952);
insert into acciona values (2, 'Entidade 47', 487917628);
insert into acciona values (2, 'Entidade 89', 582639896);
insert into acciona values (3, 'Entidade 9', 32089258);
insert into acciona values (1, 'Entidade 82', 675660925);
insert into acciona values (5, 'Entidade 15', 720860137);
insert into acciona values (1, 'Entidade 2', 771411169);
insert into acciona values (2, 'Entidade 87', 115272568);
insert into acciona values (3, 'Entidade 70', 175911218);
insert into acciona values (4, 'Entidade 49', 762282984);
insert into acciona values (1, 'Entidade 90', 68587744);
insert into acciona values (1, 'Entidade 50', 233547212);
insert into acciona values (3, 'Entidade 50', 464855680);
insert into acciona values (1, 'Entidade 47', 354101393);
insert into acciona values (1, 'Entidade 27', 341342470);
insert into acciona values (0, 'Entidade 97', 231074490);
insert into acciona values (0, 'Entidade 63', 354101393);
insert into acciona values (2, 'Entidade 51', 582639896);
insert into acciona values (1, 'Entidade 43', 248058284);
insert into acciona values (0, 'Entidade 29', 49768647);
insert into acciona values (1, 'Entidade 45', 464855680);
insert into acciona values (4, 'Entidade 32', 68587744);
insert into acciona values (2, 'Entidade 37', 800639973);
insert into acciona values (1, 'Entidade 42', 762282984);
insert into acciona values (4, 'Entidade 24', 503766701);
insert into acciona values (3, 'Entidade 87', 115272568);
insert into acciona values (1, 'Entidade 32', 101215674);
insert into acciona values (0, 'Entidade 88', 800639973);
insert into acciona values (0, 'Entidade 90', 168015393);
insert into acciona values (4, 'Entidade 43', 642931335);
insert into acciona values (0, 'Entidade 73', 48781742);
insert into acciona values (1, 'Entidade 45', 386784673);
insert into acciona values (3, 'Entidade 89', 678494139);
insert into acciona values (3, 'Entidade 5', 88647599);
insert into acciona values (1, 'Entidade 99', 926589058);
insert into acciona values (3, 'Entidade 29', 67112959);
insert into acciona values (0, 'Entidade 10', 940439467);
insert into acciona values (2, 'Entidade 75', 10293861);
insert into acciona values (1, 'Entidade 97', 48781742);
insert into acciona values (3, 'Entidade 98', 207194211);
insert into acciona values (2, 'Entidade 79', 487917628);
insert into acciona values (0, 'Entidade 90', 467606666);
insert into acciona values (1, 'Entidade 13', 948946823);
insert into acciona values (2, 'Entidade 57', 296555606);
insert into acciona values (4, 'Entidade 89', 31852179);
insert into acciona values (1, 'Entidade 55', 767624952);
insert into acciona values (0, 'Entidade 40', 343416076);
insert into acciona values (4, 'Entidade 75', 48781742);
insert into acciona values (3, 'Entidade 50', 48781742);
insert into acciona values (0, 'Entidade 31', 570584094);
insert into acciona values (2, 'Entidade 35', 386784673);
insert into acciona values (0, 'Entidade 28', 412876077);
insert into acciona values (4, 'Entidade 10', 175911218);
insert into acciona values (0, 'Entidade 73', 464855680);
insert into acciona values (2, 'Entidade 30', 343416076);
insert into acciona values (0, 'Entidade 97', 10293861);
insert into acciona values (2, 'Entidade 15', 566210920);
insert into acciona values (4, 'Entidade 90', 816758358);
insert into acciona values (0, 'Entidade 88', 954061463);
insert into acciona values (4, 'Entidade 64', 165064573);
insert into acciona values (1, 'Entidade 78', 487917628);
insert into acciona values (1, 'Entidade 43', 279280116);
insert into acciona values (2, 'Entidade 14', 954061463);
insert into acciona values (4, 'Entidade 7', 760971628);
insert into acciona values (1, 'Entidade 28', 74238776);
insert into acciona values (3, 'Entidade 50', 386784673);
insert into acciona values (2, 'Entidade 37', 296555606);
insert into acciona values (0, 'Entidade 5', 103790174);
insert into acciona values (0, 'Entidade 20', 10293861);
insert into acciona values (0, 'Entidade 89', 523393593);
insert into acciona values (1, 'Entidade 78', 557984031);
insert into acciona values (1, 'Entidade 18', 580450027);
insert into acciona values (1, 'Entidade 45', 948946823);
insert into acciona values (2, 'Entidade 88', 895645195);
insert into acciona values (2, 'Entidade 90', 467606666);
insert into acciona values (1, 'Entidade 56', 948946823);
insert into acciona values (0, 'Entidade 80', 760971628);
insert into acciona values (2, 'Entidade 43', 570584094);
insert into acciona values (0, 'Entidade 89', 771411169);
insert into acciona values (1, 'Entidade 19', 926589058);
insert into acciona values (2, 'Entidade 29', 767624952);
insert into acciona values (3, 'Entidade 74', 595367180);
insert into acciona values (3, 'Entidade 50', 467622111);
insert into acciona values (3, 'Entidade 89', 32089258);
insert into acciona values (2, 'Entidade 79', 68587744);
insert into acciona values (0, 'Entidade 48', 233547212);
insert into acciona values (3, 'Entidade 43', 68587744);
insert into acciona values (0, 'Entidade 70', 771377493);
insert into acciona values (1, 'Entidade 64', 116058739);
insert into acciona values (0, 'Entidade 39', 450839344);
insert into acciona values (0, 'Entidade 14', 103790174);
insert into acciona values (4, 'Entidade 10', 767624952);
insert into acciona values (0, 'Entidade 90', 547862477);
insert into acciona values (0, 'Entidade 5', 547862477);
insert into acciona values (0, 'Entidade 31', 487917628);
insert into acciona values (0, 'Entidade 28', 49768647);
insert into acciona values (4, 'Entidade 22', 207194211);
insert into acciona values (1, 'Entidade 16', 767624952);
insert into acciona values (2, 'Entidade 15', 207194211);
insert into acciona values (0, 'Entidade 19', 464855680);
insert into acciona values (4, 'Entidade 89', 739041841);
insert into acciona values (4, 'Entidade 90', 771377493);
insert into acciona values (1, 'Entidade 32', 996565706);
insert into acciona values (0, 'Entidade 69', 284022400);
insert into acciona values (3, 'Entidade 30', 500634383);
insert into acciona values (2, 'Entidade 14', 144371014);
insert into acciona values (1, 'Entidade 77', 545944924);
insert into acciona values (2, 'Entidade 1', 68587744);
insert into acciona values (0, 'Entidade 92', 231074490);
insert into acciona values (1, 'Entidade 97', 683437896);
insert into acciona values (2, 'Entidade 37', 233547212);
insert into acciona values (2, 'Entidade 37', 248058284);
insert into acciona values (4, 'Entidade 41', 848556245);
insert into acciona values (1, 'Entidade 23', 306237561);
insert into acciona values (0, 'Entidade 46', 767624952);
insert into acciona values (1, 'Entidade 43', 74238776);
insert into acciona values (4, 'Entidade 43', 583718945);

insert into acciona values (0, 'Entidade 1', 684927329);
insert into acciona values (1, 'Entidade 1', 581505810);
insert into acciona values (0, 'Entidade 1', 998755243);
insert into acciona values (4, 'Entidade 1', 815832377);
insert into acciona values (4, 'Entidade 1', 467622111);
insert into acciona values (0, 'Entidade 1', 98836122);
insert into acciona values (2, 'Entidade 1', 49768647);
insert into acciona values (3, 'Entidade 1', 545944924);
insert into acciona values (0, 'Entidade 1', 816758358);
insert into acciona values (1, 'Entidade 1', 684970804);
insert into acciona values (1, 'Entidade 1', 767624952);
insert into acciona values (3, 'Entidade 1', 771411169);
insert into acciona values (2, 'Entidade 1', 791096809);
insert into acciona values (0, 'Entidade 1', 940439467);
insert into acciona values (4, 'Entidade 1', 248058284);
insert into acciona values (0, 'Entidade 1', 467606666);
insert into acciona values (0, 'Entidade 1', 823457452);
insert into acciona values (1, 'Entidade 1', 547862477);
insert into acciona values (0, 'Entidade 1', 103790174);
insert into acciona values (3, 'Entidade 1', 450839344);
insert into acciona values (4, 'Entidade 1', 996565706);
insert into acciona values (2, 'Entidade 1', 987605179);
insert into acciona values (0, 'Entidade 1', 678548547);
insert into acciona values (1, 'Entidade 1', 690512960);
insert into acciona values (2, 'Entidade 1', 963865467);
insert into acciona values (0, 'Entidade 1', 238533082);
insert into acciona values (0, 'Entidade 1', 848556245);
insert into acciona values (4, 'Entidade 1', 233547212);
insert into acciona values (0, 'Entidade 1', 487917628);
insert into acciona values (0, 'Entidade 1', 948946823);
insert into acciona values (4, 'Entidade 1', 31852179);
insert into acciona values (3, 'Entidade 1', 570584094);
insert into acciona values (1, 'Entidade 1', 306237561);
insert into acciona values (2, 'Entidade 1', 10293861);
insert into acciona values (0, 'Entidade 1', 175911218);
insert into acciona values (3, 'Entidade 1', 464855680);
insert into acciona values (0, 'Entidade 1', 926589058);
insert into acciona values (4, 'Entidade 1', 720860137);
insert into acciona values (2, 'Entidade 1', 34419742);
insert into acciona values (0, 'Entidade 1', 500634383);
insert into acciona values (0, 'Entidade 1', 83358181);
insert into acciona values (0, 'Entidade 1', 284022400);
insert into acciona values (1, 'Entidade 1', 48781742);
insert into acciona values (3, 'Entidade 1', 826623777);
insert into acciona values (2, 'Entidade 1', 867219871);
insert into acciona values (0, 'Entidade 1', 67112959);
insert into acciona values (0, 'Entidade 1', 223533223);
insert into acciona values (2, 'Entidade 1', 954061463);
insert into acciona values (0, 'Entidade 1', 279280116);
insert into acciona values (1, 'Entidade 1', 583718945);
insert into acciona values (0, 'Entidade 1', 231074490);
insert into acciona values (4, 'Entidade 1', 630070396);
insert into acciona values (3, 'Entidade 1', 116058739);
insert into acciona values (0, 'Entidade 1', 580450027);
insert into acciona values (0, 'Entidade 1', 523393593);
insert into acciona values (1, 'Entidade 1', 800639973);
insert into acciona values (0, 'Entidade 1', 515027876);
insert into acciona values (0, 'Entidade 1', 760971628);
insert into acciona values (0, 'Entidade 1', 477949225);
insert into acciona values (2, 'Entidade 1', 342646187);
insert into acciona values (0, 'Entidade 1', 595367180);
insert into acciona values (2, 'Entidade 1', 642931335);
insert into acciona values (0, 'Entidade 1', 296555606);
insert into acciona values (0, 'Entidade 1', 566210920);
insert into acciona values (1, 'Entidade 1', 68587744);
insert into acciona values (1, 'Entidade 1', 144371014);
insert into acciona values (0, 'Entidade 1', 50496806);
insert into acciona values (3, 'Entidade 1', 343416076);
insert into acciona values (4, 'Entidade 1', 88647599);
insert into acciona values (0, 'Entidade 1', 32089258);
insert into acciona values (3, 'Entidade 1', 341342470);
insert into acciona values (0, 'Entidade 1', 747139914);
insert into acciona values (0, 'Entidade 1', 683437896);
insert into acciona values (2, 'Entidade 1', 149656775);
insert into acciona values (0, 'Entidade 1', 582639896);
insert into acciona values (1, 'Entidade 1', 739041841);
insert into acciona values (0, 'Entidade 1', 101215674);
insert into acciona values (1, 'Entidade 1', 762282984);
insert into acciona values (0, 'Entidade 1', 168015393);
insert into acciona values (4, 'Entidade 1', 207194211);
insert into acciona values (4, 'Entidade 1', 678494139);
insert into acciona values (0, 'Entidade 1', 412876077);
insert into acciona values (3, 'Entidade 1', 649055322);
insert into acciona values (3, 'Entidade 1', 670564688);
insert into acciona values (0, 'Entidade 1', 165064573);
insert into acciona values (0, 'Entidade 1', 675660925);
insert into acciona values (2, 'Entidade 1', 685203771);
insert into acciona values (0, 'Entidade 1', 354101393);
insert into acciona values (2, 'Entidade 1', 121908251);
insert into acciona values (0, 'Entidade 1', 386784673);
insert into acciona values (0, 'Entidade 1', 895645195);
insert into acciona values (1, 'Entidade 1', 115272568);
insert into acciona values (1, 'Entidade 1', 582585962);
insert into acciona values (4, 'Entidade 1', 32157781);
insert into acciona values (0, 'Entidade 1', 931423939);
insert into acciona values (3, 'Entidade 1', 771377493);
insert into acciona values (0, 'Entidade 1', 74238776);
insert into acciona values (0, 'Entidade 1', 503766701);
insert into acciona values (0, 'Entidade 1', 871638922);

	


insert into coordenador values (0);
insert into coordenador values (1);
insert into coordenador values (2);
insert into coordenador values (3);
insert into coordenador values (4);
insert into coordenador values (5);
insert into coordenador values (6);
insert into coordenador values (7);
insert into coordenador values (8);
insert into coordenador values (9);
insert into coordenador values (10);
insert into coordenador values (11);
insert into coordenador values (12);
insert into coordenador values (13);
insert into coordenador values (14);
insert into coordenador values (15);
insert into coordenador values (16);
insert into coordenador values (17);
insert into coordenador values (18);
insert into coordenador values (19);
insert into coordenador values (20);
insert into coordenador values (21);
insert into coordenador values (22);
insert into coordenador values (23);
insert into coordenador values (24);
insert into coordenador values (25);
insert into coordenador values (26);
insert into coordenador values (27);
insert into coordenador values (28);
insert into coordenador values (29);
insert into coordenador values (30);
insert into coordenador values (31);
insert into coordenador values (32);
insert into coordenador values (33);
insert into coordenador values (34);
insert into coordenador values (35);
insert into coordenador values (36);
insert into coordenador values (37);
insert into coordenador values (38);
insert into coordenador values (39);
insert into coordenador values (40);
insert into coordenador values (41);
insert into coordenador values (42);
insert into coordenador values (43);
insert into coordenador values (44);
insert into coordenador values (45);
insert into coordenador values (46);
insert into coordenador values (47);
insert into coordenador values (48);
insert into coordenador values (49);
insert into coordenador values (50);
insert into coordenador values (51);
insert into coordenador values (52);
insert into coordenador values (53);
insert into coordenador values (54);
insert into coordenador values (55);
insert into coordenador values (56);
insert into coordenador values (57);
insert into coordenador values (58);
insert into coordenador values (59);
insert into coordenador values (60);
insert into coordenador values (61);
insert into coordenador values (62);
insert into coordenador values (63);
insert into coordenador values (64);
insert into coordenador values (65);
insert into coordenador values (66);
insert into coordenador values (67);
insert into coordenador values (68);
insert into coordenador values (69);
insert into coordenador values (70);
insert into coordenador values (71);
insert into coordenador values (72);
insert into coordenador values (73);
insert into coordenador values (74);
insert into coordenador values (75);
insert into coordenador values (76);
insert into coordenador values (77);
insert into coordenador values (78);
insert into coordenador values (79);
insert into coordenador values (80);
insert into coordenador values (81);
insert into coordenador values (82);
insert into coordenador values (83);
insert into coordenador values (84);
insert into coordenador values (85);
insert into coordenador values (86);
insert into coordenador values (87);
insert into coordenador values (88);
insert into coordenador values (89);
insert into coordenador values (90);
insert into coordenador values (91);
insert into coordenador values (92);
insert into coordenador values (93);
insert into coordenador values (94);
insert into coordenador values (95);
insert into coordenador values (96);
insert into coordenador values (97);
insert into coordenador values (98);
insert into coordenador values (99);


insert into audita values (62, '0', 'Entidade 1', 557984031, '2018-06-09 13:34:25', '2018-10-20 09:13:41', '2019-06-22 06:39:28', 'ADSDSATEXTO');
insert into audita values (0, '3', 'Entidade 37', 800639973, '2018-01-07 03:59:13', '2018-04-22 12:12:30', '2019-04-17 12:22:08', 'ADSDSATEXTO');
insert into audita values (76, '0', 'Entidade 97', 10293861, '2018-02-06 19:52:03', '2018-10-26 11:28:36', '2019-10-26 01:19:12', 'ADSDSATEXTO');
insert into audita values (34, '1', 'Entidade 45', 464855680, '2018-02-20 02:27:08', '2018-08-24 21:12:48', '2019-01-28 10:08:47', 'ADSDSATEXTO');
insert into audita values (85, '1', 'Entidade 55', 767624952, '2018-03-18 02:57:05', '2018-11-24 22:16:35', '2019-11-30 05:22:43', 'ADSDSATEXTO');
insert into audita values (34, '0', 'Entidade 31', 570584094, '2018-02-16 12:22:24', '2018-09-16 03:51:58', '2019-04-19 10:13:59', 'ADSDSATEXTO');
insert into audita values (11, '0', 'Entidade 31', 487917628, '2018-06-01 21:17:27', '2018-09-08 13:45:28', '2019-03-07 04:41:41', 'ADSDSATEXTO');
insert into audita values (84, '3', 'Entidade 57', 630070396, '2018-01-03 11:39:58', '2018-07-19 22:28:57', '2019-08-14 08:40:02', 'ADSDSATEXTO');
insert into audita values (40, '0', 'Entidade 62', 582639896, '2018-06-10 23:32:11', '2018-11-18 02:02:34', '2019-10-11 12:11:06', 'ADSDSATEXTO');
insert into audita values (30, '1', 'Entidade 45', 464855680, '2018-03-31 08:55:16', '2018-09-01 13:45:16', '2019-04-08 23:48:30', 'ADSDSATEXTO');
insert into audita values (27, '1', 'Entidade 47', 354101393, '2018-01-24 15:01:29', '2018-11-06 16:22:29', '2019-05-18 09:44:39', 'ADSDSATEXTO');
insert into audita values (94, '0', 'Entidade 97', 547862477, '2018-01-03 22:21:22', '2018-11-26 18:44:57', '2019-10-11 05:29:36', 'ADSDSATEXTO');
insert into audita values (19, '2', 'Entidade 57', 296555606, '2018-01-02 13:07:35', '2018-02-15 16:15:57', '2019-06-20 18:19:14', 'ADSDSATEXTO');
insert into audita values (64, '3', 'Entidade 70', 175911218, '2018-03-05 15:12:50', '2018-10-26 20:14:09', '2019-01-28 11:38:42', 'ADSDSATEXTO');
insert into audita values (99, '2', 'Entidade 44', 931423939, '2018-02-08 10:18:22', '2018-08-14 11:07:35', '2019-10-28 13:21:43', 'ADSDSATEXTO');
insert into audita values (5, '1', 'Entidade 45', 464855680, '2018-01-10 09:16:39', '2018-11-09 15:42:25', '2019-08-20 23:09:48', 'ADSDSATEXTO');
insert into audita values (97, '2', 'Entidade 11', 144371014, '2018-04-03 18:38:10', '2018-10-27 11:45:26', '2019-09-14 11:43:19', 'ADSDSATEXTO');
insert into audita values (29, '1', 'Entidade 12', 678494139, '2018-01-20 07:38:17', '2018-05-21 22:18:40', '2019-02-09 04:40:02', 'ADSDSATEXTO');
insert into audita values (23, '3', 'Entidade 15', 826623777, '2018-03-18 20:13:52', '2018-05-08 11:23:47', '2019-08-21 11:08:22', 'ADSDSATEXTO');
insert into audita values (60, '3', 'Entidade 50', 386784673, '2018-03-31 23:56:03', '2018-06-10 08:28:52', '2019-11-28 16:34:15', 'ADSDSATEXTO');
insert into audita values (60, '3', 'Entidade 37', 800639973, '2018-01-01 10:29:05', '2018-03-25 13:07:22', '2019-11-13 19:11:22', 'ADSDSATEXTO');
insert into audita values (52, '3', 'Entidade 74', 595367180, '2018-09-06 23:57:51', '2018-10-23 13:38:04', '2019-10-09 20:13:48', 'ADSDSATEXTO');
insert into audita values (15, '0', 'Entidade 90', 306237561, '2018-07-23 10:45:48', '2018-11-28 15:34:12', '2019-07-05 11:28:03', 'ADSDSATEXTO');
insert into audita values (61, '0', 'Entidade 38', 720860137, '2018-05-01 04:11:37', '2018-11-21 02:24:44', '2019-10-09 14:02:57', 'ADSDSATEXTO');
insert into audita values (21, '0', 'Entidade 14', 103790174, '2018-02-28 23:49:32', '2018-10-23 10:34:17', '2019-03-10 20:17:21', 'ADSDSATEXTO');
insert into audita values (38, '3', 'Entidade 70', 32157781, '2018-04-25 09:24:34', '2018-10-12 16:34:10', '2019-08-11 15:16:11', 'ADSDSATEXTO');
insert into audita values (45, '2', 'Entidade 86', 871638922, '2018-03-18 02:40:37', '2018-09-28 04:19:35', '2019-03-03 12:38:28', 'ADSDSATEXTO');
insert into audita values (55, '0', 'Entidade 73', 48781742, '2018-02-03 06:30:01', '2018-08-08 22:46:45', '2019-07-03 09:37:58', 'ADSDSATEXTO');
insert into audita values (45, '1', 'Entidade 54', 168015393, '2018-02-16 05:05:42', '2018-07-14 03:28:12', '2019-02-13 05:26:38', 'ADSDSATEXTO');
insert into audita values (61, '3', 'Entidade 41', 823457452, '2018-01-11 22:55:38', '2018-05-25 01:17:42', '2019-04-04 09:52:11', 'ADSDSATEXTO');
insert into audita values (97, '0', 'Entidade 43', 342646187, '2018-02-11 20:02:04', '2018-08-11 06:22:57', '2019-01-28 13:20:53', 'ADSDSATEXTO');
insert into audita values (98, '0', 'Entidade 48', 233547212, '2018-01-22 08:13:09', '2018-10-27 12:31:25', '2019-08-24 15:15:13', 'ADSDSATEXTO');
insert into audita values (55, '0', 'Entidade 88', 800639973, '2018-01-02 09:30:18', '2018-07-31 02:18:44', '2019-07-23 02:58:31', 'ADSDSATEXTO');
insert into audita values (42, '2', 'Entidade 90', 467606666, '2018-06-04 14:49:25', '2018-11-20 12:26:44', '2019-07-18 06:58:51', 'ADSDSATEXTO');
insert into audita values (80, '3', 'Entidade 50', 464855680, '2018-02-10 05:03:18', '2018-07-16 12:32:26', '2019-07-12 07:03:18', 'ADSDSATEXTO');
insert into audita values (11, '1', 'Entidade 82', 675660925, '2018-01-10 05:52:53', '2018-10-29 05:24:52', '2019-02-07 12:44:49', 'ADSDSATEXTO');
insert into audita values (97, '1', 'Entidade 42', 762282984, '2018-04-20 03:01:47', '2018-11-27 01:51:05', '2019-03-21 14:21:13', 'ADSDSATEXTO');
insert into audita values (91, '3', 'Entidade 53', 342646187, '2018-01-03 19:37:28', '2018-05-14 11:41:48', '2019-11-10 16:03:09', 'ADSDSATEXTO');
insert into audita values (37, '1', 'Entidade 23', 306237561, '2018-06-18 07:36:50', '2018-11-25 01:26:09', '2019-02-01 19:04:09', 'ADSDSATEXTO');
insert into audita values (28, '0', 'Entidade 97', 231074490, '2018-04-02 18:08:41', '2018-09-14 18:21:22', '2019-04-04 15:17:38', 'ADSDSATEXTO');
insert into audita values (13, '4', 'Entidade 13', 88647599, '2018-02-09 05:26:12', '2018-11-15 23:42:56', '2019-08-03 21:07:40', 'ADSDSATEXTO');
insert into audita values (87, '0', 'Entidade 1', 557984031, '2018-06-13 05:05:25', '2018-10-14 16:36:41', '2019-09-29 20:25:15', 'ADSDSATEXTO');
insert into audita values (94, '2', 'Entidade 47', 487917628, '2018-03-05 15:32:16', '2018-09-27 18:25:10', '2019-04-14 03:25:11', 'ADSDSATEXTO');
insert into audita values (55, '4', 'Entidade 22', 207194211, '2018-01-29 20:47:52', '2018-06-28 03:08:14', '2019-07-18 17:40:37', 'ADSDSATEXTO');
insert into audita values (93, '2', 'Entidade 15', 566210920, '2018-07-06 18:28:57', '2018-11-18 20:05:53', '2019-07-24 12:44:54', 'ADSDSATEXTO');
insert into audita values (3, '2', 'Entidade 87', 341342470, '2018-04-30 08:48:12', '2018-11-22 20:42:18', '2019-08-05 23:35:51', 'ADSDSATEXTO');
insert into audita values (32, '2', 'Entidade 89', 165064573, '2018-04-21 03:02:09', '2018-07-31 11:09:31', '2019-07-20 10:49:57', 'ADSDSATEXTO');
insert into audita values (66, '1', 'Entidade 89', 231074490, '2018-02-16 05:03:10', '2018-10-05 15:23:40', '2019-06-25 22:57:39', 'ADSDSATEXTO');
insert into audita values (37, '5', 'Entidade 22', 771411169, '2018-06-17 18:47:34', '2018-07-27 04:01:25', '2019-03-07 09:29:02', 'ADSDSATEXTO');
insert into audita values (23, '3', 'Entidade 86', 630070396, '2018-01-09 23:07:53', '2018-08-14 23:37:26', '2019-03-07 23:17:30', 'ADSDSATEXTO');
insert into audita values (23, '3', 'Entidade 30', 500634383, '2018-01-02 21:17:21', '2018-07-23 08:19:32', '2019-04-24 05:38:58', 'ADSDSATEXTO');
insert into audita values (52, '2', 'Entidade 13', 823457452, '2018-01-07 15:54:42', '2018-07-27 03:38:26', '2019-04-16 11:22:31', 'ADSDSATEXTO');
insert into audita values (89, '1', 'Entidade 32', 996565706, '2018-04-29 08:34:51', '2018-10-14 19:21:01', '2019-01-12 11:05:49', 'ADSDSATEXTO');
insert into audita values (57, '2', 'Entidade 11', 144371014, '2018-09-03 23:05:16', '2018-10-03 18:58:50', '2019-08-09 09:03:29', 'ADSDSATEXTO');
insert into audita values (85, '3', 'Entidade 12', 515027876, '2018-10-01 20:35:06', '2018-11-13 22:55:01', '2019-03-30 03:25:19', 'ADSDSATEXTO');
insert into audita values (49, '1', 'Entidade 93', 685203771, '2018-03-27 15:51:25', '2018-07-10 10:19:39', '2019-05-23 12:35:44', 'ADSDSATEXTO');
insert into audita values (58, '3', 'Entidade 44', 684970804, '2018-01-05 04:47:47', '2018-11-28 22:11:52', '2019-04-28 22:50:28', 'ADSDSATEXTO');
insert into audita values (78, '4', 'Entidade 22', 207194211, '2018-02-10 10:40:09', '2018-08-18 01:49:37', '2019-05-25 17:49:58', 'ADSDSATEXTO');
insert into audita values (83, '2', 'Entidade 47', 144371014, '2018-07-10 06:39:32', '2018-11-02 09:38:13', '2019-10-14 23:23:09', 'ADSDSATEXTO');
insert into audita values (29, '1', 'Entidade 78', 557984031, '2018-01-15 01:51:14', '2018-11-07 01:18:19', '2019-04-15 19:49:12', 'ADSDSATEXTO');
insert into audita values (27, '1', 'Entidade 43', 279280116, '2018-03-14 12:28:36', '2018-11-14 12:17:31', '2019-06-07 01:04:34', 'ADSDSATEXTO');
insert into audita values (17, '0', 'Entidade 43', 342646187, '2018-01-26 11:55:45', '2018-10-09 14:04:57', '2019-06-21 12:57:51', 'ADSDSATEXTO');
insert into audita values (22, '1', 'Entidade 36', 547862477, '2018-08-03 10:52:21', '2018-11-22 04:52:03', '2019-01-28 05:22:20', 'ADSDSATEXTO');
insert into audita values (23, '0', 'Entidade 40', 343416076, '2018-04-24 06:26:08', '2018-10-16 20:21:17', '2019-10-12 02:41:12', 'ADSDSATEXTO');
insert into audita values (23, '2', 'Entidade 11', 144371014, '2018-02-20 10:13:29', '2018-10-13 03:57:22', '2019-05-22 04:45:07', 'ADSDSATEXTO');
insert into audita values (9, '5', 'Entidade 15', 720860137, '2018-04-20 15:10:51', '2018-09-30 20:43:49', '2019-01-23 05:15:03', 'ADSDSATEXTO');
insert into audita values (45, '0', 'Entidade 15', 523393593, '2018-02-10 07:47:11', '2018-11-30 15:31:44', '2019-08-05 21:24:11', 'ADSDSATEXTO');
insert into audita values (58, '0', 'Entidade 2', 450839344, '2018-01-31 16:30:09', '2018-07-16 10:49:18', '2019-08-01 23:33:22', 'ADSDSATEXTO');
insert into audita values (92, '5', 'Entidade 54', 670564688, '2018-05-01 09:03:03', '2018-06-01 17:47:34', '2019-03-12 17:12:44', 'ADSDSATEXTO');
insert into audita values (25, '0', 'Entidade 65', 826623777, '2018-01-12 22:54:50', '2018-05-07 08:32:07', '2019-02-28 16:21:36', 'ADSDSATEXTO');
insert into audita values (73, '4', 'Entidade 7', 760971628, '2018-03-13 21:12:37', '2018-06-20 23:24:58', '2019-07-11 21:41:13', 'ADSDSATEXTO');
insert into audita values (66, '1', 'Entidade 92', 871638922, '2018-06-24 21:55:53', '2018-10-04 02:35:35', '2019-02-28 16:27:06', 'ADSDSATEXTO');
insert into audita values (9, '0', 'Entidade 41', 690512960, '2018-03-15 04:02:25', '2018-11-26 03:21:40', '2019-06-06 06:23:48', 'ADSDSATEXTO');
insert into audita values (21, '0', 'Entidade 64', 248058284, '2018-02-11 18:57:13', '2018-04-01 11:03:23', '2019-05-13 15:04:23', 'ADSDSATEXTO');
insert into audita values (83, '1', 'Entidade 50', 233547212, '2018-01-29 15:28:57', '2018-07-26 03:05:22', '2019-08-08 08:39:45', 'ADSDSATEXTO');
insert into audita values (58, '0', 'Entidade 97', 547862477, '2018-06-16 16:12:14', '2018-11-28 12:11:15', '2019-11-25 20:43:38', 'ADSDSATEXTO');
insert into audita values (89, '3', 'Entidade 32', 895645195, '2018-04-27 06:15:53', '2018-08-24 07:51:02', '2019-02-13 04:14:25', 'ADSDSATEXTO');
insert into audita values (7, '4', 'Entidade 13', 223533223, '2018-01-03 07:36:43', '2018-08-26 02:01:42', '2019-02-02 03:41:44', 'ADSDSATEXTO');
insert into audita values (86, '1', 'Entidade 29', 987605179, '2018-01-06 15:03:56', '2018-10-05 21:31:26', '2019-05-16 03:22:01', 'ADSDSATEXTO');
insert into audita values (34, '3', 'Entidade 50', 464855680, '2018-05-13 23:03:01', '2018-11-13 03:39:24', '2019-09-15 17:36:24', 'ADSDSATEXTO');
insert into audita values (37, '1', 'Entidade 45', 464855680, '2018-03-09 20:02:13', '2018-09-26 16:38:18', '2019-04-19 03:53:57', 'ADSDSATEXTO');
insert into audita values (11, '1', 'Entidade 90', 68587744, '2018-04-06 03:48:32', '2018-05-29 09:59:42', '2019-05-04 12:18:41', 'ADSDSATEXTO');
insert into audita values (62, '0', 'Entidade 70', 771377493, '2018-02-18 06:34:19', '2018-06-28 09:29:11', '2019-09-01 11:49:30', 'ADSDSATEXTO');
insert into audita values (8, '0', 'Entidade 45', 450839344, '2018-01-19 18:40:17', '2018-05-23 03:03:22', '2019-09-22 03:30:24', 'ADSDSATEXTO');
insert into audita values (39, '2', 'Entidade 29', 767624952, '2018-06-14 10:42:57', '2018-07-09 17:33:55', '2019-11-21 16:04:13', 'ADSDSATEXTO');
insert into audita values (23, '5', 'Entidade 22', 771411169, '2018-01-04 11:01:57', '2018-09-18 18:41:25', '2019-04-25 13:57:16', 'ADSDSATEXTO');
insert into audita values (42, '2', 'Entidade 86', 871638922, '2018-03-27 02:55:44', '2018-09-28 04:42:13', '2019-03-27 06:02:49', 'ADSDSATEXTO');
insert into audita values (38, '0', 'Entidade 41', 690512960, '2018-04-10 12:48:05', '2018-09-07 06:09:32', '2019-04-18 16:40:39', 'ADSDSATEXTO');
insert into audita values (49, '0', 'Entidade 70', 771377493, '2018-02-05 19:59:06', '2018-05-13 17:06:23', '2019-10-04 21:48:45', 'ADSDSATEXTO');
insert into audita values (91, '5', 'Entidade 64', 68587744, '2018-02-04 08:12:05', '2018-11-06 04:14:06', '2019-11-21 07:18:52', 'ADSDSATEXTO');
insert into audita values (55, '1', 'Entidade 43', 354101393, '2018-04-24 18:08:55', '2018-11-28 16:49:33', '2019-05-17 23:11:33', 'ADSDSATEXTO');
insert into audita values (61, '5', 'Entidade 11', 771411169, '2018-05-19 13:13:13', '2018-08-18 04:34:45', '2019-11-08 14:52:05', 'ADSDSATEXTO');
insert into audita values (13, '0', 'Entidade 40', 343416076, '2018-04-07 14:38:12', '2018-09-16 03:42:49', '2019-08-31 17:29:57', 'ADSDSATEXTO');
insert into audita values (8, '0', 'Entidade 9', 279280116, '2018-02-15 07:44:38', '2018-10-17 02:31:05', '2019-03-03 18:47:56', 'ADSDSATEXTO');
insert into audita values (23, '3', 'Entidade 70', 149656775, '2018-04-14 18:46:27', '2018-11-25 06:15:18', '2019-05-08 03:05:44', 'ADSDSATEXTO');
insert into audita values (79, '0', 'Entidade 71', 121908251, '2018-01-04 09:16:05', '2018-11-30 15:48:22', '2019-10-12 19:52:11', 'ADSDSATEXTO');
insert into audita values (36, '3', 'Entidade 32', 895645195, '2018-07-14 11:09:18', '2018-10-28 13:44:58', '2019-01-08 20:54:28', 'ADSDSATEXTO');
insert into audita values (77, '0', 'Entidade 15', 523393593, '2018-02-20 17:02:59', '2018-10-26 02:18:58', '2019-10-25 05:45:43', 'ADSDSATEXTO');
insert into audita values (42, '1', 'Entidade 69', 342646187, '2018-02-06 03:56:45', '2018-10-04 10:13:06', '2019-04-25 18:12:40', 'ADSDSATEXTO');
insert into audita values (35, '0', 'Entidade 65', 826623777, '2018-02-14 17:03:08', '2018-10-15 20:46:31', '2019-11-03 01:06:19', 'ADSDSATEXTO');


insert into solicita values (15, '2018-04-10 15:16:12', 83, '2018-04-10 21:41:25', '2018-04-10 23:25:28');
insert into solicita values (13, '2018-11-24 12:16:47', 84, '2018-11-24 13:31:26', '2018-11-24 19:25:45');
insert into solicita values (9, '2018-04-02 19:31:58', 53, '2018-04-02 21:58:03', '2018-04-03 05:21:18');
insert into solicita values (29, '2018-04-25 07:24:11', 54, '2018-04-25 07:25:12', '2018-04-25 07:25:29');
insert into solicita values (67, '2018-10-03 19:08:35', 15, '2018-10-03 19:18:18', '2018-10-03 20:58:41');
insert into solicita values (85, '2018-02-21 10:23:16', 51, '2018-02-21 12:18:36', '2018-02-21 12:19:04');
insert into solicita values (62, '2018-07-10 12:29:32', 48, '2018-07-10 13:36:55', '2018-07-10 13:39:49');
insert into solicita values (10, '2018-06-13 17:36:51', 70, '2018-06-13 01:54:49', '2018-06-13 22:58:38');
insert into solicita values (74, '2018-05-19 20:43:48', 96, '2018-05-19 05:11:09', '2018-05-19 06:36:28');
insert into solicita values (14, '2018-11-25 13:18:46', 99, '2018-11-25 15:57:48', '2018-11-25 19:12:05');
insert into solicita values (82, '2018-10-12 17:25:39', 13, '2018-10-12 20:06:29', '2018-10-12 21:22:09');
insert into solicita values (60, '2018-04-15 03:09:02', 86, '2018-04-15 03:24:38', '2018-04-15 04:48:13');
insert into solicita values (96, '2018-10-31 22:47:11', 61, '2018-10-31 03:53:50', '2018-10-31 08:29:20');
insert into solicita values (72, '2018-03-17 01:31:55', 93, '2018-03-17 03:29:27', '2018-03-17 06:02:51');
insert into solicita values (90, '2018-08-03 20:16:09', 88, '2018-08-03 20:36:18', '2018-08-03 21:25:42');
insert into solicita values (65, '2018-09-23 21:49:06', 7, '2018-09-23 21:05:42', '2018-09-23 22:15:02');
insert into solicita values (26, '2018-01-03 08:29:01', 62, '2018-01-03 08:04:11', '2018-01-03 08:15:05');
insert into solicita values (77, '2018-06-01 07:10:16', 89, '2018-06-01 07:19:01', '2018-06-01 08:55:44');
insert into solicita values (35, '2018-03-30 12:58:42', 94, '2018-03-30 13:57:31', '2018-03-30 15:34:08');
insert into solicita values (96, '2018-04-08 16:48:04', 75, '2018-04-08 18:13:47', '2018-04-08 19:20:59');
insert into solicita values (5, '2018-09-09 02:11:19', 50, '2018-09-09 03:32:24', '2018-09-09 04:27:41');
insert into solicita values (61, '2018-10-25 09:22:13', 98, '2018-10-25 15:21:15', '2018-10-25 15:26:26');
insert into solicita values (37, '2018-03-14 21:40:34', 55, '2018-03-14 03:52:32', '2018-03-14 21:41:18');
insert into solicita values (59, '2018-06-17 01:06:41', 9, '2018-06-17 01:38:20', '2018-06-17 02:52:06');
insert into solicita values (77, '2018-03-04 19:49:49', 90, '2018-03-04 01:40:25', '2018-03-04 20:02:21');
insert into solicita values (23, '2018-06-09 22:55:34', 30, '2018-06-10 01:28:02', '2018-06-10 03:21:45');
insert into solicita values (52, '2018-01-27 08:40:10', 11, '2018-01-27 08:26:14', '2018-01-27 11:46:13');
insert into solicita values (94, '2018-08-03 06:30:24', 4, '2018-08-03 07:10:41', '2018-08-03 10:28:25');
insert into solicita values (41, '2018-07-22 06:47:51', 44, '2018-07-22 07:06:57', '2018-07-22 07:15:37');
insert into solicita values (79, '2018-02-08 18:11:31', 7, '2018-02-08 18:25:38', '2018-02-08 20:35:47');
insert into solicita values (25, '2018-09-06 18:24:02', 43, '2018-09-06 21:28:29', '2018-09-06 23:06:31');
insert into solicita values (66, '2018-03-04 15:42:35', 69, '2018-03-04 16:46:17', '2018-03-04 19:48:51');
insert into solicita values (92, '2018-06-20 09:42:22', 0, '2018-06-20 11:45:42', '2018-06-20 13:04:44');
insert into solicita values (26, '2018-04-12 22:45:53', 70, '2018-04-12 01:54:52', '2018-04-12 07:13:14');
insert into solicita values (46, '2018-06-30 19:24:13', 83, '2018-06-30 01:01:41', '2018-06-30 05:42:01');
insert into solicita values (54, '2018-07-08 18:15:15', 32, '2018-07-08 01:23:24', '2018-07-08 20:16:16');
insert into solicita values (64, '2018-04-17 01:27:51', 99, '2018-04-17 02:24:44', '2018-04-17 06:15:48');
insert into solicita values (99, '2018-01-12 14:42:38', 73, '2018-01-12 15:52:39', '2018-01-12 15:53:01');
insert into solicita values (57, '2018-09-23 21:49:06', 7, '2018-09-23 01:08:22', '2018-09-23 03:39:59');
insert into solicita values (57, '2018-09-10 08:50:02', 69, '2018-09-10 12:48:39', '2018-09-10 15:33:58');
insert into solicita values (24, '2018-01-20 19:24:46', 52, '2018-01-20 22:24:08', '2018-01-21 02:26:45');
insert into solicita values (28, '2018-09-23 21:49:06', 7, '2018-09-23 23:26:44', '2018-09-23 23:57:03');
insert into solicita values (57, '2018-06-01 19:52:15', 50, '2018-06-01 22:19:56', '2018-06-01 23:54:28');
insert into solicita values (28, '2018-08-20 02:19:22', 15, '2018-08-20 03:08:21', '2018-08-20 03:29:24');
insert into solicita values (30, '2018-10-26 23:57:18', 95, '2018-10-27 02:35:06', '2018-10-27 02:55:15');
insert into solicita values (79, '2018-07-19 10:02:27', 96, '2018-07-19 11:41:01', '2018-07-19 16:29:29');
insert into solicita values (45, '2018-02-08 03:06:38', 16, '2018-02-08 06:52:12', '2018-02-08 12:25:23');
insert into solicita values (36, '2018-09-26 19:01:33', 84, '2018-09-26 04:04:25', '2018-09-26 23:15:52');
insert into solicita values (29, '2018-03-01 05:16:24', 33, '2018-03-01 14:09:32', '2018-03-01 14:12:31');
insert into solicita values (42, '2018-02-08 18:11:31', 7, '2018-02-08 18:28:21', '2018-02-08 21:35:42');
insert into solicita values (1, '2018-03-17 01:31:55', 93, '2018-03-17 02:44:39', '2018-03-17 12:02:57');
insert into solicita values (90, '2018-06-20 09:42:22', 0, '2018-06-20 10:57:06', '2018-06-20 15:33:17');
insert into solicita values (50, '2018-04-12 22:45:53', 70, '2018-04-12 06:39:28', '2018-04-12 06:58:42');
insert into solicita values (18, '2018-07-10 08:08:52', 27, '2018-07-10 08:45:39', '2018-07-10 08:49:21');
insert into solicita values (79, '2018-11-06 06:48:44', 96, '2018-11-06 09:36:56', '2018-11-06 15:21:18');
insert into solicita values (25, '2018-07-10 08:08:52', 27, '2018-07-10 09:22:57', '2018-07-10 10:17:01');
insert into solicita values (30, '2018-07-19 16:14:52', 14, '2018-07-19 19:32:38', '2018-07-19 21:18:10');
insert into solicita values (73, '2018-06-01 19:52:15', 50, '2018-06-01 19:11:08', '2018-06-01 21:45:12');
insert into solicita values (74, '2018-09-17 13:16:58', 98, '2018-09-17 13:26:44', '2018-09-17 13:28:02');
insert into solicita values (11, '2018-06-16 16:39:43', 50, '2018-06-16 03:04:23', '2018-06-16 18:16:03');
insert into solicita values (29, '2018-06-10 06:43:30', 71, '2018-06-10 11:31:47', '2018-06-10 13:34:42');
insert into solicita values (92, '2018-08-05 08:33:05', 34, '2018-08-05 08:47:42', '2018-08-05 11:32:11');
insert into solicita values (78, '2018-01-27 18:36:10', 17, '2018-01-27 20:55:06', '2018-01-27 21:09:51');
insert into solicita values (84, '2018-03-01 05:16:24', 33, '2018-03-01 09:11:08', '2018-03-01 15:38:06');
insert into solicita values (66, '2018-02-08 21:04:19', 14, '2018-02-09 01:12:26', '2018-02-09 01:31:44');
insert into solicita values (14, '2018-09-13 21:32:21', 7, '2018-09-13 21:02:59', '2018-09-13 22:23:57');
insert into solicita values (66, '2018-01-08 18:38:55', 26, '2018-01-08 02:54:13', '2018-01-08 22:25:42');
insert into solicita values (54, '2018-04-05 18:49:08', 54, '2018-04-05 19:39:45', '2018-04-05 20:09:36');
insert into solicita values (82, '2018-06-13 17:36:51', 70, '2018-06-13 03:13:13', '2018-06-13 18:19:08');
insert into solicita values (73, '2018-06-25 09:52:28', 8, '2018-06-25 09:57:35', '2018-06-25 10:22:52');
insert into solicita values (20, '2018-07-24 14:26:02', 55, '2018-07-24 17:44:01', '2018-07-24 18:31:45');
insert into solicita values (60, '2018-01-31 22:20:48', 16, '2018-01-31 22:42:55', '2018-02-01 02:21:42');
insert into solicita values (92, '2018-02-08 18:11:31', 7, '2018-02-08 21:07:36', '2018-02-08 23:28:10');
insert into solicita values (34, '2018-06-27 19:34:40', 1, '2018-06-27 20:51:11', '2018-06-27 21:32:19');
insert into solicita values (31, '2018-03-14 17:40:09', 74, '2018-03-14 21:54:22', '2018-03-14 22:12:36');
insert into solicita values (43, '2018-08-24 01:29:45', 24, '2018-08-24 05:52:24', '2018-08-24 06:04:01');
insert into solicita values (24, '2018-03-04 15:42:35', 69, '2018-03-04 17:19:44', '2018-03-04 18:20:22');
insert into solicita values (60, '2018-05-05 05:02:25', 5, '2018-05-05 06:18:10', '2018-05-05 07:32:43');
insert into solicita values (98, '2018-10-03 19:08:35', 15, '2018-10-03 21:11:15', '2018-10-03 21:30:45');
insert into solicita values (51, '2018-07-12 12:56:08', 29, '2018-07-12 13:28:25', '2018-07-12 15:32:34');
insert into solicita values (5, '2018-10-12 17:25:39', 13, '2018-10-12 20:47:28', '2018-10-12 21:29:09');
insert into solicita values (44, '2018-06-27 19:34:40', 1, '2018-06-27 19:59:53', '2018-06-28 01:28:36');
insert into solicita values (16, '2018-05-20 10:39:50', 82, '2018-05-20 11:33:15', '2018-05-20 12:51:47');
insert into solicita values (51, '2018-05-05 05:02:25', 5, '2018-05-05 05:44:01', '2018-05-05 06:15:27');
insert into solicita values (69, '2018-03-30 12:58:42', 94, '2018-03-30 18:19:57', '2018-03-30 19:33:16');
insert into solicita values (37, '2018-11-24 12:16:47', 84, '2018-11-24 15:09:12', '2018-11-24 16:49:02');
insert into solicita values (73, '2018-03-19 02:31:52', 8, '2018-03-19 04:44:20', '2018-03-19 07:41:24');
insert into solicita values (95, '2018-04-01 14:36:51', 85, '2018-04-01 16:48:28', '2018-04-01 18:50:22');
insert into solicita values (91, '2018-10-29 08:26:03', 28, '2018-10-29 09:02:51', '2018-10-29 12:28:38');
insert into solicita values (83, '2018-06-12 12:32:06', 89, '2018-06-12 17:51:17', '2018-06-12 19:48:38');
insert into solicita values (7, '2018-09-17 13:16:58', 98, '2018-09-17 13:19:44', '2018-09-17 13:30:05');
insert into solicita values (92, '2018-06-25 10:16:17', 24, '2018-06-25 12:16:09', '2018-06-25 15:42:54');
insert into solicita values (59, '2018-08-18 23:51:26', 79, '2018-08-19 03:08:11', '2018-08-19 03:09:41');
insert into solicita values (2, '2018-01-01 09:09:02', 53, '2018-01-01 09:15:21', '2018-01-01 16:32:33');
insert into solicita values (91, '2018-03-19 21:39:36', 12, '2018-03-19 22:42:11', '2018-03-19 23:07:42');
insert into solicita values (73, '2018-08-03 06:30:24', 4, '2018-08-03 09:18:14', '2018-08-03 09:54:05');
insert into solicita values (90, '2018-05-21 22:12:45', 73, '2018-05-21 01:30:41', '2018-05-21 03:55:55');
insert into solicita values (78, '2018-03-06 08:31:49', 41, '2018-03-06 11:16:09', '2018-03-06 13:52:56');
insert into solicita values (96, '2018-06-24 08:29:12', 61, '2018-06-24 09:34:59', '2018-06-24 10:32:25');
insert into solicita values (31, '2018-06-01 19:52:15', 50, '2018-06-01 19:19:08', '2018-06-01 23:22:06');
