insert into camara values (0);
insert into camara values (1);
insert into camara values (2);
insert into camara values (3);
insert into camara values (4);
insert into camara values (5);
insert into camara values (6);
insert into camara values (7);
insert into camara values (8);
insert into camara values (9);
insert into camara values (10);
insert into camara values (11);
insert into camara values (12);
insert into camara values (13);
insert into camara values (14);
insert into camara values (15);
insert into camara values (16);
insert into camara values (17);
insert into camara values (18);
insert into camara values (19);
insert into camara values (20);
insert into camara values (21);
insert into camara values (22);
insert into camara values (23);
insert into camara values (24);
insert into camara values (25);
insert into camara values (26);
insert into camara values (27);
insert into camara values (28);
insert into camara values (29);
insert into camara values (30);
insert into camara values (31);
insert into camara values (32);
insert into camara values (33);
insert into camara values (34);
insert into camara values (35);
insert into camara values (36);
insert into camara values (37);
insert into camara values (38);
insert into camara values (39);
insert into camara values (40);
insert into camara values (41);
insert into camara values (42);
insert into camara values (43);
insert into camara values (44);
insert into camara values (45);
insert into camara values (46);
insert into camara values (47);
insert into camara values (48);
insert into camara values (49);
insert into camara values (50);
insert into camara values (51);
insert into camara values (52);
insert into camara values (53);
insert into camara values (54);
insert into camara values (55);
insert into camara values (56);
insert into camara values (57);
insert into camara values (58);
insert into camara values (59);
insert into camara values (60);
insert into camara values (61);
insert into camara values (62);
insert into camara values (63);
insert into camara values (64);
insert into camara values (65);
insert into camara values (66);
insert into camara values (67);
insert into camara values (68);
insert into camara values (69);
insert into camara values (70);
insert into camara values (71);
insert into camara values (72);
insert into camara values (73);
insert into camara values (74);
insert into camara values (75);
insert into camara values (76);
insert into camara values (77);
insert into camara values (78);
insert into camara values (79);
insert into camara values (80);
insert into camara values (81);
insert into camara values (82);
insert into camara values (83);
insert into camara values (84);
insert into camara values (85);
insert into camara values (86);
insert into camara values (87);
insert into camara values (88);
insert into camara values (89);
insert into camara values (90);
insert into camara values (91);
insert into camara values (92);
insert into camara values (93);
insert into camara values (94);
insert into camara values (95);
insert into camara values (96);
insert into camara values (97);
insert into camara values (98);
insert into camara values (99);


insert into video values ('2018-11-20 20:02:41', '2018-11-20 03:41:21', 0);
insert into video values ('2018-05-15 16:45:38', '2018-05-15 19:52:08', 0);
insert into video values ('2018-09-23 07:02:52', '2018-09-23 16:38:06', 3);
insert into video values ('2018-03-18 02:11:19', '2018-03-18 05:41:06', 3);
insert into video values ('2018-05-02 16:26:01', '2018-05-02 18:55:24', 3);
insert into video values ('2018-10-12 17:24:57', '2018-10-12 05:42:24', 5);
insert into video values ('2018-10-06 02:12:21', '2018-10-06 07:51:11', 5);
insert into video values ('2018-11-02 20:26:22', '2018-11-02 21:56:09', 5);
insert into video values ('2018-10-31 09:02:59', '2018-10-31 10:41:24', 5);
insert into video values ('2018-05-05 17:28:16', '2018-05-05 02:32:31', 6);
insert into video values ('2018-10-26 18:44:28', '2018-10-26 22:22:57', 7);
insert into video values ('2018-01-01 11:46:56', '2018-01-01 15:16:26', 7);
insert into video values ('2018-07-09 05:28:24', '2018-07-09 06:29:47', 9);
insert into video values ('2018-05-09 11:42:44', '2018-05-09 13:56:37', 9);
insert into video values ('2018-04-04 11:26:35', '2018-04-04 15:52:47', 9);
insert into video values ('2018-06-14 05:24:59', '2018-06-14 15:52:58', 9);
insert into video values ('2018-10-14 15:06:49', '2018-10-14 22:39:38', 10);
insert into video values ('2018-11-08 21:09:44', '2018-11-08 09:15:44', 12);
insert into video values ('2018-02-25 19:18:18', '2018-02-25 04:41:18', 13);
insert into video values ('2018-11-17 17:06:04', '2018-11-17 21:19:36', 13);
insert into video values ('2018-01-27 21:02:04', '2018-01-27 06:31:01', 13);
insert into video values ('2018-08-19 22:51:38', '2018-08-19 05:30:22', 13);
insert into video values ('2018-01-12 16:07:22', '2018-01-12 16:23:18', 14);
insert into video values ('2018-11-06 10:05:03', '2018-11-06 17:21:14', 14);
insert into video values ('2018-04-06 10:22:07', '2018-04-06 19:06:41', 14);
insert into video values ('2018-08-01 18:52:09', '2018-08-01 21:14:54', 14);
insert into video values ('2018-06-12 05:14:12', '2018-06-12 11:48:44', 15);
insert into video values ('2018-03-15 20:11:52', '2018-03-15 22:51:26', 15);
insert into video values ('2018-05-30 20:35:19', '2018-05-30 22:51:33', 16);
insert into video values ('2018-05-12 02:36:01', '2018-05-12 04:53:48', 16);
insert into video values ('2018-02-15 13:28:52', '2018-02-15 14:49:44', 17);
insert into video values ('2018-06-17 04:02:51', '2018-06-17 09:33:26', 17);
insert into video values ('2018-05-07 10:11:11', '2018-05-07 14:51:08', 17);
insert into video values ('2018-07-16 23:21:01', '2018-07-16 10:06:41', 20);
insert into video values ('2018-10-09 11:34:16', '2018-10-09 16:42:35', 20);
insert into video values ('2018-05-03 20:42:30', '2018-05-03 20:03:41', 22);
insert into video values ('2018-09-22 19:52:13', '2018-09-22 22:48:05', 24);
insert into video values ('2018-02-14 03:04:20', '2018-02-14 07:27:25', 24);
insert into video values ('2018-11-04 14:03:33', '2018-11-04 20:57:09', 24);
insert into video values ('2018-03-19 09:16:42', '2018-03-19 16:14:16', 25);
insert into video values ('2018-01-27 11:32:13', '2018-01-27 16:06:15', 27);
insert into video values ('2018-09-22 23:56:52', '2018-09-22 06:58:49', 27);
insert into video values ('2018-07-04 12:09:31', '2018-07-04 18:10:31', 27);
insert into video values ('2018-07-28 12:35:03', '2018-07-28 20:34:04', 28);
insert into video values ('2018-07-18 01:57:16', '2018-07-18 02:35:45', 28);
insert into video values ('2018-08-11 09:30:31', '2018-08-11 20:49:02', 28);
insert into video values ('2018-08-04 08:56:25', '2018-08-04 17:20:49', 30);
insert into video values ('2018-04-29 23:01:28', '2018-04-30 10:26:04', 30);
insert into video values ('2018-09-02 10:36:02', '2018-09-02 20:20:33', 30);
insert into video values ('2018-11-04 17:51:44', '2018-11-04 05:04:08', 30);
insert into video values ('2018-05-09 12:38:30', '2018-05-09 12:26:16', 31);
insert into video values ('2018-06-07 23:12:16', '2018-06-07 09:34:39', 31);
insert into video values ('2018-02-21 05:26:51', '2018-02-21 14:47:37', 31);
insert into video values ('2018-06-01 16:50:46', '2018-06-01 02:55:46', 34);
insert into video values ('2018-11-29 09:04:27', '2018-11-29 12:03:28', 34);
insert into video values ('2018-03-22 09:45:59', '2018-03-22 09:25:09', 34);
insert into video values ('2018-01-20 21:37:05', '2018-01-20 05:30:52', 34);
insert into video values ('2018-03-31 04:53:13', '2018-03-31 09:21:51', 35);
insert into video values ('2018-04-23 11:16:49', '2018-04-23 21:15:22', 35);
insert into video values ('2018-07-07 03:46:36', '2018-07-07 13:46:24', 36);
insert into video values ('2018-05-20 09:39:40', '2018-05-20 17:04:24', 36);
insert into video values ('2018-06-13 03:02:18', '2018-06-13 08:30:01', 37);
insert into video values ('2018-09-30 01:11:18', '2018-09-30 04:30:52', 37);
insert into video values ('2018-04-08 05:36:36', '2018-04-08 15:53:03', 37);
insert into video values ('2018-02-06 11:15:35', '2018-02-06 17:29:06', 39);
insert into video values ('2018-03-06 10:44:17', '2018-03-06 11:31:02', 39);
insert into video values ('2018-05-01 22:48:12', '2018-05-02 03:11:57', 40);
insert into video values ('2018-08-17 06:03:26', '2018-08-17 08:43:37', 40);
insert into video values ('2018-06-16 21:18:21', '2018-06-17 08:07:08', 40);
insert into video values ('2018-10-01 02:03:12', '2018-10-01 12:10:05', 42);
insert into video values ('2018-07-03 03:48:37', '2018-07-03 06:19:35', 42);
insert into video values ('2018-04-06 22:57:02', '2018-04-07 04:15:52', 42);
insert into video values ('2018-02-11 02:40:34', '2018-02-11 05:41:34', 43);
insert into video values ('2018-08-04 02:58:47', '2018-08-04 14:42:41', 43);
insert into video values ('2018-01-07 07:40:39', '2018-01-07 15:18:32', 43);
insert into video values ('2018-01-31 07:57:37', '2018-01-31 09:13:44', 44);
insert into video values ('2018-07-13 12:26:23', '2018-07-13 22:19:14', 44);
insert into video values ('2018-11-30 18:04:15', '2018-11-30 21:45:05', 44);
insert into video values ('2018-08-25 18:54:05', '2018-08-25 04:17:26', 46);
insert into video values ('2018-06-19 12:13:04', '2018-06-19 18:24:34', 46);
insert into video values ('2018-05-12 15:26:54', '2018-05-12 19:58:45', 46);
insert into video values ('2018-06-04 02:32:29', '2018-06-04 11:06:50', 46);
insert into video values ('2018-07-18 02:43:18', '2018-07-18 04:01:02', 47);
insert into video values ('2018-01-20 01:20:11', '2018-01-20 06:46:43', 47);
insert into video values ('2018-02-26 03:12:15', '2018-02-26 06:21:32', 47);
insert into video values ('2018-02-23 19:36:29', '2018-02-23 01:44:36', 49);
insert into video values ('2018-02-16 21:18:09', '2018-02-16 07:25:38', 51);
insert into video values ('2018-04-24 21:09:45', '2018-04-25 08:38:21', 51);
insert into video values ('2018-01-10 10:42:21', '2018-01-10 10:20:43', 52);
insert into video values ('2018-05-10 09:24:44', '2018-05-10 18:35:17', 52);
insert into video values ('2018-10-27 13:50:11', '2018-10-27 23:29:11', 52);
insert into video values ('2018-02-10 16:55:59', '2018-02-10 22:20:47', 53);
insert into video values ('2018-03-30 21:31:26', '2018-03-30 04:30:57', 53);
insert into video values ('2018-05-20 19:59:45', '2018-05-20 07:49:38', 53);
insert into video values ('2018-05-03 15:07:41', '2018-05-03 15:52:52', 55);
insert into video values ('2018-11-10 16:11:08', '2018-11-10 18:58:58', 56);
insert into video values ('2018-08-11 20:31:41', '2018-08-12 05:47:03', 56);
insert into video values ('2018-01-05 19:09:57', '2018-01-05 20:08:25', 56);
insert into video values ('2018-01-31 21:01:39', '2018-02-01 06:32:25', 57);
insert into video values ('2018-01-03 13:06:59', '2018-01-03 15:48:13', 57);
insert into video values ('2018-04-01 09:02:21', '2018-04-01 09:43:54', 58);
insert into video values ('2018-01-31 05:05:41', '2018-01-31 16:05:45', 58);
insert into video values ('2018-10-04 09:12:55', '2018-10-04 19:09:13', 58);
insert into video values ('2018-09-14 22:15:58', '2018-09-14 01:12:16', 59);
insert into video values ('2018-08-20 20:32:48', '2018-08-20 23:09:55', 59);
insert into video values ('2018-02-22 02:51:35', '2018-02-22 13:24:14', 59);
insert into video values ('2018-06-03 23:15:08', '2018-06-03 10:33:44', 59);
insert into video values ('2018-04-19 07:28:34', '2018-04-19 16:29:57', 60);
insert into video values ('2018-08-24 19:44:01', '2018-08-25 02:50:08', 61);
insert into video values ('2018-08-25 09:43:02', '2018-08-25 18:19:26', 61);
insert into video values ('2018-09-05 09:14:29', '2018-09-05 13:13:38', 61);
insert into video values ('2018-05-27 19:51:44', '2018-05-27 22:11:30', 63);
insert into video values ('2018-01-14 07:12:19', '2018-01-14 13:16:22', 63);
insert into video values ('2018-02-05 16:13:51', '2018-02-06 03:51:24', 63);
insert into video values ('2018-05-12 01:03:21', '2018-05-12 12:11:45', 63);
insert into video values ('2018-05-27 01:20:05', '2018-05-27 05:54:36', 64);
insert into video values ('2018-11-22 21:50:22', '2018-11-22 04:24:57', 64);
insert into video values ('2018-01-30 14:21:54', '2018-01-30 22:42:05', 64);
insert into video values ('2018-10-09 17:39:32', '2018-10-09 19:42:19', 65);
insert into video values ('2018-05-05 21:39:55', '2018-05-05 23:03:07', 65);
insert into video values ('2018-09-16 22:15:32', '2018-09-16 02:13:41', 65);
insert into video values ('2018-11-30 10:06:32', '2018-11-30 18:42:41', 65);
insert into video values ('2018-08-25 13:44:55', '2018-08-25 15:21:01', 66);
insert into video values ('2018-04-04 23:55:45', '2018-04-04 04:54:47', 66);
insert into video values ('2018-10-01 02:38:25', '2018-10-01 03:48:10', 66);
insert into video values ('2018-09-01 18:49:45', '2018-09-02 01:31:29', 67);
insert into video values ('2018-08-10 05:41:31', '2018-08-10 15:18:56', 67);
insert into video values ('2018-08-11 12:26:52', '2018-08-11 20:15:12', 67);
insert into video values ('2018-10-03 03:29:17', '2018-10-03 07:18:16', 68);
insert into video values ('2018-05-11 04:16:01', '2018-05-11 10:12:06', 68);
insert into video values ('2018-07-02 03:15:15', '2018-07-02 10:37:06', 68);
insert into video values ('2018-05-12 16:34:38', '2018-05-12 22:54:03', 70);
insert into video values ('2018-07-15 07:13:44', '2018-07-15 17:43:18', 70);
insert into video values ('2018-06-02 21:13:56', '2018-06-03 05:15:25', 72);
insert into video values ('2018-02-06 16:45:21', '2018-02-06 20:16:55', 72);
insert into video values ('2018-06-22 21:20:49', '2018-06-23 04:39:03', 73);
insert into video values ('2018-04-13 12:55:01', '2018-04-13 17:36:03', 73);
insert into video values ('2018-09-19 15:06:53', '2018-09-19 01:49:25', 76);
insert into video values ('2018-01-25 02:11:29', '2018-01-25 04:44:39', 76);
insert into video values ('2018-08-07 19:09:24', '2018-08-07 01:44:52', 77);
insert into video values ('2018-03-09 01:28:54', '2018-03-09 08:09:10', 77);
insert into video values ('2018-06-15 20:37:02', '2018-06-15 21:13:41', 77);
insert into video values ('2018-02-23 19:11:39', '2018-02-23 20:12:45', 78);
insert into video values ('2018-08-08 12:26:39', '2018-08-08 20:46:12', 78);
insert into video values ('2018-03-18 13:16:47', '2018-03-18 13:57:19', 79);
insert into video values ('2018-03-28 15:51:15', '2018-03-28 19:08:25', 80);
insert into video values ('2018-08-22 02:02:12', '2018-08-22 06:59:25', 81);
insert into video values ('2018-07-29 11:20:06', '2018-07-29 16:47:49', 82);
insert into video values ('2018-04-26 04:34:56', '2018-04-26 08:26:05', 82);
insert into video values ('2018-05-24 11:06:17', '2018-05-24 19:44:03', 82);
insert into video values ('2018-07-25 05:52:51', '2018-07-25 10:19:26', 83);
insert into video values ('2018-10-12 01:10:47', '2018-10-12 06:39:27', 84);
insert into video values ('2018-10-22 02:12:19', '2018-10-22 03:30:12', 84);
insert into video values ('2018-04-03 11:42:51', '2018-04-03 14:51:42', 85);
insert into video values ('2018-07-16 15:16:54', '2018-07-16 20:15:32', 86);
insert into video values ('2018-02-26 21:49:14', '2018-02-26 22:50:47', 86);
insert into video values ('2018-05-23 08:54:19', '2018-05-23 19:48:45', 87);
insert into video values ('2018-09-05 06:24:34', '2018-09-05 11:21:05', 87);
insert into video values ('2018-02-18 22:28:08', '2018-02-19 06:03:45', 87);
insert into video values ('2018-08-21 20:08:09', '2018-08-21 08:36:55', 89);
insert into video values ('2018-08-15 20:11:19', '2018-08-15 21:16:29', 89);
insert into video values ('2018-06-27 12:12:29', '2018-06-27 22:23:43', 90);
insert into video values ('2018-07-20 23:26:15', '2018-07-21 03:49:47', 91);
insert into video values ('2018-05-17 17:11:26', '2018-05-17 19:54:26', 91);
insert into video values ('2018-04-26 20:28:45', '2018-04-26 07:45:36', 91);
insert into video values ('2018-08-11 14:29:09', '2018-08-12 01:47:51', 92);
insert into video values ('2018-09-10 13:49:51', '2018-09-10 13:34:08', 92);
insert into video values ('2018-02-22 21:44:08', '2018-02-23 01:18:29', 93);
insert into video values ('2018-04-24 15:12:11', '2018-04-24 23:11:35', 93);
insert into video values ('2018-06-18 20:13:58', '2018-06-18 05:55:28', 93);
insert into video values ('2018-04-15 17:58:18', '2018-04-16 02:31:24', 93);
insert into video values ('2018-03-23 14:34:13', '2018-03-23 21:05:03', 94);
insert into video values ('2018-02-03 10:16:26', '2018-02-03 18:47:45', 94);
insert into video values ('2018-05-27 09:04:41', '2018-05-27 17:24:27', 94);
insert into video values ('2018-04-23 11:45:11', '2018-04-23 15:52:51', 95);
insert into video values ('2018-09-24 10:21:29', '2018-09-24 15:20:35', 95);
insert into video values ('2018-10-05 22:34:35', '2018-10-06 04:28:44', 96);
insert into video values ('2018-02-25 03:46:25', '2018-02-25 10:41:31', 96);
insert into video values ('2018-10-16 09:15:28', '2018-10-16 10:22:01', 96);
insert into video values ('2018-06-27 06:08:36', '2018-06-27 17:03:06', 96);
insert into video values ('2018-01-10 06:44:02', '2018-01-10 14:34:46', 97);
insert into video values ('2018-05-27 14:12:47', '2018-05-27 19:27:23', 97);
insert into video values ('2018-11-07 15:41:12', '2018-11-07 20:01:22', 97);
insert into video values ('2018-11-25 03:27:23', '2018-11-25 09:44:20', 97);
insert into video values ('2018-03-23 21:31:09', '2018-03-24 04:44:38', 98);
insert into video values ('2018-04-02 21:01:51', '2018-04-03 09:25:48', 98);
insert into video values ('2018-02-13 08:12:44', '2018-02-13 14:40:42', 98);
insert into video values ('2018-04-04 15:37:41', '2018-04-04 19:38:32', 98);
insert into video values ('2018-08-26 01:01:44', '2018-08-26 02:18:50', 99);


insert into segmentoVideo values (0, '06:39:39', '2018-11-20 20:02:41',0);
insert into segmentoVideo values (0, '03:06:29', '2018-05-15 16:45:38',0);
insert into segmentoVideo values (0, '10:35:13', '2018-09-23 07:02:52',3);
insert into segmentoVideo values (0, '03:31:46', '2018-03-18 02:11:19',3);
insert into segmentoVideo values (0, '02:29:24', '2018-05-02 16:26:01',3);
insert into segmentoVideo values (0, '12:19:26', '2018-10-12 17:24:57',5);
insert into segmentoVideo values (0, '06:39:48', '2018-10-06 02:12:21',5);
insert into segmentoVideo values (0, '01:29:45', '2018-11-02 20:26:22',5);
insert into segmentoVideo values (0, '01:38:24', '2018-10-31 09:02:59',5);
insert into segmentoVideo values (0, '09:05:15', '2018-05-05 17:28:16',6);
insert into segmentoVideo values (0, '05:37:30', '2018-10-26 18:44:28',7);
insert into segmentoVideo values (0, '04:29:29', '2018-01-01 11:46:56',7);
insert into segmentoVideo values (0, '01:01:24', '2018-07-09 05:28:24',9);
insert into segmentoVideo values (0, '03:13:53', '2018-05-09 11:42:44',9);
insert into segmentoVideo values (0, '05:26:12', '2018-04-04 11:26:35',9);
insert into segmentoVideo values (0, '11:28:58', '2018-06-14 05:24:59',9);
insert into segmentoVideo values (0, '08:33:48', '2018-10-14 15:06:49',10);
insert into segmentoVideo values (0, '12:07:01', '2018-11-08 21:09:44',12);
insert into segmentoVideo values (0, '09:24:01', '2018-02-25 19:18:18',13);
insert into segmentoVideo values (0, '04:14:32', '2018-11-17 17:06:04',13);
insert into segmentoVideo values (0, '09:28:56', '2018-01-27 21:02:04',13);
insert into segmentoVideo values (0, '06:38:44', '2018-08-19 22:51:38',13);
insert into segmentoVideo values (0, '01:16:54', '2018-01-12 16:07:22',14);
insert into segmentoVideo values (0, '08:17:11', '2018-11-06 10:05:03',14);
insert into segmentoVideo values (0, '09:44:34', '2018-04-06 10:22:07',14);
insert into segmentoVideo values (0, '03:22:44', '2018-08-01 18:52:09',14);
insert into segmentoVideo values (0, '06:34:32', '2018-06-12 05:14:12',15);
insert into segmentoVideo values (0, '03:40:34', '2018-03-15 20:11:52',15);
insert into segmentoVideo values (0, '02:16:14', '2018-05-30 20:35:19',16);
insert into segmentoVideo values (0, '02:17:47', '2018-05-12 02:36:01',16);
insert into segmentoVideo values (0, '02:22:51', '2018-02-15 13:28:52',17);
insert into segmentoVideo values (0, '06:31:35', '2018-06-17 04:02:51',17);
insert into segmentoVideo values (0, '05:39:57', '2018-05-07 10:11:11',17);
insert into segmentoVideo values (0, '10:45:41', '2018-07-16 23:21:01',20);
insert into segmentoVideo values (0, '05:08:19', '2018-10-09 11:34:16',20);
insert into segmentoVideo values (0, '01:21:11', '2018-05-03 20:42:30',22);
insert into segmentoVideo values (0, '03:55:50', '2018-09-22 19:52:13',24);
insert into segmentoVideo values (0, '05:24:05', '2018-02-14 03:04:20',24);
insert into segmentoVideo values (0, '06:53:35', '2018-11-04 14:03:33',24);
insert into segmentoVideo values (0, '07:57:32', '2018-03-19 09:16:42',25);
insert into segmentoVideo values (0, '06:34:01', '2018-01-27 11:32:13',27);
insert into segmentoVideo values (0, '07:02:56', '2018-09-22 23:56:52',27);
insert into segmentoVideo values (0, '06:02:01', '2018-07-04 12:09:31',27);
insert into segmentoVideo values (0, '08:58:01', '2018-07-28 12:35:03',28);
insert into segmentoVideo values (0, '01:38:29', '2018-07-18 01:57:16',28);
insert into segmentoVideo values (0, '12:19:29', '2018-08-11 09:30:31',28);
insert into segmentoVideo values (0, '10:24:25', '2018-08-04 08:56:25',30);
insert into segmentoVideo values (0, '11:25:35', '2018-04-29 23:01:28',30);
insert into segmentoVideo values (0, '10:44:31', '2018-09-02 10:36:02',30);
insert into segmentoVideo values (0, '12:12:23', '2018-11-04 17:51:44',30);
insert into segmentoVideo values (0, '01:47:45', '2018-05-09 12:38:30',31);
insert into segmentoVideo values (0, '09:23:23', '2018-06-07 23:12:16',31);
insert into segmentoVideo values (0, '10:21:45', '2018-02-21 05:26:51',31);
insert into segmentoVideo values (0, '09:05:59', '2018-06-01 16:50:46',34);
insert into segmentoVideo values (0, '04:58:01', '2018-11-29 09:04:27',34);
insert into segmentoVideo values (0, '01:39:09', '2018-03-22 09:45:59',34);
insert into segmentoVideo values (0, '07:52:47', '2018-01-20 21:37:05',34);
insert into segmentoVideo values (0, '05:27:37', '2018-03-31 04:53:13',35);
insert into segmentoVideo values (0, '10:58:33', '2018-04-23 11:16:49',35);
insert into segmentoVideo values (0, '11:59:47', '2018-07-07 03:46:36',36);
insert into segmentoVideo values (0, '08:24:44', '2018-05-20 09:39:40',36);
insert into segmentoVideo values (0, '05:28:43', '2018-06-13 03:02:18',37);
insert into segmentoVideo values (0, '04:19:34', '2018-09-30 01:11:18',37);
insert into segmentoVideo values (0, '10:16:26', '2018-04-08 05:36:36',37);
insert into segmentoVideo values (0, '06:13:30', '2018-02-06 11:15:35',39);
insert into segmentoVideo values (0, '02:46:45', '2018-03-06 10:44:17',39);
insert into segmentoVideo values (0, '04:22:45', '2018-05-01 22:48:12',40);
insert into segmentoVideo values (0, '03:41:12', '2018-08-17 06:03:26',40);
insert into segmentoVideo values (0, '11:48:46', '2018-06-16 21:18:21',40);
insert into segmentoVideo values (0, '11:06:52', '2018-10-01 02:03:12',42);
insert into segmentoVideo values (0, '04:30:57', '2018-07-03 03:48:37',42);
insert into segmentoVideo values (0, '06:17:51', '2018-04-06 22:57:02',42);
insert into segmentoVideo values (0, '03:01:59', '2018-02-11 02:40:34',43);
insert into segmentoVideo values (0, '12:43:53', '2018-08-04 02:58:47',43);
insert into segmentoVideo values (0, '08:37:52', '2018-01-07 07:40:39',43);
insert into segmentoVideo values (0, '02:16:08', '2018-01-31 07:57:37',44);
insert into segmentoVideo values (0, '10:52:50', '2018-07-13 12:26:23',44);
insert into segmentoVideo values (0, '03:41:49', '2018-11-30 18:04:15',44);
insert into segmentoVideo values (0, '09:22:21', '2018-08-25 18:54:05',46);
insert into segmentoVideo values (0, '07:11:30', '2018-06-19 12:13:04',46);
insert into segmentoVideo values (0, '05:32:50', '2018-05-12 15:26:54',46);
insert into segmentoVideo values (0, '10:34:21', '2018-06-04 02:32:29',46);
insert into segmentoVideo values (0, '02:16:44', '2018-07-18 02:43:18',47);
insert into segmentoVideo values (0, '06:26:33', '2018-01-20 01:20:11',47);
insert into segmentoVideo values (0, '03:10:18', '2018-02-26 03:12:15',47);
insert into segmentoVideo values (0, '06:08:08', '2018-02-23 19:36:29',49);
insert into segmentoVideo values (0, '10:08:30', '2018-02-16 21:18:09',51);
insert into segmentoVideo values (0, '11:28:35', '2018-04-24 21:09:45',51);
insert into segmentoVideo values (0, '01:38:22', '2018-01-10 10:42:21',52);
insert into segmentoVideo values (0, '09:12:32', '2018-05-10 09:24:44',52);
insert into segmentoVideo values (0, '10:38:01', '2018-10-27 13:50:11',52);
insert into segmentoVideo values (0, '06:24:48', '2018-02-10 16:55:59',53);
insert into segmentoVideo values (0, '07:59:32', '2018-03-30 21:31:26',53);
insert into segmentoVideo values (0, '11:49:52', '2018-05-20 19:59:45',53);
insert into segmentoVideo values (0, '01:46:12', '2018-05-03 15:07:41',55);
insert into segmentoVideo values (0, '03:48:51', '2018-11-10 16:11:08',56);
insert into segmentoVideo values (0, '09:16:21', '2018-08-11 20:31:41',56);
insert into segmentoVideo values (0, '01:58:28', '2018-01-05 19:09:57',56);
insert into segmentoVideo values (0, '09:31:45', '2018-01-31 21:01:39',57);
insert into segmentoVideo values (0, '02:42:13', '2018-01-03 13:06:59',57);
insert into segmentoVideo values (0, '01:41:34', '2018-04-01 09:02:21',58);
insert into segmentoVideo values (0, '11:59:04', '2018-01-31 05:05:41',58);
insert into segmentoVideo values (0, '10:57:16', '2018-10-04 09:12:55',58);
insert into segmentoVideo values (0, '02:55:18', '2018-09-14 22:15:58',59);
insert into segmentoVideo values (0, '04:36:07', '2018-08-20 20:32:48',59);
insert into segmentoVideo values (0, '11:32:38', '2018-02-22 02:51:35',59);
insert into segmentoVideo values (0, '11:18:36', '2018-06-03 23:15:08',59);
insert into segmentoVideo values (0, '09:02:24', '2018-04-19 07:28:34',60);
insert into segmentoVideo values (0, '06:07:08', '2018-08-24 19:44:01',61);
insert into segmentoVideo values (0, '09:36:24', '2018-08-25 09:43:02',61);
insert into segmentoVideo values (0, '04:58:09', '2018-09-05 09:14:29',61);
insert into segmentoVideo values (0, '03:19:45', '2018-05-27 19:51:44',63);
insert into segmentoVideo values (0, '06:05:03', '2018-01-14 07:12:19',63);
insert into segmentoVideo values (0, '10:38:32', '2018-02-05 16:13:51',63);
insert into segmentoVideo values (0, '12:08:25', '2018-05-12 01:03:21',63);
insert into segmentoVideo values (0, '05:34:31', '2018-05-27 01:20:05',64);
insert into segmentoVideo values (0, '06:34:35', '2018-11-22 21:50:22',64);
insert into segmentoVideo values (0, '09:21:10', '2018-01-30 14:21:54',64);
insert into segmentoVideo values (0, '03:03:47', '2018-10-09 17:39:32',65);
insert into segmentoVideo values (0, '03:23:11', '2018-05-05 21:39:55',65);
insert into segmentoVideo values (0, '04:58:09', '2018-09-16 22:15:32',65);
insert into segmentoVideo values (0, '08:37:09', '2018-11-30 10:06:32',65);
insert into segmentoVideo values (0, '01:35:05', '2018-08-25 13:44:55',66);
insert into segmentoVideo values (0, '05:58:02', '2018-04-04 23:55:45',66);
insert into segmentoVideo values (0, '01:09:44', '2018-10-01 02:38:25',66);
insert into segmentoVideo values (0, '05:41:44', '2018-09-01 18:49:45',67);
insert into segmentoVideo values (0, '10:37:25', '2018-08-10 05:41:31',67);
insert into segmentoVideo values (0, '09:48:19', '2018-08-11 12:26:52',67);
insert into segmentoVideo values (0, '04:48:58', '2018-10-03 03:29:17',68);
insert into segmentoVideo values (0, '06:56:06', '2018-05-11 04:16:01',68);
insert into segmentoVideo values (0, '07:22:50', '2018-07-02 03:15:15',68);
insert into segmentoVideo values (0, '06:20:24', '2018-05-12 16:34:38',70);
insert into segmentoVideo values (0, '10:29:34', '2018-07-15 07:13:44',70);
insert into segmentoVideo values (0, '08:02:28', '2018-06-02 21:13:56',72);
insert into segmentoVideo values (0, '04:30:34', '2018-02-06 16:45:21',72);
insert into segmentoVideo values (0, '07:19:13', '2018-06-22 21:20:49',73);
insert into segmentoVideo values (0, '05:41:02', '2018-04-13 12:55:01',73);
insert into segmentoVideo values (0, '09:43:31', '2018-09-19 15:06:53',76);
insert into segmentoVideo values (0, '03:34:10', '2018-01-25 02:11:29',76);
insert into segmentoVideo values (0, '05:35:28', '2018-08-07 19:09:24',77);
insert into segmentoVideo values (0, '07:40:15', '2018-03-09 01:28:54',77);
insert into segmentoVideo values (0, '01:36:39', '2018-06-15 20:37:02',77);
insert into segmentoVideo values (0, '02:02:06', '2018-02-23 19:11:39',78);
insert into segmentoVideo values (0, '09:19:32', '2018-08-08 12:26:39',78);
insert into segmentoVideo values (0, '01:40:31', '2018-03-18 13:16:47',79);
insert into segmentoVideo values (0, '04:16:11', '2018-03-28 15:51:15',80);
insert into segmentoVideo values (0, '04:57:13', '2018-08-22 02:02:12',81);
insert into segmentoVideo values (0, '05:28:44', '2018-07-29 11:20:06',82);
insert into segmentoVideo values (0, '05:51:08', '2018-04-26 04:34:56',82);
insert into segmentoVideo values (0, '09:38:45', '2018-05-24 11:06:17',82);
insert into segmentoVideo values (0, '05:25:35', '2018-07-25 05:52:51',83);
insert into segmentoVideo values (0, '06:29:40', '2018-10-12 01:10:47',84);
insert into segmentoVideo values (0, '02:18:52', '2018-10-22 02:12:19',84);
insert into segmentoVideo values (0, '03:09:50', '2018-04-03 11:42:51',85);
insert into segmentoVideo values (0, '05:58:37', '2018-07-16 15:16:54',86);
insert into segmentoVideo values (0, '02:01:33', '2018-02-26 21:49:14',86);
insert into segmentoVideo values (0, '11:53:27', '2018-05-23 08:54:19',87);
insert into segmentoVideo values (0, '05:55:30', '2018-09-05 06:24:34',87);
insert into segmentoVideo values (0, '08:34:37', '2018-02-18 22:28:08',87);
insert into segmentoVideo values (0, '12:28:47', '2018-08-21 20:08:09',89);
insert into segmentoVideo values (0, '01:06:10', '2018-08-15 20:11:19',89);
insert into segmentoVideo values (0, '10:12:13', '2018-06-27 12:12:29',90);
insert into segmentoVideo values (0, '04:24:32', '2018-07-20 23:26:15',91);
insert into segmentoVideo values (0, '03:44:01', '2018-05-17 17:11:26',91);
insert into segmentoVideo values (0, '10:16:51', '2018-04-26 20:28:45',91);
insert into segmentoVideo values (0, '10:18:42', '2018-08-11 14:29:09',92);
insert into segmentoVideo values (0, '01:44:16', '2018-09-10 13:49:51',92);
insert into segmentoVideo values (0, '03:34:21', '2018-02-22 21:44:08',93);
insert into segmentoVideo values (0, '08:59:24', '2018-04-24 15:12:11',93);
insert into segmentoVideo values (0, '09:41:29', '2018-06-18 20:13:58',93);
insert into segmentoVideo values (0, '09:32:07', '2018-04-15 17:58:18',93);
insert into segmentoVideo values (0, '07:29:49', '2018-03-23 14:34:13',94);
insert into segmentoVideo values (0, '08:31:18', '2018-02-03 10:16:26',94);
insert into segmentoVideo values (0, '09:20:46', '2018-05-27 09:04:41',94);
insert into segmentoVideo values (0, '05:07:41', '2018-04-23 11:45:11',95);
insert into segmentoVideo values (0, '05:59:05', '2018-09-24 10:21:29',95);
insert into segmentoVideo values (0, '05:54:09', '2018-10-05 22:34:35',96);
insert into segmentoVideo values (0, '06:55:07', '2018-02-25 03:46:25',96);
insert into segmentoVideo values (0, '02:07:32', '2018-10-16 09:15:28',96);
insert into segmentoVideo values (0, '11:54:29', '2018-06-27 06:08:36',96);
insert into segmentoVideo values (0, '08:49:44', '2018-01-10 06:44:02',97);
insert into segmentoVideo values (0, '06:15:35', '2018-05-27 14:12:47',97);
insert into segmentoVideo values (0, '05:20:11', '2018-11-07 15:41:12',97);
insert into segmentoVideo values (0, '06:16:56', '2018-11-25 03:27:23',97);
insert into segmentoVideo values (0, '07:13:28', '2018-03-23 21:31:09',98);
insert into segmentoVideo values (0, '11:25:57', '2018-04-02 21:01:51',98);
insert into segmentoVideo values (0, '07:28:57', '2018-02-13 08:12:44',98);
insert into segmentoVideo values (0, '04:01:51', '2018-04-04 15:37:41',98);
insert into segmentoVideo values (0, '01:18:06', '2018-08-26 01:01:44',99);


insert into localidade values ('Carregosa (Povoa de Varzim)');
insert into localidade values ('Monchique');
insert into localidade values ('Cadilhe');
insert into localidade values ('Maxieira');
insert into localidade values ('Casas Brancas');
insert into localidade values ('Estrada (Povoa de Varzim)');
insert into localidade values ('Fomega');
insert into localidade values ('Mourilhe (Povoa de Varzim)');
insert into localidade values ('Cova da Iria');
insert into localidade values ('Granja de Alpriate');
insert into localidade values ('Caminho Largo');
insert into localidade values ('Casal do Queijo');
insert into localidade values ('Melecas');
insert into localidade values ('Amoreira (Fatima)');
insert into localidade values ('Oliveira do Hospital');
insert into localidade values ('Castelhanas');
insert into localidade values ('Matas do Lourical');
insert into localidade values ('Montelo (Fatima)');
insert into localidade values ('Moimento (Fatima)');
insert into localidade values ('Mogos');
insert into localidade values ('Manique de Baixo');
insert into localidade values ('Aguas Ferreas (Povoa de Varzim)');
insert into localidade values ('Castelo Picao');
insert into localidade values ('Matos da Vila');
insert into localidade values ('Moita do Boi');
insert into localidade values ('Gesta (Freguesia de Oia)');
insert into localidade values ('Abadia de Bouro');
insert into localidade values ('Casal Resoneiro');
insert into localidade values ('Cavadas');
insert into localidade values ('Balancho');
insert into localidade values ('Foitos');
insert into localidade values ('Malveira da Serra');
insert into localidade values ('Caxieira');
insert into localidade values ('Muleneta');
insert into localidade values ('Fujaco');
insert into localidade values ('Bouca');
insert into localidade values ('Amorim de Cima');
insert into localidade values ('Cruz (Povoa de Varzim)');
insert into localidade values ('Ancos (Montelavar)');
insert into localidade values ('Casa Velha (Fatima)');
insert into localidade values ('Cabeda');
insert into localidade values ('Fontainha');
insert into localidade values ('Alem (Povoa de Varzim)');
insert into localidade values ('Baldoiaa)');
insert into localidade values ('Moita Redonda');
insert into localidade values ('Mau Verde');
insert into localidade values ('Crasto (Povoa de Varzim)');
insert into localidade values ('Luilhas');
insert into localidade values ('Cacinheira');
insert into localidade values ('Ordem (Povoa de Varzim)');
insert into localidade values ('Lousadelo');
insert into localidade values ('Casal da Rola');
insert into localidade values ('Granjeiro (Agucadoura)');
insert into localidade values ('Casas Novas (Sintra)');
insert into localidade values ('Carvoeiro (Pampilhosa da Serra)');
insert into localidade values ('Covilha (Povoa de Varzim)');
insert into localidade values ('Mamua');
insert into localidade values ('Espadelos');
insert into localidade values ('Espinhal (Povoa de Varzim)');
insert into localidade values ('Funchalinho');
insert into localidade values ('Agra (Amorim)');
insert into localidade values ('Cova do Vapor');
insert into localidade values ('Abas da Raposeira');
insert into localidade values ('Cuteres');
insert into localidade values ('Cabreira (Povoa de Varzim)');
insert into localidade values ('Cavaditas');
insert into localidade values ('Caturela');
insert into localidade values ('Amoreira Fundeira');
insert into localidade values ('Frinjo');
insert into localidade values ('Casais Brancos (Atouguia da Baleia)');
insert into localidade values ('Borda do Rio');
insert into localidade values ('Alcorriol');
insert into localidade values ('Lugar da Pinta');
insert into localidade values ('Casalinho');
insert into localidade values ('Cruz de Pau');
insert into localidade values ('Eira da Pedra');
insert into localidade values ('Foros de Amora');
insert into localidade values ('Antoes');
insert into localidade values ('Lomba (Fatima)');
insert into localidade values ('Casalinho (Fatima)');
insert into localidade values ('Aldeia (Agucadoura)');
insert into localidade values ('Granho Novo');
insert into localidade values ('Gozundeira');
insert into localidade values ('Assequins');
insert into localidade values ('Gestrins');
insert into localidade values ('Alcanica');
insert into localidade values ('Bustelo (Oliveira de Azemeis)');
insert into localidade values ('Calves');
insert into localidade values ('Castanheira (Cos)');
insert into localidade values ('Bolfiar');
insert into localidade values ('Fraiao (Povoa de Varzim)');
insert into localidade values ('Brunhido');
insert into localidade values ('Casais de Alem');
insert into localidade values ('Algueirao');
insert into localidade values ('Azoia (Sesimbra)');
insert into localidade values ('Castro de Nossa Senhora da Confianca');
insert into localidade values ('Busano (Cascais)');
insert into localidade values ('Giesteira (Fatima)');
insert into localidade values ('Cruz Quebrada');
insert into localidade values ('Casais das Comeiras');
insert into localidade values ('Aldeia (Amorim)');
insert into localidade values ('Lourel');
insert into localidade values ('Aires (Setubal)');
insert into localidade values ('Aguias (Brotas)');
insert into localidade values ('Maria Vinagre');
insert into localidade values ('Granja do Marquês');
insert into localidade values ('Bairro de Almodena');
insert into localidade values ('Estanganhola');
insert into localidade values ('Miratejo');
insert into localidade values ('Amoreirinha');
insert into localidade values ('Laundos (Povoa de Varzim)');
insert into localidade values ('Burgada');
insert into localidade values ('Aldeia Grande');
insert into localidade values ('Calvario (Povoa de Varzim)');
insert into localidade values ('Amoreira Cimeira');
insert into localidade values ('Mercês (Rio de Mouro)');
insert into localidade values ('Mem Martins');
insert into localidade values ('Casal Mouro');
insert into localidade values ('Fontainhas (Amorim)');
insert into localidade values ('Foz da Serta');
insert into localidade values ('Esperanca (Ourem)');
insert into localidade values ('Enxaminhos');
insert into localidade values ('Mandim');
insert into localidade values ('Lugar da Foz');
insert into localidade values ('Areosa (Agucadoura)');
insert into localidade values ('Lacoes');
insert into localidade values ('Azedia');
insert into localidade values ('Alveijar (Fatima)');
insert into localidade values ('Foros da Catrapona');
insert into localidade values ('Machuqueiras');


insert into vigia values ('Melecas', 61);
insert into vigia values ('Casais das Comeiras', 51);
insert into vigia values ('Manique de Baixo', 62);
insert into vigia values ('Fontainhas (Amorim)', 14);
insert into vigia values ('Matos da Vila', 76);
insert into vigia values ('Caturela', 99);
insert into vigia values ('Calves', 60);
insert into vigia values ('Machuqueiras', 23);
insert into vigia values ('Espadelos', 56);
insert into vigia values ('Lousadelo', 18);
insert into vigia values ('Mamua', 41);
insert into vigia values ('Casalinho (Fatima)', 1);
insert into vigia values ('Matas do Lourical', 31);
insert into vigia values ('Maria Vinagre', 85);
insert into vigia values ('Enxaminhos', 16);
insert into vigia values ('Monchique', 80);
insert into vigia values ('Bouca', 45);
insert into vigia values ('Ancos (Montelavar)', 24);
insert into vigia values ('Mandim', 95);
insert into vigia values ('Aguas Ferreas (Povoa de Varzim)', 77);
insert into vigia values ('Casal da Rola', 48);
insert into vigia values ('Areosa (Agucadoura)', 63);
insert into vigia values ('Agra (Amorim)', 53);
insert into vigia values ('Foros de Amora', 49);
insert into vigia values ('Moita do Boi', 29);
insert into vigia values ('Granjeiro (Agucadoura)', 98);
insert into vigia values ('Fomega', 39);
insert into vigia values ('Casas Novas (Sintra)', 94);
insert into vigia values ('Cabreira (Povoa de Varzim)', 46);
insert into vigia values ('Azedia', 21);
insert into vigia values ('Amoreira Cimeira', 74);
insert into vigia values ('Mogos', 81);
insert into vigia values ('Alem (Povoa de Varzim)', 79);
insert into vigia values ('Gesta (Freguesia de Oia)', 91);
insert into vigia values ('Estanganhola', 40);
insert into vigia values ('Monchique', 87);
insert into vigia values ('Laundos (Povoa de Varzim)', 84);
insert into vigia values ('Cavadas', 25);
insert into vigia values ('Esperanca (Ourem)', 28);
insert into vigia values ('Cova da Iria', 47);
insert into vigia values ('Espinhal (Povoa de Varzim)', 96);
insert into vigia values ('Lourel', 59);
insert into vigia values ('Amoreira Fundeira', 38);
insert into vigia values ('Castelo Picao', 88);
insert into vigia values ('Cavaditas', 33);
insert into vigia values ('Calvario (Povoa de Varzim)', 0);
insert into vigia values ('Gestrins', 71);
insert into vigia values ('Fontainha', 43);
insert into vigia values ('Casal Mouro', 20);
insert into vigia values ('Cruz de Pau', 66);
insert into vigia values ('Estrada (Povoa de Varzim)', 72);
insert into vigia values ('Cuteres', 26);
insert into vigia values ('Malveira da Serra', 5);
insert into vigia values ('Monchique', 67);
insert into vigia values ('Alcanica', 92);
insert into vigia values ('Mem Martins', 34);
insert into vigia values ('Granja do Marquês', 3);
insert into vigia values ('Amoreirinha', 82);
insert into vigia values ('Castro de Nossa Senhora da Confianca', 30);
insert into vigia values ('Abadia de Bouro', 64);
insert into vigia values ('Montelo (Fatima)', 57);
insert into vigia values ('Alveijar (Fatima)', 11);
insert into vigia values ('Foitos', 6);
insert into vigia values ('Bustelo (Oliveira de Azemeis)', 86);
insert into vigia values ('Granho Novo', 19);
insert into vigia values ('Frinjo', 90);
insert into vigia values ('Moita Redonda', 89);
insert into vigia values ('Lugar da Foz', 15);
insert into vigia values ('Cadilhe', 97);
insert into vigia values ('Oliveira do Hospital', 78);
insert into vigia values ('Maxieira', 22);
insert into vigia values ('Amoreira (Fatima)', 8);
insert into vigia values ('Casalinho', 68);
insert into vigia values ('Monchique', 35);
insert into vigia values ('Abas da Raposeira', 2);
insert into vigia values ('Aldeia (Amorim)', 36);
insert into vigia values ('Oliveira do Hospital', 93);
insert into vigia values ('Bairro de Almodena', 37);
insert into vigia values ('Miratejo', 42);
insert into vigia values ('Casal do Queijo', 27);
insert into vigia values ('Lomba (Fatima)', 55);
insert into vigia values ('Castelhanas', 73);
insert into vigia values ('Cabeda', 70);
insert into vigia values ('Lugar da Pinta', 58);
insert into vigia values ('Antoes', 69);
insert into vigia values ('Carregosa (Povoa de Varzim)', 10);
insert into vigia values ('Cova do Vapor', 4);
insert into vigia values ('Covilha (Povoa de Varzim)', 65);
insert into vigia values ('Aldeia Grande', 52);
insert into vigia values ('Eira da Pedra', 44);
insert into vigia values ('Cruz (Povoa de Varzim)', 12);
insert into vigia values ('Assequins', 7);
insert into vigia values ('Monchique', 75);
insert into vigia values ('Caxieira', 17);
insert into vigia values ('Azoia (Sesimbra)', 54);
insert into vigia values ('Alcorriol', 50);
insert into vigia values ('Foros da Catrapona', 9);
insert into vigia values ('Ordem (Povoa de Varzim)', 13);
insert into vigia values ('Granja de Alpriate', 83);
insert into vigia values ('Baldoiaa)', 32);
insert into vigia values ('Bolfiar', 69);
insert into vigia values ('Muleneta', 22);
insert into vigia values ('Funchalinho', 71);
insert into vigia values ('Aires (Setubal)', 58);
insert into vigia values ('Caminho Largo', 47);
insert into vigia values ('Cacinheira', 56);
insert into vigia values ('Mau Verde', 6);
insert into vigia values ('Casais Brancos (Atouguia da Baleia)', 89);
insert into vigia values ('Casa Velha (Fatima)', 85);
insert into vigia values ('Carvoeiro (Pampilhosa da Serra)', 16);
insert into vigia values ('Castanheira (Cos)', 53);
insert into vigia values ('Gozundeira', 35);
insert into vigia values ('Amorim de Cima', 74);
insert into vigia values ('Casal Resoneiro', 62);
insert into vigia values ('Mourilhe (Povoa de Varzim)', 45);
insert into vigia values ('Foz da Serta', 8);
insert into vigia values ('Monchique', 99);
insert into vigia values ('Oliveira do Hospital', 83);
insert into vigia values ('Balancho', 2);
insert into vigia values ('Oliveira do Hospital', 20);
insert into vigia values ('Casais de Alem', 91);
insert into vigia values ('Giesteira (Fatima)', 63);
insert into vigia values ('Casas Brancas', 15);
insert into vigia values ('Borda do Rio', 27);
insert into vigia values ('Fraiao (Povoa de Varzim)', 36);
insert into vigia values ('Aldeia (Agucadoura)', 11);
insert into vigia values ('Crasto (Povoa de Varzim)', 48);
insert into vigia values ('Algueirao', 57);
insert into vigia values ('Burgada', 82);
insert into vigia values ('Aguias (Brotas)', 94);
insert into vigia values ('Luilhas', 12);
insert into vigia values ('Brunhido', 51);
insert into vigia values ('Fujaco', 80);
insert into vigia values ('Moimento (Fatima)', 3);
insert into vigia values ('Mercês (Rio de Mouro)', 38);
insert into vigia values ('Busano (Cascais)', 84);
insert into vigia values ('Cruz Quebrada', 25);
insert into vigia values ('Lacoes', 81);


insert into processoSocorro values (0);
insert into processoSocorro values (726496380);
insert into processoSocorro values (4034522);
insert into processoSocorro values (351643893);
insert into processoSocorro values (943298222);
insert into processoSocorro values (202264902);
insert into processoSocorro values (944192041);
insert into processoSocorro values (271901038);
insert into processoSocorro values (726728071);
insert into processoSocorro values (629180288);
insert into processoSocorro values (291315);
insert into processoSocorro values (526398154);
insert into processoSocorro values (368796243);
insert into processoSocorro values (604243922);
insert into processoSocorro values (205609123);
insert into processoSocorro values (278107741);
insert into processoSocorro values (250414410);
insert into processoSocorro values (705671476);
insert into processoSocorro values (599933327);
insert into processoSocorro values (749024538);
insert into processoSocorro values (660993237);
insert into processoSocorro values (483839238);
insert into processoSocorro values (561424608);
insert into processoSocorro values (434813736);
insert into processoSocorro values (902575747);
insert into processoSocorro values (818434001);
insert into processoSocorro values (729571239);
insert into processoSocorro values (684867433);
insert into processoSocorro values (163731370);
insert into processoSocorro values (902037635);
insert into processoSocorro values (667481585);
insert into processoSocorro values (234629436);
insert into processoSocorro values (810391446);
insert into processoSocorro values (614446103);
insert into processoSocorro values (172116690);
insert into processoSocorro values (744737386);
insert into processoSocorro values (978579107);
insert into processoSocorro values (421009027);
insert into processoSocorro values (717775679);
insert into processoSocorro values (693159929);
insert into processoSocorro values (671075104);
insert into processoSocorro values (541828844);
insert into processoSocorro values (398989114);
insert into processoSocorro values (543017255);
insert into processoSocorro values (948518466);
insert into processoSocorro values (843226489);
insert into processoSocorro values (394874583);
insert into processoSocorro values (953924494);
insert into processoSocorro values (934354141);
insert into processoSocorro values (860097478);
insert into processoSocorro values (359297803);
insert into processoSocorro values (642472621);
insert into processoSocorro values (767768875);
insert into processoSocorro values (256070817);
insert into processoSocorro values (346775051);
insert into processoSocorro values (715363028);
insert into processoSocorro values (6199372);
insert into processoSocorro values (531417398);
insert into processoSocorro values (92379647);
insert into processoSocorro values (380059935);
insert into processoSocorro values (37015021);
insert into processoSocorro values (559990529);
insert into processoSocorro values (942265936);
insert into processoSocorro values (156571015);
insert into processoSocorro values (311283976);
insert into processoSocorro values (495222495);
insert into processoSocorro values (99330297);
insert into processoSocorro values (250378160);
insert into processoSocorro values (429859599);
insert into processoSocorro values (88286744);
insert into processoSocorro values (50801806);
insert into processoSocorro values (234433741);
insert into processoSocorro values (833943940);
insert into processoSocorro values (907830143);
insert into processoSocorro values (387007305);
insert into processoSocorro values (252945913);
insert into processoSocorro values (911653018);
insert into processoSocorro values (588454159);
insert into processoSocorro values (31871125);
insert into processoSocorro values (173476899);
insert into processoSocorro values (544537214);
insert into processoSocorro values (7718211);
insert into processoSocorro values (471441712);
insert into processoSocorro values (863062696);
insert into processoSocorro values (704365659);
insert into processoSocorro values (462928747);
insert into processoSocorro values (220331293);
insert into processoSocorro values (772434646);
insert into processoSocorro values (404224347);
insert into processoSocorro values (144938613);
insert into processoSocorro values (133245782);
insert into processoSocorro values (773546981);
insert into processoSocorro values (205985681);
insert into processoSocorro values (252290028);
insert into processoSocorro values (300882129);
insert into processoSocorro values (144529168);
insert into processoSocorro values (656657737);
insert into processoSocorro values (324836292);
insert into processoSocorro values (849979001);
insert into processoSocorro values (504397050);
insert into processoSocorro values (380265337);


insert into eventoEmergencia values (965964325, '2018-06-17 12:21:29', 'Lia Neves', 'Bouca', 88286744);
insert into eventoEmergencia values (212297852, '2018-03-31 03:08:01', 'Sebastiao Lopes', 'Carregosa (Povoa de Varzim)', 767768875);
insert into eventoEmergencia values (918560093, '2018-06-19 05:22:51', 'Gloria Magalhaes', 'Moita do Boi', 368796243);
insert into eventoEmergencia values (218436353, '2018-01-21 05:06:42', 'Henrique Pinheiro', 'Enxaminhos', 256070817);
insert into eventoEmergencia values (963510924, '2018-04-05 21:28:16', 'Guilherme Mota', 'Azedia', 604243922);
insert into eventoEmergencia values (219443391, '2018-03-21 16:35:06', 'Tiago Mario', 'Castro de Nossa Senhora da Confianca', 172116690);
insert into eventoEmergencia values (214221468, '2018-07-20 18:44:57', 'Irina Antunes', 'Ordem (Povoa de Varzim)', 810391446);
insert into eventoEmergencia values (969663720, '2018-04-24 20:24:49', 'Samuel Dias', 'Caminho Largo', 504397050);
insert into eventoEmergencia values (219615539, '2018-02-20 17:29:40', 'Margarida Rebelo', 'Casal Mouro', 667481585);
insert into eventoEmergencia values (214480425, '2018-04-28 11:25:01', 'Vera Patrao', 'Agra (Amorim)', 717775679);
insert into eventoEmergencia values (919954378, '2018-05-26 12:49:26', 'Jessica Semedo', 'Espinhal (Povoa de Varzim)', 726496380);
insert into eventoEmergencia values (913393808, '2018-04-10 02:46:34', 'Goncalo Avelar', 'Cova da Iria', 715363028);
insert into eventoEmergencia values (914041462, '2018-06-17 15:31:47', 'Patricia Santos', 'Estanganhola', 705671476);
insert into eventoEmergencia values (967484288, '2018-10-16 06:59:01', 'Marisa Pinheiro', 'Lomba (Fatima)', 843226489);
insert into eventoEmergencia values (939702979, '2018-06-15 21:12:56', 'Simao Pires', 'Eira da Pedra', 92379647);
insert into eventoEmergencia values (214148046, '2018-07-07 01:02:31', 'Joao Neto', 'Cabeda', 50801806);
insert into eventoEmergencia values (911524631, '2018-06-05 09:12:13', 'Isabela Araujo', 'Cavaditas', 37015021);
insert into eventoEmergencia values (933054614, '2018-03-14 12:31:41', 'Xavier Maia', 'Mercês (Rio de Mouro)', 0);
insert into eventoEmergencia values (917535961, '2018-10-11 04:41:22', 'Vasco Soares', 'Maria Vinagre', 772434646);
insert into eventoEmergencia values (962011531, '2018-10-11 04:41:22', 'Afonso Santos', 'Amoreira Cimeira', 561424608);
insert into eventoEmergencia values (966045070, '2018-02-20 17:29:40', 'Carminho Albano', 'Casais Brancos (Atouguia da Baleia)', 351643893);
insert into eventoEmergencia values (915989252, '2018-04-17 10:07:29', 'Liliana Lima', 'Aldeia (Agucadoura)', 902037635);
insert into eventoEmergencia values (911601908, '2018-02-08 13:33:01', 'Mauro Patrao', 'Moita Redonda', 271901038);
insert into eventoEmergencia values (214076325, '2018-03-10 01:08:37', 'Goncalo Prada', 'Casal Mouro', 978579107);
insert into eventoEmergencia values (967716158, '2018-04-17 10:07:29', 'Sergio Belmonte', 'Busano (Cascais)', 541828844);
insert into eventoEmergencia values (213147931, '2018-02-08 13:33:01', 'Jaime Barbosa', 'Lacoes', 544537214);
insert into eventoEmergencia values (216403942, '2018-10-25 03:34:43', 'Carmo Chaves', 'Gesta (Freguesia de Oia)', 526398154);
insert into eventoEmergencia values (969622220, '2018-08-01 14:21:06', 'Carla Martinho', 'Oliveira do Hospital', 252290028);
insert into eventoEmergencia values (212936029, '2018-04-15 23:45:01', 'Olivia Carvalho', 'Granjeiro (Agucadoura)', 656657737);
insert into eventoEmergencia values (938115774, '2018-08-02 16:11:14', 'Rafaela Campos', 'Aguas Ferreas (Povoa de Varzim)', 394874583);
insert into eventoEmergencia values (911601908, '2018-10-08 14:15:06', 'Alice Patrao', 'Laundos (Povoa de Varzim)', 911653018);
insert into eventoEmergencia values (963551723, '2018-06-05 19:38:58', 'Rita Novais', 'Cruz de Pau', 324836292);
insert into eventoEmergencia values (917517486, '2018-07-10 12:45:18', 'Viviana Paiva', 'Crasto (Povoa de Varzim)', 252945913);
insert into eventoEmergencia values (219090023, '2018-02-09 10:48:38', 'Salvador Campos', 'Laundos (Povoa de Varzim)', 278107741);
insert into eventoEmergencia values (212909571, '2018-07-20 14:17:18', 'Raul Pedreira', 'Frinjo', 205609123);
insert into eventoEmergencia values (938082421, '2018-09-15 15:21:01', 'Fernando Araujo', 'Monchique', 359297803);
insert into eventoEmergencia values (965449093, '2018-03-14 12:31:41', 'Tomas Patricio', 'Casal Mouro', 495222495);
insert into eventoEmergencia values (969152373, '2018-01-01 18:31:51', 'Ivo Lima', 'Foitos', 849979001);
insert into eventoEmergencia values (938666550, '2018-08-09 04:15:03', 'Sebastiao Osorio', 'Estrada (Povoa de Varzim)', 234629436);
insert into eventoEmergencia values (965651113, '2018-02-09 04:49:07', 'Sara Amorim', 'Foitos', 543017255);
insert into eventoEmergencia values (913613441, '2018-06-18 03:03:10', 'Gustavo Marques', 'Moita Redonda', 818434001);
insert into eventoEmergencia values (963551723, '2018-03-31 03:08:01', 'Antonio Borges', 'Cabreira (Povoa de Varzim)', 559990529);
insert into eventoEmergencia values (936080489, '2018-06-23 12:54:25', 'Carlota Assuncao', 'Caturela', 614446103);
insert into eventoEmergencia values (933588436, '2018-07-30 12:58:17', 'Ruben Belmonte', 'Cuteres', 671075104);
insert into eventoEmergencia values (969663720, '2018-06-22 15:02:04', 'Vitoria Viegas', 'Brunhido', 346775051);
insert into eventoEmergencia values (962877796, '2018-02-28 06:34:49', 'Viviana Patricio', 'Maxieira', 404224347);
insert into eventoEmergencia values (935644941, '2018-08-17 01:08:12', 'Samuel Albano', 'Castelo Picao', 250414410);
insert into eventoEmergencia values (966926168, '2018-09-15 02:50:30', 'Rodolfo Silveira', 'Castro de Nossa Senhora da Confianca', 642472621);
insert into eventoEmergencia values (962515165, '2018-04-12 21:54:58', 'Duarte Teixeira', 'Casal Mouro', 729571239);
insert into eventoEmergencia values (911836166, '2018-04-05 21:28:16', 'Tomas Felix', 'Foz da Serta', 833943940);
insert into eventoEmergencia values (216860658, '2018-01-01 19:35:42', 'Joao Pires', 'Estanganhola', 398989114);
insert into eventoEmergencia values (932185976, '2018-09-28 21:48:03', 'Carlota Abelho', 'Cacinheira', 704365659);
insert into eventoEmergencia values (915468836, '2018-01-30 01:03:19', 'Andre Domingues', 'Aires (Setubal)', 31871125);
insert into eventoEmergencia values (919509142, '2018-06-03 03:54:26', 'Rodolfo Macedo', 'Lugar da Foz', 434813736);
insert into eventoEmergencia values (916020136, '2018-04-12 12:42:05', 'Rodolfo Lage', 'Casal da Rola', 629180288);
insert into eventoEmergencia values (219054760, '2018-06-04 07:49:26', 'Adelaide Magalhaes', 'Oliveira do Hospital', 588454159);
insert into eventoEmergencia values (931250757, '2018-01-01 19:35:42', 'Joaquim Mario', 'Cruz Quebrada', 749024538);
insert into eventoEmergencia values (913927151, '2018-03-17 09:35:45', 'Rodolfo Matos', 'Caminho Largo', 860097478);
insert into eventoEmergencia values (911836166, '2018-07-27 21:26:30', 'Margarida Felix', 'Casal Resoneiro', 599933327);
insert into eventoEmergencia values (213147931, '2018-06-29 04:05:03', 'Ivo Barros', 'Laundos (Povoa de Varzim)', 202264902);
insert into eventoEmergencia values (913277232, '2018-04-04 06:12:25', 'Emilia Guedes', 'Fraiao (Povoa de Varzim)', 291315);
insert into eventoEmergencia values (918082547, '2018-07-26 03:09:05', 'Samuel Ramos', 'Cova do Vapor', 144938613);
insert into eventoEmergencia values (915340967, '2018-03-01 15:34:36', 'Aurea Lage', 'Fujaco', 205985681);
insert into eventoEmergencia values (934780366, '2018-01-10 19:33:54', 'Vitor Martinho', 'Espadelos', 6199372);
insert into eventoEmergencia values (962877796, '2018-09-25 06:12:43', 'Catia Torres', 'Castelhanas', 953924494);
insert into eventoEmergencia values (932230838, '2018-11-25 15:17:12', 'Lucas Castro', 'Gesta (Freguesia de Oia)', 684867433);
insert into eventoEmergencia values (911157817, '2018-07-26 16:57:09', 'Adelaide Mota', 'Oliveira do Hospital', 773546981);
insert into eventoEmergencia values (967484288, '2018-03-29 06:51:15', 'Constanca Guedes', 'Ordem (Povoa de Varzim)', 234433741);
insert into eventoEmergencia values (965651113, '2018-11-21 11:03:14', 'Benedita Nunes', 'Aldeia Grande', 220331293);
insert into eventoEmergencia values (915964316, '2018-08-17 01:08:12', 'Martim Tavares', 'Bustelo (Oliveira de Azemeis)', 250378160);
insert into eventoEmergencia values (214076325, '2018-07-05 23:41:23', 'Martim Mendes', 'Casal da Rola', 300882129);
insert into eventoEmergencia values (933054614, '2018-01-25 19:11:45', 'Francisca Moreira', 'Lacoes', 4034522);
insert into eventoEmergencia values (968249367, '2018-08-12 20:46:51', 'Claudio Bernardo', 'Castelhanas', 483839238);
insert into eventoEmergencia values (932127954, '2018-04-04 20:02:09', 'Jorge Barros', 'Castanheira (Cos)', 948518466);
insert into eventoEmergencia values (213962163, '2018-02-18 15:12:48', 'Camila Soares', 'Mamua', 942265936);
insert into eventoEmergencia values (218411386, '2018-08-19 07:23:09', 'Tatiana Belmonte', 'Fraiao (Povoa de Varzim)', 7718211);
insert into eventoEmergencia values (915340967, '2018-07-21 22:08:46', 'Aurora Vicente', 'Mem Martins', 0);
insert into eventoEmergencia values (962011531, '2018-02-28 08:18:08', 'Jaime Viegas', 'Casas Novas (Sintra)', 693159929);
insert into eventoEmergencia values (212290676, '2018-08-06 23:30:09', 'Guiomar Melo', 'Aldeia Grande', 531417398);
insert into eventoEmergencia values (211414549, '2018-06-16 03:52:45', 'Jaime Batista', 'Casal do Queijo', 0);
insert into eventoEmergencia values (964938829, '2018-06-08 02:14:30', 'Joao Mario', 'Casal da Rola', 943298222);
insert into eventoEmergencia values (934627008, '2018-08-24 14:42:25', 'Liliana Batista', 'Alem (Povoa de Varzim)', 934354141);
insert into eventoEmergencia values (967422252, '2018-03-11 06:51:03', 'Vania Torres', 'Cavadas', 726728071);
insert into eventoEmergencia values (216403942, '2018-01-01 19:35:42', 'Carla Frietas', 'Fujaco', 380059935);
insert into eventoEmergencia values (915964316, '2018-01-16 19:44:01', 'Nelson Mesquita', 'Miratejo', 660993237);
insert into eventoEmergencia values (911172130, '2018-01-25 19:11:45', 'Patricia Valente', 'Mandim', 173476899);
insert into eventoEmergencia values (963473810, '2018-01-12 12:27:01', 'Jessica Figueiredo', 'Casalinho (Fatima)', 429859599);
insert into eventoEmergencia values (963473810, '2018-06-05 19:38:58', 'Ruben Henriques', 'Fontainhas (Amorim)', 144529168);
insert into eventoEmergencia values (932749512, '2018-06-04 19:58:52', 'Camila Henriques', 'Oliveira do Hospital', 163731370);
insert into eventoEmergencia values (968078605, '2018-02-14 03:31:13', 'Amelia Brita', 'Amoreira Fundeira', 907830143);
insert into eventoEmergencia values (966223844, '2018-07-26 03:09:05', 'Antonio Raposo', 'Laundos (Povoa de Varzim)', 944192041);
insert into eventoEmergencia values (215615116, '2018-04-28 14:40:11', 'Claudio Cardoso', 'Frinjo', 387007305);
insert into eventoEmergencia values (966926168, '2018-11-21 11:03:14', 'William Barros', 'Areosa (Agucadoura)', 311283976);
insert into eventoEmergencia values (966926168, '2018-02-08 13:33:01', 'Joaquim Frietas', 'Mourilhe (Povoa de Varzim)', 133245782);
insert into eventoEmergencia values (965964325, '2018-06-03 03:54:26', 'Isabela Peixoto', 'Azedia', 902575747);
insert into eventoEmergencia values (218768650, '2018-08-17 01:08:12', 'Ines Silva', 'Gesta (Freguesia de Oia)', 421009027);
insert into eventoEmergencia values (966566797, '2018-05-14 20:19:41', 'Fernando Valente', 'Alveijar (Fatima)', 863062696);
insert into eventoEmergencia values (211426586, '2018-02-22 12:18:32', 'Francisco Brita', 'Foitos', 156571015);
insert into eventoEmergencia values (937506352, '2018-10-14 06:42:24', 'Claudio Fonte', 'Cova da Iria', 462928747);
insert into eventoEmergencia values (932127954, '2018-04-12 21:54:58', 'Rita Marques', 'Castelhanas', 471441712);
insert into eventoEmergencia values (214295995, '2018-09-19 06:11:58', 'Edgar Oliveira', 'Agra (Amorim)', 744737386);
insert into eventoEmergencia values (966926168, '2018-06-18 03:03:10', 'Gustavo Soares', 'Monchique', 380265337);
insert into eventoEmergencia values (213744283, '2018-04-07 03:41:31', 'Catia Mario', 'Moita Redonda', 99330297);


insert into entidadeMeio values ('Entidade 0');
insert into entidadeMeio values ('Entidade 1');
insert into entidadeMeio values ('Entidade 2');
insert into entidadeMeio values ('Entidade 3');
insert into entidadeMeio values ('Entidade 4');
insert into entidadeMeio values ('Entidade 5');
insert into entidadeMeio values ('Entidade 6');
insert into entidadeMeio values ('Entidade 7');
insert into entidadeMeio values ('Entidade 8');
insert into entidadeMeio values ('Entidade 9');
insert into entidadeMeio values ('Entidade 10');
insert into entidadeMeio values ('Entidade 11');
insert into entidadeMeio values ('Entidade 12');
insert into entidadeMeio values ('Entidade 13');
insert into entidadeMeio values ('Entidade 14');
insert into entidadeMeio values ('Entidade 15');
insert into entidadeMeio values ('Entidade 16');
insert into entidadeMeio values ('Entidade 17');
insert into entidadeMeio values ('Entidade 18');
insert into entidadeMeio values ('Entidade 19');
insert into entidadeMeio values ('Entidade 20');
insert into entidadeMeio values ('Entidade 21');
insert into entidadeMeio values ('Entidade 22');
insert into entidadeMeio values ('Entidade 23');
insert into entidadeMeio values ('Entidade 24');
insert into entidadeMeio values ('Entidade 25');
insert into entidadeMeio values ('Entidade 26');
insert into entidadeMeio values ('Entidade 27');
insert into entidadeMeio values ('Entidade 28');
insert into entidadeMeio values ('Entidade 29');
insert into entidadeMeio values ('Entidade 30');
insert into entidadeMeio values ('Entidade 31');
insert into entidadeMeio values ('Entidade 32');
insert into entidadeMeio values ('Entidade 33');
insert into entidadeMeio values ('Entidade 34');
insert into entidadeMeio values ('Entidade 35');
insert into entidadeMeio values ('Entidade 36');
insert into entidadeMeio values ('Entidade 37');
insert into entidadeMeio values ('Entidade 38');
insert into entidadeMeio values ('Entidade 39');
insert into entidadeMeio values ('Entidade 40');
insert into entidadeMeio values ('Entidade 41');
insert into entidadeMeio values ('Entidade 42');
insert into entidadeMeio values ('Entidade 43');
insert into entidadeMeio values ('Entidade 44');
insert into entidadeMeio values ('Entidade 45');
insert into entidadeMeio values ('Entidade 46');
insert into entidadeMeio values ('Entidade 47');
insert into entidadeMeio values ('Entidade 48');
insert into entidadeMeio values ('Entidade 49');
insert into entidadeMeio values ('Entidade 50');
insert into entidadeMeio values ('Entidade 51');
insert into entidadeMeio values ('Entidade 52');
insert into entidadeMeio values ('Entidade 53');
insert into entidadeMeio values ('Entidade 54');
insert into entidadeMeio values ('Entidade 55');
insert into entidadeMeio values ('Entidade 56');
insert into entidadeMeio values ('Entidade 57');
insert into entidadeMeio values ('Entidade 58');
insert into entidadeMeio values ('Entidade 59');
insert into entidadeMeio values ('Entidade 60');
insert into entidadeMeio values ('Entidade 61');
insert into entidadeMeio values ('Entidade 62');
insert into entidadeMeio values ('Entidade 63');
insert into entidadeMeio values ('Entidade 64');
insert into entidadeMeio values ('Entidade 65');
insert into entidadeMeio values ('Entidade 66');
insert into entidadeMeio values ('Entidade 67');
insert into entidadeMeio values ('Entidade 68');
insert into entidadeMeio values ('Entidade 69');
insert into entidadeMeio values ('Entidade 70');
insert into entidadeMeio values ('Entidade 71');
insert into entidadeMeio values ('Entidade 72');
insert into entidadeMeio values ('Entidade 73');
insert into entidadeMeio values ('Entidade 74');
insert into entidadeMeio values ('Entidade 75');
insert into entidadeMeio values ('Entidade 76');
insert into entidadeMeio values ('Entidade 77');
insert into entidadeMeio values ('Entidade 78');
insert into entidadeMeio values ('Entidade 79');
insert into entidadeMeio values ('Entidade 80');
insert into entidadeMeio values ('Entidade 81');
insert into entidadeMeio values ('Entidade 82');
insert into entidadeMeio values ('Entidade 83');
insert into entidadeMeio values ('Entidade 84');
insert into entidadeMeio values ('Entidade 85');
insert into entidadeMeio values ('Entidade 86');
insert into entidadeMeio values ('Entidade 87');
insert into entidadeMeio values ('Entidade 88');
insert into entidadeMeio values ('Entidade 89');
insert into entidadeMeio values ('Entidade 90');
insert into entidadeMeio values ('Entidade 91');
insert into entidadeMeio values ('Entidade 92');
insert into entidadeMeio values ('Entidade 93');
insert into entidadeMeio values ('Entidade 94');
insert into entidadeMeio values ('Entidade 95');
insert into entidadeMeio values ('Entidade 96');
insert into entidadeMeio values ('Entidade 97');
insert into entidadeMeio values ('Entidade 98');
insert into entidadeMeio values ('Entidade 99');


insert into meio values (0, 'Meio 0', 'Entidade 0');
insert into meio values (0, 'Meio 0', 'Entidade 1');
insert into meio values (1, 'Meio 1', 'Entidade 1');
insert into meio values (2, 'Meio 2', 'Entidade 1');
insert into meio values (0, 'Meio 0', 'Entidade 2');
insert into meio values (1, 'Meio 1', 'Entidade 2');
insert into meio values (2, 'Meio 2', 'Entidade 2');
insert into meio values (0, 'Meio 0', 'Entidade 3');
insert into meio values (1, 'Meio 1', 'Entidade 3');
insert into meio values (2, 'Meio 2', 'Entidade 3');
insert into meio values (3, 'Meio 3', 'Entidade 3');
insert into meio values (4, 'Meio 4', 'Entidade 3');
insert into meio values (5, 'Meio 5', 'Entidade 3');
insert into meio values (0, 'Meio 0', 'Entidade 4');
insert into meio values (1, 'Meio 1', 'Entidade 4');
insert into meio values (2, 'Meio 2', 'Entidade 4');
insert into meio values (3, 'Meio 3', 'Entidade 4');
insert into meio values (4, 'Meio 4', 'Entidade 4');
insert into meio values (0, 'Meio 0', 'Entidade 5');
insert into meio values (1, 'Meio 1', 'Entidade 5');
insert into meio values (2, 'Meio 2', 'Entidade 5');
insert into meio values (3, 'Meio 3', 'Entidade 5');
insert into meio values (4, 'Meio 4', 'Entidade 5');
insert into meio values (0, 'Meio 0', 'Entidade 6');
insert into meio values (1, 'Meio 1', 'Entidade 6');
insert into meio values (0, 'Meio 0', 'Entidade 7');
insert into meio values (1, 'Meio 1', 'Entidade 7');
insert into meio values (2, 'Meio 2', 'Entidade 7');
insert into meio values (3, 'Meio 3', 'Entidade 7');
insert into meio values (0, 'Meio 0', 'Entidade 8');
insert into meio values (1, 'Meio 1', 'Entidade 8');
insert into meio values (2, 'Meio 2', 'Entidade 8');
insert into meio values (3, 'Meio 3', 'Entidade 8');
insert into meio values (4, 'Meio 4', 'Entidade 8');
insert into meio values (5, 'Meio 5', 'Entidade 8');
insert into meio values (0, 'Meio 0', 'Entidade 9');
insert into meio values (1, 'Meio 1', 'Entidade 9');
insert into meio values (2, 'Meio 2', 'Entidade 9');
insert into meio values (3, 'Meio 3', 'Entidade 9');
insert into meio values (4, 'Meio 4', 'Entidade 9');
insert into meio values (0, 'Meio 0', 'Entidade 10');
insert into meio values (0, 'Meio 0', 'Entidade 12');
insert into meio values (1, 'Meio 1', 'Entidade 12');
insert into meio values (2, 'Meio 2', 'Entidade 12');
insert into meio values (0, 'Meio 0', 'Entidade 14');
insert into meio values (1, 'Meio 1', 'Entidade 14');
insert into meio values (2, 'Meio 2', 'Entidade 14');
insert into meio values (3, 'Meio 3', 'Entidade 14');
insert into meio values (0, 'Meio 0', 'Entidade 15');
insert into meio values (0, 'Meio 0', 'Entidade 16');
insert into meio values (1, 'Meio 1', 'Entidade 16');
insert into meio values (0, 'Meio 0', 'Entidade 17');
insert into meio values (1, 'Meio 1', 'Entidade 17');
insert into meio values (2, 'Meio 2', 'Entidade 17');
insert into meio values (3, 'Meio 3', 'Entidade 17');
insert into meio values (4, 'Meio 4', 'Entidade 17');
insert into meio values (5, 'Meio 5', 'Entidade 17');
insert into meio values (0, 'Meio 0', 'Entidade 18');
insert into meio values (1, 'Meio 1', 'Entidade 18');
insert into meio values (2, 'Meio 2', 'Entidade 18');
insert into meio values (0, 'Meio 0', 'Entidade 20');
insert into meio values (0, 'Meio 0', 'Entidade 21');
insert into meio values (1, 'Meio 1', 'Entidade 21');
insert into meio values (2, 'Meio 2', 'Entidade 21');
insert into meio values (3, 'Meio 3', 'Entidade 21');
insert into meio values (4, 'Meio 4', 'Entidade 21');
insert into meio values (0, 'Meio 0', 'Entidade 22');
insert into meio values (1, 'Meio 1', 'Entidade 22');
insert into meio values (2, 'Meio 2', 'Entidade 22');
insert into meio values (3, 'Meio 3', 'Entidade 22');
insert into meio values (0, 'Meio 0', 'Entidade 23');
insert into meio values (1, 'Meio 1', 'Entidade 23');
insert into meio values (0, 'Meio 0', 'Entidade 24');
insert into meio values (1, 'Meio 1', 'Entidade 24');
insert into meio values (2, 'Meio 2', 'Entidade 24');
insert into meio values (3, 'Meio 3', 'Entidade 24');
insert into meio values (0, 'Meio 0', 'Entidade 25');
insert into meio values (1, 'Meio 1', 'Entidade 25');
insert into meio values (2, 'Meio 2', 'Entidade 25');
insert into meio values (3, 'Meio 3', 'Entidade 25');
insert into meio values (4, 'Meio 4', 'Entidade 25');
insert into meio values (5, 'Meio 5', 'Entidade 25');
insert into meio values (0, 'Meio 0', 'Entidade 26');
insert into meio values (1, 'Meio 1', 'Entidade 26');
insert into meio values (2, 'Meio 2', 'Entidade 26');
insert into meio values (3, 'Meio 3', 'Entidade 26');
insert into meio values (4, 'Meio 4', 'Entidade 26');
insert into meio values (5, 'Meio 5', 'Entidade 26');
insert into meio values (0, 'Meio 0', 'Entidade 28');
insert into meio values (1, 'Meio 1', 'Entidade 28');
insert into meio values (2, 'Meio 2', 'Entidade 28');
insert into meio values (0, 'Meio 0', 'Entidade 30');
insert into meio values (1, 'Meio 1', 'Entidade 30');
insert into meio values (0, 'Meio 0', 'Entidade 31');
insert into meio values (1, 'Meio 1', 'Entidade 31');
insert into meio values (2, 'Meio 2', 'Entidade 31');
insert into meio values (3, 'Meio 3', 'Entidade 31');
insert into meio values (0, 'Meio 0', 'Entidade 32');
insert into meio values (0, 'Meio 0', 'Entidade 33');
insert into meio values (1, 'Meio 1', 'Entidade 33');
insert into meio values (2, 'Meio 2', 'Entidade 33');
insert into meio values (3, 'Meio 3', 'Entidade 33');
insert into meio values (4, 'Meio 4', 'Entidade 33');
insert into meio values (0, 'Meio 0', 'Entidade 34');
insert into meio values (1, 'Meio 1', 'Entidade 34');
insert into meio values (2, 'Meio 2', 'Entidade 34');
insert into meio values (3, 'Meio 3', 'Entidade 34');
insert into meio values (0, 'Meio 0', 'Entidade 35');
insert into meio values (1, 'Meio 1', 'Entidade 35');
insert into meio values (2, 'Meio 2', 'Entidade 35');
insert into meio values (3, 'Meio 3', 'Entidade 35');
insert into meio values (0, 'Meio 0', 'Entidade 36');
insert into meio values (1, 'Meio 1', 'Entidade 36');
insert into meio values (2, 'Meio 2', 'Entidade 36');
insert into meio values (3, 'Meio 3', 'Entidade 36');
insert into meio values (4, 'Meio 4', 'Entidade 36');
insert into meio values (0, 'Meio 0', 'Entidade 38');
insert into meio values (0, 'Meio 0', 'Entidade 39');
insert into meio values (1, 'Meio 1', 'Entidade 39');
insert into meio values (2, 'Meio 2', 'Entidade 39');
insert into meio values (3, 'Meio 3', 'Entidade 39');
insert into meio values (4, 'Meio 4', 'Entidade 39');
insert into meio values (0, 'Meio 0', 'Entidade 40');
insert into meio values (1, 'Meio 1', 'Entidade 40');
insert into meio values (2, 'Meio 2', 'Entidade 40');
insert into meio values (3, 'Meio 3', 'Entidade 40');
insert into meio values (0, 'Meio 0', 'Entidade 41');
insert into meio values (1, 'Meio 1', 'Entidade 41');
insert into meio values (0, 'Meio 0', 'Entidade 42');
insert into meio values (1, 'Meio 1', 'Entidade 42');
insert into meio values (2, 'Meio 2', 'Entidade 42');
insert into meio values (3, 'Meio 3', 'Entidade 42');
insert into meio values (0, 'Meio 0', 'Entidade 43');
insert into meio values (1, 'Meio 1', 'Entidade 43');
insert into meio values (0, 'Meio 0', 'Entidade 44');
insert into meio values (0, 'Meio 0', 'Entidade 45');
insert into meio values (0, 'Meio 0', 'Entidade 46');
insert into meio values (0, 'Meio 0', 'Entidade 47');
insert into meio values (1, 'Meio 1', 'Entidade 47');
insert into meio values (2, 'Meio 2', 'Entidade 47');
insert into meio values (0, 'Meio 0', 'Entidade 49');
insert into meio values (1, 'Meio 1', 'Entidade 49');
insert into meio values (0, 'Meio 0', 'Entidade 50');
insert into meio values (1, 'Meio 1', 'Entidade 50');
insert into meio values (0, 'Meio 0', 'Entidade 51');
insert into meio values (1, 'Meio 1', 'Entidade 51');
insert into meio values (2, 'Meio 2', 'Entidade 51');
insert into meio values (0, 'Meio 0', 'Entidade 52');
insert into meio values (1, 'Meio 1', 'Entidade 52');
insert into meio values (2, 'Meio 2', 'Entidade 52');
insert into meio values (3, 'Meio 3', 'Entidade 52');
insert into meio values (0, 'Meio 0', 'Entidade 53');
insert into meio values (1, 'Meio 1', 'Entidade 53');
insert into meio values (2, 'Meio 2', 'Entidade 53');
insert into meio values (3, 'Meio 3', 'Entidade 53');
insert into meio values (4, 'Meio 4', 'Entidade 53');
insert into meio values (0, 'Meio 0', 'Entidade 56');
insert into meio values (1, 'Meio 1', 'Entidade 56');
insert into meio values (2, 'Meio 2', 'Entidade 56');
insert into meio values (3, 'Meio 3', 'Entidade 56');
insert into meio values (4, 'Meio 4', 'Entidade 56');
insert into meio values (0, 'Meio 0', 'Entidade 57');
insert into meio values (0, 'Meio 0', 'Entidade 58');
insert into meio values (1, 'Meio 1', 'Entidade 58');
insert into meio values (2, 'Meio 2', 'Entidade 58');
insert into meio values (3, 'Meio 3', 'Entidade 58');
insert into meio values (4, 'Meio 4', 'Entidade 58');
insert into meio values (5, 'Meio 5', 'Entidade 58');
insert into meio values (0, 'Meio 0', 'Entidade 60');
insert into meio values (1, 'Meio 1', 'Entidade 60');
insert into meio values (0, 'Meio 0', 'Entidade 61');
insert into meio values (0, 'Meio 0', 'Entidade 62');
insert into meio values (1, 'Meio 1', 'Entidade 62');
insert into meio values (2, 'Meio 2', 'Entidade 62');
insert into meio values (3, 'Meio 3', 'Entidade 62');
insert into meio values (4, 'Meio 4', 'Entidade 62');
insert into meio values (0, 'Meio 0', 'Entidade 63');
insert into meio values (1, 'Meio 1', 'Entidade 63');
insert into meio values (2, 'Meio 2', 'Entidade 63');
insert into meio values (0, 'Meio 0', 'Entidade 64');
insert into meio values (0, 'Meio 0', 'Entidade 65');
insert into meio values (1, 'Meio 1', 'Entidade 65');
insert into meio values (2, 'Meio 2', 'Entidade 65');
insert into meio values (3, 'Meio 3', 'Entidade 65');
insert into meio values (4, 'Meio 4', 'Entidade 65');
insert into meio values (5, 'Meio 5', 'Entidade 65');
insert into meio values (0, 'Meio 0', 'Entidade 66');
insert into meio values (1, 'Meio 1', 'Entidade 66');
insert into meio values (0, 'Meio 0', 'Entidade 68');
insert into meio values (0, 'Meio 0', 'Entidade 69');
insert into meio values (1, 'Meio 1', 'Entidade 69');
insert into meio values (0, 'Meio 0', 'Entidade 71');
insert into meio values (1, 'Meio 1', 'Entidade 71');
insert into meio values (2, 'Meio 2', 'Entidade 71');
insert into meio values (3, 'Meio 3', 'Entidade 71');
insert into meio values (4, 'Meio 4', 'Entidade 71');
insert into meio values (5, 'Meio 5', 'Entidade 71');
insert into meio values (0, 'Meio 0', 'Entidade 72');
insert into meio values (1, 'Meio 1', 'Entidade 72');
insert into meio values (2, 'Meio 2', 'Entidade 72');
insert into meio values (3, 'Meio 3', 'Entidade 72');
insert into meio values (4, 'Meio 4', 'Entidade 72');
insert into meio values (5, 'Meio 5', 'Entidade 72');
insert into meio values (0, 'Meio 0', 'Entidade 75');
insert into meio values (1, 'Meio 1', 'Entidade 75');
insert into meio values (2, 'Meio 2', 'Entidade 75');
insert into meio values (0, 'Meio 0', 'Entidade 76');
insert into meio values (1, 'Meio 1', 'Entidade 76');
insert into meio values (2, 'Meio 2', 'Entidade 76');
insert into meio values (3, 'Meio 3', 'Entidade 76');
insert into meio values (4, 'Meio 4', 'Entidade 76');
insert into meio values (5, 'Meio 5', 'Entidade 76');
insert into meio values (0, 'Meio 0', 'Entidade 77');
insert into meio values (1, 'Meio 1', 'Entidade 77');
insert into meio values (2, 'Meio 2', 'Entidade 77');
insert into meio values (3, 'Meio 3', 'Entidade 77');
insert into meio values (0, 'Meio 0', 'Entidade 78');
insert into meio values (1, 'Meio 1', 'Entidade 78');
insert into meio values (0, 'Meio 0', 'Entidade 79');
insert into meio values (1, 'Meio 1', 'Entidade 79');
insert into meio values (2, 'Meio 2', 'Entidade 79');
insert into meio values (0, 'Meio 0', 'Entidade 80');
insert into meio values (1, 'Meio 1', 'Entidade 80');
insert into meio values (2, 'Meio 2', 'Entidade 80');
insert into meio values (0, 'Meio 0', 'Entidade 81');
insert into meio values (1, 'Meio 1', 'Entidade 81');
insert into meio values (2, 'Meio 2', 'Entidade 81');
insert into meio values (3, 'Meio 3', 'Entidade 81');
insert into meio values (4, 'Meio 4', 'Entidade 81');
insert into meio values (5, 'Meio 5', 'Entidade 81');
insert into meio values (0, 'Meio 0', 'Entidade 82');
insert into meio values (1, 'Meio 1', 'Entidade 82');
insert into meio values (2, 'Meio 2', 'Entidade 82');
insert into meio values (3, 'Meio 3', 'Entidade 82');
insert into meio values (0, 'Meio 0', 'Entidade 83');
insert into meio values (0, 'Meio 0', 'Entidade 84');
insert into meio values (1, 'Meio 1', 'Entidade 84');
insert into meio values (2, 'Meio 2', 'Entidade 84');
insert into meio values (3, 'Meio 3', 'Entidade 84');
insert into meio values (4, 'Meio 4', 'Entidade 84');
insert into meio values (0, 'Meio 0', 'Entidade 85');
insert into meio values (1, 'Meio 1', 'Entidade 85');
insert into meio values (2, 'Meio 2', 'Entidade 85');
insert into meio values (3, 'Meio 3', 'Entidade 85');
insert into meio values (4, 'Meio 4', 'Entidade 85');
insert into meio values (0, 'Meio 0', 'Entidade 86');
insert into meio values (0, 'Meio 0', 'Entidade 88');
insert into meio values (1, 'Meio 1', 'Entidade 88');
insert into meio values (2, 'Meio 2', 'Entidade 88');
insert into meio values (0, 'Meio 0', 'Entidade 89');
insert into meio values (1, 'Meio 1', 'Entidade 89');
insert into meio values (2, 'Meio 2', 'Entidade 89');
insert into meio values (3, 'Meio 3', 'Entidade 89');
insert into meio values (0, 'Meio 0', 'Entidade 90');
insert into meio values (1, 'Meio 1', 'Entidade 90');
insert into meio values (2, 'Meio 2', 'Entidade 90');
insert into meio values (3, 'Meio 3', 'Entidade 90');
insert into meio values (4, 'Meio 4', 'Entidade 90');
insert into meio values (0, 'Meio 0', 'Entidade 91');
insert into meio values (1, 'Meio 1', 'Entidade 91');
insert into meio values (2, 'Meio 2', 'Entidade 91');
insert into meio values (3, 'Meio 3', 'Entidade 91');
insert into meio values (4, 'Meio 4', 'Entidade 91');
insert into meio values (0, 'Meio 0', 'Entidade 92');
insert into meio values (1, 'Meio 1', 'Entidade 92');
insert into meio values (2, 'Meio 2', 'Entidade 92');
insert into meio values (3, 'Meio 3', 'Entidade 92');
insert into meio values (4, 'Meio 4', 'Entidade 92');
insert into meio values (0, 'Meio 0', 'Entidade 93');
insert into meio values (1, 'Meio 1', 'Entidade 93');
insert into meio values (2, 'Meio 2', 'Entidade 93');
insert into meio values (0, 'Meio 0', 'Entidade 95');
insert into meio values (1, 'Meio 1', 'Entidade 95');
insert into meio values (2, 'Meio 2', 'Entidade 95');
insert into meio values (0, 'Meio 0', 'Entidade 96');
insert into meio values (1, 'Meio 1', 'Entidade 96');
insert into meio values (2, 'Meio 2', 'Entidade 96');
insert into meio values (3, 'Meio 3', 'Entidade 96');
insert into meio values (0, 'Meio 0', 'Entidade 97');
insert into meio values (1, 'Meio 1', 'Entidade 97');
insert into meio values (2, 'Meio 2', 'Entidade 97');
insert into meio values (0, 'Meio 0', 'Entidade 98');
insert into meio values (1, 'Meio 1', 'Entidade 98');
insert into meio values (2, 'Meio 2', 'Entidade 98');


insert into meioCombate values (0, 'Entidade 14');
insert into meioCombate values (2, 'Entidade 39');
insert into meioCombate values (2, 'Entidade 79');
insert into meioCombate values (3, 'Entidade 36');
insert into meioCombate values (3, 'Entidade 76');
insert into meioCombate values (1, 'Entidade 23');
insert into meioCombate values (2, 'Entidade 96');
insert into meioCombate values (1, 'Entidade 69');
insert into meioCombate values (5, 'Entidade 17');
insert into meioCombate values (1, 'Entidade 39');
insert into meioCombate values (2, 'Entidade 95');
insert into meioCombate values (2, 'Entidade 62');
insert into meioCombate values (0, 'Entidade 36');
insert into meioCombate values (0, 'Entidade 71');
insert into meioCombate values (1, 'Entidade 76');
insert into meioCombate values (4, 'Entidade 90');
insert into meioCombate values (3, 'Entidade 3');
insert into meioCombate values (4, 'Entidade 56');
insert into meioCombate values (2, 'Entidade 58');
insert into meioCombate values (0, 'Entidade 62');
insert into meioCombate values (3, 'Entidade 33');
insert into meioCombate values (5, 'Entidade 76');
insert into meioCombate values (2, 'Entidade 9');
insert into meioCombate values (4, 'Entidade 92');
insert into meioCombate values (1, 'Entidade 14');
insert into meioCombate values (1, 'Entidade 26');
insert into meioCombate values (2, 'Entidade 51');
insert into meioCombate values (2, 'Entidade 75');
insert into meioCombate values (2, 'Entidade 33');
insert into meioCombate values (2, 'Entidade 7');
insert into meioCombate values (1, 'Entidade 62');
insert into meioCombate values (1, 'Entidade 88');
insert into meioCombate values (0, 'Entidade 91');
insert into meioCombate values (3, 'Entidade 21');
insert into meioCombate values (2, 'Entidade 71');
insert into meioCombate values (2, 'Entidade 17');
insert into meioCombate values (1, 'Entidade 49');
insert into meioCombate values (0, 'Entidade 84');
insert into meioCombate values (5, 'Entidade 71');
insert into meioCombate values (0, 'Entidade 7');
insert into meioCombate values (1, 'Entidade 28');
insert into meioCombate values (2, 'Entidade 22');
insert into meioCombate values (2, 'Entidade 25');
insert into meioCombate values (1, 'Entidade 47');
insert into meioCombate values (0, 'Entidade 97');
insert into meioCombate values (0, 'Entidade 39');
insert into meioCombate values (0, 'Entidade 47');
insert into meioCombate values (0, 'Entidade 57');
insert into meioCombate values (2, 'Entidade 72');
insert into meioCombate values (1, 'Entidade 90');
insert into meioCombate values (1, 'Entidade 16');
insert into meioCombate values (0, 'Entidade 30');
insert into meioCombate values (2, 'Entidade 8');
insert into meioCombate values (2, 'Entidade 31');
insert into meioCombate values (1, 'Entidade 30');
insert into meioCombate values (1, 'Entidade 41');
insert into meioCombate values (5, 'Entidade 58');
insert into meioCombate values (3, 'Entidade 92');
insert into meioCombate values (0, 'Entidade 75');
insert into meioCombate values (1, 'Entidade 18');
insert into meioCombate values (1, 'Entidade 4');
insert into meioCombate values (2, 'Entidade 1');
insert into meioCombate values (3, 'Entidade 5');
insert into meioCombate values (0, 'Entidade 6');
insert into meioCombate values (0, 'Entidade 32');
insert into meioCombate values (0, 'Entidade 56');
insert into meioCombate values (1, 'Entidade 50');
insert into meioCombate values (0, 'Entidade 61');
insert into meioCombate values (4, 'Entidade 65');
insert into meioCombate values (1, 'Entidade 2');
insert into meioCombate values (2, 'Entidade 80');
insert into meioCombate values (3, 'Entidade 17');
insert into meioCombate values (0, 'Entidade 58');
insert into meioCombate values (1, 'Entidade 24');
insert into meioCombate values (0, 'Entidade 18');
insert into meioCombate values (0, 'Entidade 92');
insert into meioCombate values (4, 'Entidade 17');
insert into meioCombate values (1, 'Entidade 91');
insert into meioCombate values (1, 'Entidade 34');
insert into meioCombate values (3, 'Entidade 96');
insert into meioCombate values (0, 'Entidade 1');
insert into meioCombate values (4, 'Entidade 58');
insert into meioCombate values (0, 'Entidade 64');
insert into meioCombate values (3, 'Entidade 53');
insert into meioCombate values (0, 'Entidade 90');
insert into meioCombate values (3, 'Entidade 14');
insert into meioCombate values (0, 'Entidade 52');
insert into meioCombate values (0, 'Entidade 60');
insert into meioCombate values (3, 'Entidade 58');
insert into meioCombate values (1, 'Entidade 93');
insert into meioCombate values (2, 'Entidade 91');
insert into meioCombate values (1, 'Entidade 35');
insert into meioCombate values (5, 'Entidade 8');
insert into meioCombate values (1, 'Entidade 85');
insert into meioCombate values (1, 'Entidade 58');
insert into meioCombate values (1, 'Entidade 63');
insert into meioCombate values (2, 'Entidade 47');
insert into meioCombate values (0, 'Entidade 2');
insert into meioCombate values (4, 'Entidade 39');
insert into meioCombate values (4, 'Entidade 9');
insert into meioCombate values (1, 'Entidade 72');
insert into meioCombate values (0, 'Entidade 80');
insert into meioCombate values (0, 'Entidade 49');
insert into meioCombate values (2, 'Entidade 76');
insert into meioCombate values (2, 'Entidade 92');
insert into meioCombate values (1, 'Entidade 42');
insert into meioCombate values (1, 'Entidade 82');
insert into meioCombate values (4, 'Entidade 62');
insert into meioCombate values (0, 'Entidade 40');
insert into meioCombate values (3, 'Entidade 90');
insert into meioCombate values (2, 'Entidade 36');
insert into meioCombate values (1, 'Entidade 98');
insert into meioCombate values (0, 'Entidade 10');


insert into meioApoio values (5, 'Entidade 72');
insert into meioApoio values (2, 'Entidade 5');
insert into meioApoio values (0, 'Entidade 66');
insert into meioApoio values (2, 'Entidade 97');
insert into meioApoio values (4, 'Entidade 81');
insert into meioApoio values (2, 'Entidade 2');
insert into meioApoio values (0, 'Entidade 31');
insert into meioApoio values (3, 'Entidade 39');
insert into meioApoio values (1, 'Entidade 56');
insert into meioApoio values (0, 'Entidade 24');
insert into meioApoio values (1, 'Entidade 79');
insert into meioApoio values (3, 'Entidade 89');
insert into meioApoio values (4, 'Entidade 53');
insert into meioApoio values (0, 'Entidade 16');
insert into meioApoio values (3, 'Entidade 24');
insert into meioApoio values (4, 'Entidade 39');
insert into meioApoio values (2, 'Entidade 81');
insert into meioApoio values (3, 'Entidade 90');
insert into meioApoio values (4, 'Entidade 62');
insert into meioApoio values (1, 'Entidade 82');
insert into meioApoio values (3, 'Entidade 62');
insert into meioApoio values (4, 'Entidade 4');
insert into meioApoio values (3, 'Entidade 71');
insert into meioApoio values (1, 'Entidade 3');
insert into meioApoio values (2, 'Entidade 47');
insert into meioApoio values (2, 'Entidade 98');
insert into meioApoio values (5, 'Entidade 81');
insert into meioApoio values (0, 'Entidade 23');
insert into meioApoio values (0, 'Entidade 46');
insert into meioApoio values (4, 'Entidade 33');
insert into meioApoio values (1, 'Entidade 77');
insert into meioApoio values (2, 'Entidade 88');
insert into meioApoio values (1, 'Entidade 72');
insert into meioApoio values (1, 'Entidade 42');
insert into meioApoio values (0, 'Entidade 12');
insert into meioApoio values (0, 'Entidade 3');
insert into meioApoio values (2, 'Entidade 52');
insert into meioApoio values (3, 'Entidade 81');
insert into meioApoio values (1, 'Entidade 33');
insert into meioApoio values (4, 'Entidade 84');
insert into meioApoio values (3, 'Entidade 42');
insert into meioApoio values (0, 'Entidade 15');
insert into meioApoio values (0, 'Entidade 42');
insert into meioApoio values (0, 'Entidade 43');
insert into meioApoio values (4, 'Entidade 9');
insert into meioApoio values (2, 'Entidade 93');
insert into meioApoio values (0, 'Entidade 34');
insert into meioApoio values (0, 'Entidade 63');
insert into meioApoio values (1, 'Entidade 96');
insert into meioApoio values (0, 'Entidade 26');
insert into meioApoio values (1, 'Entidade 12');
insert into meioApoio values (2, 'Entidade 90');
insert into meioApoio values (0, 'Entidade 79');
insert into meioApoio values (2, 'Entidade 92');
insert into meioApoio values (1, 'Entidade 60');
insert into meioApoio values (1, 'Entidade 75');
insert into meioApoio values (1, 'Entidade 53');
insert into meioApoio values (1, 'Entidade 43');
insert into meioApoio values (1, 'Entidade 58');
insert into meioApoio values (2, 'Entidade 36');
insert into meioApoio values (0, 'Entidade 68');
insert into meioApoio values (0, 'Entidade 85');
insert into meioApoio values (0, 'Entidade 93');
insert into meioApoio values (0, 'Entidade 95');
insert into meioApoio values (0, 'Entidade 5');
insert into meioApoio values (2, 'Entidade 34');
insert into meioApoio values (0, 'Entidade 53');
insert into meioApoio values (4, 'Entidade 26');
insert into meioApoio values (3, 'Entidade 65');
insert into meioApoio values (0, 'Entidade 17');
insert into meioApoio values (0, 'Entidade 49');
insert into meioApoio values (0, 'Entidade 41');
insert into meioApoio values (0, 'Entidade 35');
insert into meioApoio values (1, 'Entidade 21');
insert into meioApoio values (0, 'Entidade 4');
insert into meioApoio values (1, 'Entidade 81');
insert into meioApoio values (0, 'Entidade 96');
insert into meioApoio values (0, 'Entidade 81');
insert into meioApoio values (1, 'Entidade 71');
insert into meioApoio values (2, 'Entidade 65');
insert into meioApoio values (1, 'Entidade 78');
insert into meioApoio values (2, 'Entidade 42');
insert into meioApoio values (0, 'Entidade 10');
insert into meioApoio values (3, 'Entidade 34');
insert into meioApoio values (0, 'Entidade 72');
insert into meioApoio values (0, 'Entidade 9');
insert into meioApoio values (0, 'Entidade 86');
insert into meioApoio values (1, 'Entidade 40');
insert into meioApoio values (1, 'Entidade 6');
insert into meioApoio values (3, 'Entidade 91');
insert into meioApoio values (1, 'Entidade 92');
insert into meioApoio values (2, 'Entidade 84');
insert into meioApoio values (3, 'Entidade 56');
insert into meioApoio values (1, 'Entidade 89');
insert into meioApoio values (1, 'Entidade 51');
insert into meioApoio values (5, 'Entidade 26');
insert into meioApoio values (2, 'Entidade 24');
insert into meioApoio values (2, 'Entidade 25');
insert into meioApoio values (3, 'Entidade 58');
insert into meioApoio values (1, 'Entidade 52');
insert into meioApoio values (1, 'Entidade 30');
insert into meioApoio values (2, 'Entidade 51');
insert into meioApoio values (0, 'Entidade 76');
insert into meioApoio values (0, 'Entidade 78');
insert into meioApoio values (3, 'Entidade 22');
insert into meioApoio values (3, 'Entidade 40');
insert into meioApoio values (0, 'Entidade 89');
insert into meioApoio values (0, 'Entidade 20');
insert into meioApoio values (5, 'Entidade 8');
insert into meioApoio values (2, 'Entidade 26');
insert into meioApoio values (1, 'Entidade 7');
insert into meioApoio values (0, 'Entidade 0');
insert into meioApoio values (2, 'Entidade 76');


insert into meioSocorro values (2, 'Entidade 82');
insert into meioSocorro values (5, 'Entidade 3');
insert into meioSocorro values (3, 'Entidade 7');
insert into meioSocorro values (1, 'Entidade 7');
insert into meioSocorro values (4, 'Entidade 72');
insert into meioSocorro values (0, 'Entidade 22');
insert into meioSocorro values (1, 'Entidade 65');
insert into meioSocorro values (1, 'Entidade 1');
insert into meioSocorro values (1, 'Entidade 63');
insert into meioSocorro values (2, 'Entidade 40');
insert into meioSocorro values (4, 'Entidade 76');
insert into meioSocorro values (5, 'Entidade 25');
insert into meioSocorro values (2, 'Entidade 85');
insert into meioSocorro values (0, 'Entidade 8');
insert into meioSocorro values (2, 'Entidade 28');
insert into meioSocorro values (0, 'Entidade 44');
insert into meioSocorro values (1, 'Entidade 17');
insert into meioSocorro values (2, 'Entidade 53');
insert into meioSocorro values (3, 'Entidade 84');
insert into meioSocorro values (3, 'Entidade 77');
insert into meioSocorro values (3, 'Entidade 22');
insert into meioSocorro values (1, 'Entidade 95');
insert into meioSocorro values (0, 'Entidade 89');
insert into meioSocorro values (2, 'Entidade 18');
insert into meioSocorro values (0, 'Entidade 28');
insert into meioSocorro values (5, 'Entidade 26');
insert into meioSocorro values (0, 'Entidade 80');
insert into meioSocorro values (1, 'Entidade 98');
insert into meioSocorro values (0, 'Entidade 82');
insert into meioSocorro values (3, 'Entidade 31');
insert into meioSocorro values (2, 'Entidade 21');
insert into meioSocorro values (2, 'Entidade 56');
insert into meioSocorro values (2, 'Entidade 89');
insert into meioSocorro values (1, 'Entidade 84');
insert into meioSocorro values (0, 'Entidade 50');
insert into meioSocorro values (0, 'Entidade 98');
insert into meioSocorro values (5, 'Entidade 65');
insert into meioSocorro values (1, 'Entidade 36');
insert into meioSocorro values (0, 'Entidade 38');
insert into meioSocorro values (2, 'Entidade 26');
insert into meioSocorro values (1, 'Entidade 9');
insert into meioSocorro values (2, 'Entidade 14');
insert into meioSocorro values (3, 'Entidade 72');
insert into meioSocorro values (2, 'Entidade 77');
insert into meioSocorro values (0, 'Entidade 77');
insert into meioSocorro values (2, 'Entidade 24');
insert into meioSocorro values (2, 'Entidade 35');
insert into meioSocorro values (0, 'Entidade 33');
insert into meioSocorro values (1, 'Entidade 5');
insert into meioSocorro values (0, 'Entidade 65');
insert into meioSocorro values (4, 'Entidade 71');
insert into meioSocorro values (3, 'Entidade 35');
insert into meioSocorro values (3, 'Entidade 52');
insert into meioSocorro values (0, 'Entidade 20');
insert into meioSocorro values (0, 'Entidade 88');
insert into meioSocorro values (3, 'Entidade 40');
insert into meioSocorro values (4, 'Entidade 5');
insert into meioSocorro values (2, 'Entidade 3');
insert into meioSocorro values (2, 'Entidade 63');
insert into meioSocorro values (0, 'Entidade 40');
insert into meioSocorro values (1, 'Entidade 66');
insert into meioSocorro values (1, 'Entidade 31');
insert into meioSocorro values (1, 'Entidade 80');
insert into meioSocorro values (1, 'Entidade 97');
insert into meioSocorro values (0, 'Entidade 21');
insert into meioSocorro values (1, 'Entidade 25');
insert into meioSocorro values (2, 'Entidade 12');
insert into meioSocorro values (1, 'Entidade 52');
insert into meioSocorro values (0, 'Entidade 76');
insert into meioSocorro values (1, 'Entidade 22');
insert into meioSocorro values (4, 'Entidade 25');
insert into meioSocorro values (3, 'Entidade 8');
insert into meioSocorro values (3, 'Entidade 85');
insert into meioSocorro values (2, 'Entidade 76');
insert into meioSocorro values (0, 'Entidade 45');
insert into meioSocorro values (2, 'Entidade 4');
insert into meioSocorro values (0, 'Entidade 78');
insert into meioSocorro values (1, 'Entidade 8');
insert into meioSocorro values (0, 'Entidade 25');
insert into meioSocorro values (4, 'Entidade 21');
insert into meioSocorro values (0, 'Entidade 69');
insert into meioSocorro values (0, 'Entidade 0');
insert into meioSocorro values (0, 'Entidade 51');
insert into meioSocorro values (0, 'Entidade 83');
insert into meioSocorro values (3, 'Entidade 82');
insert into meioSocorro values (4, 'Entidade 91');
insert into meioSocorro values (3, 'Entidade 26');
insert into meioSocorro values (3, 'Entidade 9');
insert into meioSocorro values (4, 'Entidade 85');
insert into meioSocorro values (3, 'Entidade 25');
insert into meioSocorro values (3, 'Entidade 4');
insert into meioSocorro values (0, 'Entidade 2');
insert into meioSocorro values (4, 'Entidade 36');
insert into meioSocorro values (4, 'Entidade 3');
insert into meioSocorro values (4, 'Entidade 8');
insert into meioSocorro values (2, 'Entidade 80');
insert into meioSocorro values (5, 'Entidade 8');
insert into meioSocorro values (0, 'Entidade 9');
insert into meioSocorro values (0, 'Entidade 90');
insert into meioSocorro values (4, 'Entidade 90');
insert into meioSocorro values (3, 'Entidade 58');
insert into meioSocorro values (4, 'Entidade 58');
insert into meioSocorro values (1, 'Entidade 26');
insert into meioSocorro values (2, 'Entidade 39');
insert into meioSocorro values (4, 'Entidade 39');
insert into meioSocorro values (0, 'Entidade 5');
insert into meioSocorro values (1, 'Entidade 14');
insert into meioSocorro values (0, 'Entidade 18');
insert into meioSocorro values (1, 'Entidade 6');
insert into meioSocorro values (4, 'Entidade 17');
insert into meioSocorro values (3, 'Entidade 62');
insert into meioSocorro values (0, 'Entidade 6');
insert into meioSocorro values (0, 'Entidade 15');


insert into transporta values (0, 'Entidade 82', 0, 173476899);
insert into transporta values (1, 'Entidade 22', 1, 471441712);
insert into transporta values (3, 'Entidade 72', 2, 394874583);
insert into transporta values (0, 'Entidade 21', 0, 291315);
insert into transporta values (4, 'Entidade 3', 0, 163731370);
insert into transporta values (0, 'Entidade 88', 2, 561424608);
insert into transporta values (3, 'Entidade 4', 3, 629180288);
insert into transporta values (1, 'Entidade 14', 5, 604243922);
insert into transporta values (1, 'Entidade 84', 0, 346775051);
insert into transporta values (0, 'Entidade 89', 2, 99330297);
insert into transporta values (4, 'Entidade 91', 4, 250414410);
insert into transporta values (0, 'Entidade 33', 0, 99330297);
insert into transporta values (1, 'Entidade 5', 3, 671075104);
insert into transporta values (1, 'Entidade 52', 4, 544537214);
insert into transporta values (4, 'Entidade 17', 1, 693159929);
insert into transporta values (0, 'Entidade 83', 5, 404224347);
insert into transporta values (1, 'Entidade 66', 4, 31871125);
insert into transporta values (3, 'Entidade 9', 3, 849979001);
insert into transporta values (0, 'Entidade 90', 5, 704365659);
insert into transporta values (3, 'Entidade 22', 3, 833943940);
insert into transporta values (1, 'Entidade 36', 3, 144938613);
insert into transporta values (1, 'Entidade 80', 4, 234433741);
insert into transporta values (0, 'Entidade 5', 4, 311283976);
insert into transporta values (1, 'Entidade 8', 4, 37015021);
insert into transporta values (0, 'Entidade 80', 1, 205985681);
insert into transporta values (0, 'Entidade 78', 5, 544537214);
insert into transporta values (2, 'Entidade 89', 3, 833943940);
insert into transporta values (0, 'Entidade 9', 5, 978579107);
insert into transporta values (0, 'Entidade 9', 2, 559990529);
insert into transporta values (3, 'Entidade 31', 0, 387007305);
insert into transporta values (2, 'Entidade 40', 5, 172116690);
insert into transporta values (2, 'Entidade 63', 1, 717775679);
insert into transporta values (0, 'Entidade 80', 1, 387007305);
insert into transporta values (4, 'Entidade 5', 3, 37015021);
insert into transporta values (4, 'Entidade 21', 3, 948518466);
insert into transporta values (1, 'Entidade 6', 4, 50801806);
insert into transporta values (0, 'Entidade 2', 0, 483839238);
insert into transporta values (0, 'Entidade 78', 0, 404224347);
insert into transporta values (5, 'Entidade 26', 5, 471441712);
insert into transporta values (4, 'Entidade 5', 4, 656657737);
insert into transporta values (2, 'Entidade 56', 2, 4034522);
insert into transporta values (2, 'Entidade 4', 2, 133245782);
insert into transporta values (3, 'Entidade 25', 0, 559990529);
insert into transporta values (3, 'Entidade 4', 0, 860097478);
insert into transporta values (0, 'Entidade 69', 3, 359297803);
insert into transporta values (5, 'Entidade 65', 2, 642472621);
insert into transporta values (3, 'Entidade 52', 0, 726728071);
insert into transporta values (1, 'Entidade 14', 3, 942265936);
insert into transporta values (4, 'Entidade 25', 2, 504397050);
insert into transporta values (4, 'Entidade 76', 5, 252945913);
insert into transporta values (5, 'Entidade 3', 5, 693159929);
insert into transporta values (0, 'Entidade 83', 4, 421009027);
insert into transporta values (0, 'Entidade 9', 1, 588454159);
insert into transporta values (4, 'Entidade 72', 4, 726728071);
insert into transporta values (3, 'Entidade 26', 1, 205985681);
insert into transporta values (0, 'Entidade 22', 3, 252290028);
insert into transporta values (1, 'Entidade 65', 0, 911653018);
insert into transporta values (5, 'Entidade 3', 5, 559990529);
insert into transporta values (4, 'Entidade 25', 0, 173476899);
insert into transporta values (4, 'Entidade 72', 2, 693159929);
insert into transporta values (0, 'Entidade 20', 5, 604243922);
insert into transporta values (4, 'Entidade 72', 3, 863062696);
insert into transporta values (1, 'Entidade 5', 0, 483839238);
insert into transporta values (3, 'Entidade 58', 3, 99330297);
insert into transporta values (5, 'Entidade 25', 2, 667481585);
insert into transporta values (4, 'Entidade 36', 4, 202264902);
insert into transporta values (4, 'Entidade 72', 5, 99330297);
insert into transporta values (4, 'Entidade 91', 0, 726728071);
insert into transporta values (0, 'Entidade 83', 5, 434813736);
insert into transporta values (5, 'Entidade 8', 4, 495222495);
insert into transporta values (4, 'Entidade 3', 1, 531417398);
insert into transporta values (1, 'Entidade 36', 1, 863062696);
insert into transporta values (2, 'Entidade 24', 1, 561424608);
insert into transporta values (3, 'Entidade 25', 1, 404224347);
insert into transporta values (3, 'Entidade 77', 1, 300882129);
insert into transporta values (5, 'Entidade 25', 5, 543017255);
insert into transporta values (4, 'Entidade 76', 2, 31871125);
insert into transporta values (2, 'Entidade 85', 0, 833943940);
insert into transporta values (3, 'Entidade 25', 5, 495222495);
insert into transporta values (0, 'Entidade 40', 5, 504397050);
insert into transporta values (1, 'Entidade 14', 5, 729571239);
insert into transporta values (4, 'Entidade 36', 1, 504397050);
insert into transporta values (3, 'Entidade 72', 3, 311283976);
insert into transporta values (1, 'Entidade 95', 3, 934354141);
insert into transporta values (2, 'Entidade 76', 3, 50801806);
insert into transporta values (0, 'Entidade 6', 2, 250414410);
insert into transporta values (5, 'Entidade 3', 3, 429859599);
insert into transporta values (3, 'Entidade 82', 1, 144529168);
insert into transporta values (0, 'Entidade 69', 4, 684867433);
insert into transporta values (2, 'Entidade 82', 2, 561424608);
insert into transporta values (2, 'Entidade 28', 1, 726728071);
insert into transporta values (0, 'Entidade 76', 0, 726496380);
insert into transporta values (3, 'Entidade 7', 3, 252945913);
insert into transporta values (0, 'Entidade 21', 3, 156571015);
insert into transporta values (1, 'Entidade 6', 0, 99330297);
insert into transporta values (1, 'Entidade 31', 2, 715363028);
insert into transporta values (0, 'Entidade 90', 1, 526398154);
insert into transporta values (3, 'Entidade 31', 0, 421009027);
insert into transporta values (1, 'Entidade 84', 3, 387007305);
insert into transporta values (4, 'Entidade 5', 5, 667481585);


insert into alocado values (1, 'Entidade 42', 0, 250378160);
insert into alocado values (1, 'Entidade 71', 3, 911653018);
insert into alocado values (0, 'Entidade 53', 0, 843226489);
insert into alocado values (0, 'Entidade 93', 1, 278107741);
insert into alocado values (0, 'Entidade 26', 0, 902575747);
insert into alocado values (2, 'Entidade 25', 2, 252945913);
insert into alocado values (1, 'Entidade 56', 5, 656657737);
insert into alocado values (0, 'Entidade 72', 3, 843226489);
insert into alocado values (3, 'Entidade 22', 4, 863062696);
insert into alocado values (1, 'Entidade 96', 4, 421009027);
insert into alocado values (3, 'Entidade 22', 0, 398989114);
insert into alocado values (3, 'Entidade 40', 2, 434813736);
insert into alocado values (3, 'Entidade 89', 3, 394874583);
insert into alocado values (0, 'Entidade 35', 5, 726728071);
insert into alocado values (0, 'Entidade 35', 1, 133245782);
insert into alocado values (0, 'Entidade 31', 3, 729571239);
insert into alocado values (4, 'Entidade 26', 0, 300882129);
insert into alocado values (0, 'Entidade 34', 0, 495222495);
insert into alocado values (4, 'Entidade 33', 4, 860097478);
insert into alocado values (2, 'Entidade 93', 5, 642472621);
insert into alocado values (1, 'Entidade 51', 2, 943298222);
insert into alocado values (0, 'Entidade 5', 1, 99330297);
insert into alocado values (0, 'Entidade 34', 1, 671075104);
insert into alocado values (1, 'Entidade 82', 0, 172116690);
insert into alocado values (1, 'Entidade 78', 5, 144529168);
insert into alocado values (4, 'Entidade 9', 0, 368796243);
insert into alocado values (5, 'Entidade 72', 5, 561424608);
insert into alocado values (3, 'Entidade 24', 4, 843226489);
insert into alocado values (4, 'Entidade 53', 1, 144529168);
insert into alocado values (2, 'Entidade 26', 1, 642472621);
insert into alocado values (0, 'Entidade 85', 2, 693159929);
insert into alocado values (0, 'Entidade 76', 1, 271901038);
insert into alocado values (0, 'Entidade 31', 0, 744737386);
insert into alocado values (2, 'Entidade 34', 0, 934354141);
insert into alocado values (0, 'Entidade 10', 1, 429859599);
insert into alocado values (0, 'Entidade 17', 2, 860097478);
insert into alocado values (0, 'Entidade 86', 5, 705671476);
insert into alocado values (2, 'Entidade 90', 5, 588454159);
insert into alocado values (0, 'Entidade 53', 5, 99330297);
insert into alocado values (3, 'Entidade 81', 3, 172116690);
insert into alocado values (2, 'Entidade 90', 3, 380265337);
insert into alocado values (3, 'Entidade 34', 4, 693159929);
insert into alocado values (1, 'Entidade 6', 4, 387007305);
insert into alocado values (0, 'Entidade 12', 4, 531417398);
insert into alocado values (1, 'Entidade 96', 5, 380059935);
insert into alocado values (2, 'Entidade 98', 2, 629180288);
insert into alocado values (1, 'Entidade 72', 2, 220331293);
insert into alocado values (1, 'Entidade 96', 2, 744737386);
insert into alocado values (0, 'Entidade 35', 5, 911653018);
insert into alocado values (2, 'Entidade 97', 2, 351643893);
insert into alocado values (3, 'Entidade 81', 1, 220331293);
insert into alocado values (1, 'Entidade 3', 2, 4034522);
insert into alocado values (5, 'Entidade 26', 2, 346775051);
insert into alocado values (1, 'Entidade 56', 2, 404224347);
insert into alocado values (3, 'Entidade 42', 4, 92379647);
insert into alocado values (1, 'Entidade 3', 2, 387007305);
insert into alocado values (0, 'Entidade 93', 4, 604243922);
insert into alocado values (0, 'Entidade 10', 2, 902037635);
insert into alocado values (1, 'Entidade 40', 2, 642472621);
insert into alocado values (5, 'Entidade 26', 3, 541828844);
insert into alocado values (1, 'Entidade 33', 5, 173476899);
insert into alocado values (2, 'Entidade 93', 2, 271901038);
insert into alocado values (1, 'Entidade 60', 4, 31871125);
insert into alocado values (4, 'Entidade 53', 0, 588454159);
insert into alocado values (0, 'Entidade 35', 4, 144529168);
insert into alocado values (3, 'Entidade 71', 2, 4034522);
insert into alocado values (0, 'Entidade 86', 5, 860097478);
insert into alocado values (3, 'Entidade 42', 1, 163731370);
insert into alocado values (1, 'Entidade 72', 2, 31871125);
insert into alocado values (3, 'Entidade 81', 0, 667481585);
insert into alocado values (2, 'Entidade 52', 1, 943298222);
insert into alocado values (1, 'Entidade 89', 5, 250378160);
insert into alocado values (1, 'Entidade 56', 2, 726728071);
insert into alocado values (1, 'Entidade 78', 0, 429859599);
insert into alocado values (0, 'Entidade 95', 1, 911653018);
insert into alocado values (0, 'Entidade 85', 1, 291315);
insert into alocado values (1, 'Entidade 71', 1, 173476899);
insert into alocado values (0, 'Entidade 63', 0, 642472621);
insert into alocado values (1, 'Entidade 72', 2, 346775051);
insert into alocado values (5, 'Entidade 72', 0, 704365659);
insert into alocado values (1, 'Entidade 72', 4, 471441712);
insert into alocado values (3, 'Entidade 56', 5, 234433741);
insert into alocado values (3, 'Entidade 65', 5, 943298222);
insert into alocado values (1, 'Entidade 58', 1, 291315);
insert into alocado values (1, 'Entidade 79', 5, 544537214);
insert into alocado values (2, 'Entidade 51', 4, 471441712);
insert into alocado values (3, 'Entidade 65', 0, 471441712);
insert into alocado values (0, 'Entidade 31', 3, 483839238);
insert into alocado values (0, 'Entidade 81', 1, 173476899);
insert into alocado values (1, 'Entidade 6', 2, 599933327);
insert into alocado values (2, 'Entidade 5', 0, 863062696);
insert into alocado values (2, 'Entidade 51', 0, 948518466);
insert into alocado values (5, 'Entidade 8', 1, 324836292);
insert into alocado values (0, 'Entidade 86', 1, 311283976);
insert into alocado values (1, 'Entidade 60', 3, 205609123);
insert into alocado values (0, 'Entidade 3', 3, 359297803);
insert into alocado values (1, 'Entidade 6', 0, 471441712);
insert into alocado values (0, 'Entidade 68', 3, 744737386);
insert into alocado values (2, 'Entidade 26', 2, 252290028);
insert into alocado values (1, 'Entidade 71', 4, 483839238);


insert into acciona values (0, 'Entidade 82', 173476899);
insert into acciona values (1, 'Entidade 22', 471441712);
insert into acciona values (3, 'Entidade 72', 394874583);
insert into acciona values (0, 'Entidade 21', 291315);
insert into acciona values (4, 'Entidade 3', 163731370);
insert into acciona values (0, 'Entidade 88', 561424608);
insert into acciona values (3, 'Entidade 4', 629180288);
insert into acciona values (1, 'Entidade 14', 604243922);
insert into acciona values (1, 'Entidade 84', 346775051);
insert into acciona values (0, 'Entidade 89', 99330297);
insert into acciona values (4, 'Entidade 91', 250414410);
insert into acciona values (0, 'Entidade 33', 99330297);
insert into acciona values (1, 'Entidade 5', 671075104);
insert into acciona values (1, 'Entidade 52', 544537214);
insert into acciona values (4, 'Entidade 17', 693159929);
insert into acciona values (0, 'Entidade 83', 404224347);
insert into acciona values (1, 'Entidade 66', 31871125);
insert into acciona values (3, 'Entidade 9', 849979001);
insert into acciona values (0, 'Entidade 90', 704365659);
insert into acciona values (3, 'Entidade 22', 833943940);
insert into acciona values (1, 'Entidade 36', 144938613);
insert into acciona values (1, 'Entidade 80', 234433741);
insert into acciona values (0, 'Entidade 5', 311283976);
insert into acciona values (1, 'Entidade 8', 37015021);
insert into acciona values (0, 'Entidade 80', 205985681);
insert into acciona values (0, 'Entidade 78', 544537214);
insert into acciona values (2, 'Entidade 89', 833943940);
insert into acciona values (0, 'Entidade 9', 978579107);
insert into acciona values (0, 'Entidade 9', 559990529);
insert into acciona values (3, 'Entidade 31', 387007305);
insert into acciona values (2, 'Entidade 40', 172116690);
insert into acciona values (2, 'Entidade 63', 717775679);
insert into acciona values (0, 'Entidade 80', 387007305);
insert into acciona values (4, 'Entidade 5', 37015021);
insert into acciona values (4, 'Entidade 21', 948518466);
insert into acciona values (1, 'Entidade 6', 50801806);
insert into acciona values (0, 'Entidade 2', 483839238);
insert into acciona values (0, 'Entidade 78', 404224347);
insert into acciona values (5, 'Entidade 26', 471441712);
insert into acciona values (4, 'Entidade 5', 656657737);
insert into acciona values (2, 'Entidade 56', 4034522);
insert into acciona values (2, 'Entidade 4', 133245782);
insert into acciona values (3, 'Entidade 25', 559990529);
insert into acciona values (3, 'Entidade 4', 860097478);
insert into acciona values (0, 'Entidade 69', 359297803);
insert into acciona values (5, 'Entidade 65', 642472621);
insert into acciona values (3, 'Entidade 52', 726728071);
insert into acciona values (1, 'Entidade 14', 942265936);
insert into acciona values (4, 'Entidade 25', 504397050);
insert into acciona values (4, 'Entidade 76', 252945913);
insert into acciona values (5, 'Entidade 3', 693159929);
insert into acciona values (0, 'Entidade 83', 421009027);
insert into acciona values (0, 'Entidade 9', 588454159);
insert into acciona values (4, 'Entidade 72', 726728071);
insert into acciona values (3, 'Entidade 26', 205985681);
insert into acciona values (0, 'Entidade 22', 252290028);
insert into acciona values (1, 'Entidade 65', 911653018);
insert into acciona values (5, 'Entidade 3', 559990529);
insert into acciona values (4, 'Entidade 25', 173476899);
insert into acciona values (4, 'Entidade 72', 693159929);
insert into acciona values (0, 'Entidade 20', 604243922);
insert into acciona values (4, 'Entidade 72', 863062696);
insert into acciona values (1, 'Entidade 5', 483839238);
insert into acciona values (3, 'Entidade 58', 99330297);
insert into acciona values (5, 'Entidade 25', 667481585);
insert into acciona values (4, 'Entidade 36', 202264902);
insert into acciona values (4, 'Entidade 72', 99330297);
insert into acciona values (4, 'Entidade 91', 726728071);
insert into acciona values (0, 'Entidade 83', 434813736);
insert into acciona values (5, 'Entidade 8', 495222495);
insert into acciona values (4, 'Entidade 3', 531417398);
insert into acciona values (1, 'Entidade 36', 863062696);
insert into acciona values (2, 'Entidade 24', 561424608);
insert into acciona values (3, 'Entidade 25', 404224347);
insert into acciona values (3, 'Entidade 77', 300882129);
insert into acciona values (5, 'Entidade 25', 543017255);
insert into acciona values (4, 'Entidade 76', 31871125);
insert into acciona values (2, 'Entidade 85', 833943940);
insert into acciona values (3, 'Entidade 25', 495222495);
insert into acciona values (0, 'Entidade 40', 504397050);
insert into acciona values (1, 'Entidade 14', 729571239);
insert into acciona values (4, 'Entidade 36', 504397050);
insert into acciona values (3, 'Entidade 72', 311283976);
insert into acciona values (1, 'Entidade 95', 934354141);
insert into acciona values (2, 'Entidade 76', 50801806);
insert into acciona values (0, 'Entidade 6', 250414410);
insert into acciona values (5, 'Entidade 3', 429859599);
insert into acciona values (3, 'Entidade 82', 144529168);
insert into acciona values (0, 'Entidade 69', 684867433);
insert into acciona values (2, 'Entidade 82', 561424608);
insert into acciona values (2, 'Entidade 28', 726728071);
insert into acciona values (0, 'Entidade 76', 726496380);
insert into acciona values (3, 'Entidade 7', 252945913);
insert into acciona values (0, 'Entidade 21', 156571015);
insert into acciona values (1, 'Entidade 6', 99330297);
insert into acciona values (1, 'Entidade 31', 715363028);
insert into acciona values (0, 'Entidade 90', 526398154);
insert into acciona values (3, 'Entidade 31', 421009027);
insert into acciona values (1, 'Entidade 84', 387007305);
insert into acciona values (4, 'Entidade 5', 667481585);
insert into acciona values (1, 'Entidade 42', 250378160);
insert into acciona values (1, 'Entidade 71', 911653018);
insert into acciona values (0, 'Entidade 53', 843226489);
insert into acciona values (0, 'Entidade 93', 278107741);
insert into acciona values (0, 'Entidade 26', 902575747);
insert into acciona values (2, 'Entidade 25', 252945913);
insert into acciona values (1, 'Entidade 56', 656657737);
insert into acciona values (0, 'Entidade 72', 843226489);
insert into acciona values (3, 'Entidade 22', 863062696);
insert into acciona values (1, 'Entidade 96', 421009027);
insert into acciona values (3, 'Entidade 22', 398989114);
insert into acciona values (3, 'Entidade 40', 434813736);
insert into acciona values (3, 'Entidade 89', 394874583);
insert into acciona values (0, 'Entidade 35', 726728071);
insert into acciona values (0, 'Entidade 35', 133245782);
insert into acciona values (0, 'Entidade 31', 729571239);
insert into acciona values (4, 'Entidade 26', 300882129);
insert into acciona values (0, 'Entidade 34', 495222495);
insert into acciona values (4, 'Entidade 33', 860097478);
insert into acciona values (2, 'Entidade 93', 642472621);
insert into acciona values (1, 'Entidade 51', 943298222);
insert into acciona values (0, 'Entidade 5', 99330297);
insert into acciona values (0, 'Entidade 34', 671075104);
insert into acciona values (1, 'Entidade 82', 172116690);
insert into acciona values (1, 'Entidade 78', 144529168);
insert into acciona values (4, 'Entidade 9', 368796243);
insert into acciona values (5, 'Entidade 72', 561424608);
insert into acciona values (3, 'Entidade 24', 843226489);
insert into acciona values (4, 'Entidade 53', 144529168);
insert into acciona values (2, 'Entidade 26', 642472621);
insert into acciona values (0, 'Entidade 85', 693159929);
insert into acciona values (0, 'Entidade 76', 271901038);
insert into acciona values (0, 'Entidade 31', 744737386);
insert into acciona values (2, 'Entidade 34', 934354141);
insert into acciona values (0, 'Entidade 10', 429859599);
insert into acciona values (0, 'Entidade 17', 860097478);
insert into acciona values (0, 'Entidade 86', 705671476);
insert into acciona values (2, 'Entidade 90', 588454159);
insert into acciona values (0, 'Entidade 53', 99330297);
insert into acciona values (3, 'Entidade 81', 172116690);
insert into acciona values (2, 'Entidade 90', 380265337);
insert into acciona values (3, 'Entidade 34', 693159929);
insert into acciona values (1, 'Entidade 6', 387007305);
insert into acciona values (0, 'Entidade 12', 531417398);
insert into acciona values (1, 'Entidade 96', 380059935);
insert into acciona values (2, 'Entidade 98', 629180288);
insert into acciona values (1, 'Entidade 72', 220331293);
insert into acciona values (1, 'Entidade 96', 744737386);
insert into acciona values (0, 'Entidade 35', 911653018);
insert into acciona values (2, 'Entidade 97', 351643893);
insert into acciona values (3, 'Entidade 81', 220331293);
insert into acciona values (1, 'Entidade 3', 4034522);
insert into acciona values (5, 'Entidade 26', 346775051);
insert into acciona values (1, 'Entidade 56', 404224347);
insert into acciona values (3, 'Entidade 42', 92379647);
insert into acciona values (1, 'Entidade 3', 387007305);
insert into acciona values (0, 'Entidade 93', 604243922);
insert into acciona values (0, 'Entidade 10', 902037635);
insert into acciona values (1, 'Entidade 40', 642472621);
insert into acciona values (5, 'Entidade 26', 541828844);
insert into acciona values (1, 'Entidade 33', 173476899);
insert into acciona values (2, 'Entidade 93', 271901038);
insert into acciona values (1, 'Entidade 60', 31871125);
insert into acciona values (4, 'Entidade 53', 588454159);
insert into acciona values (0, 'Entidade 35', 144529168);
insert into acciona values (3, 'Entidade 71', 4034522);
insert into acciona values (0, 'Entidade 86', 860097478);
insert into acciona values (3, 'Entidade 42', 163731370);
insert into acciona values (1, 'Entidade 72', 31871125);
insert into acciona values (3, 'Entidade 81', 667481585);
insert into acciona values (2, 'Entidade 52', 943298222);
insert into acciona values (1, 'Entidade 89', 250378160);
insert into acciona values (1, 'Entidade 56', 726728071);
insert into acciona values (1, 'Entidade 78', 429859599);
insert into acciona values (0, 'Entidade 95', 911653018);
insert into acciona values (0, 'Entidade 85', 291315);
insert into acciona values (1, 'Entidade 71', 173476899);
insert into acciona values (0, 'Entidade 63', 642472621);
insert into acciona values (1, 'Entidade 72', 346775051);
insert into acciona values (5, 'Entidade 72', 704365659);
insert into acciona values (1, 'Entidade 72', 471441712);
insert into acciona values (3, 'Entidade 56', 234433741);
insert into acciona values (3, 'Entidade 65', 943298222);
insert into acciona values (1, 'Entidade 58', 291315);
insert into acciona values (1, 'Entidade 79', 544537214);
insert into acciona values (2, 'Entidade 51', 471441712);
insert into acciona values (3, 'Entidade 65', 471441712);
insert into acciona values (0, 'Entidade 31', 483839238);
insert into acciona values (0, 'Entidade 81', 173476899);
insert into acciona values (1, 'Entidade 6', 599933327);
insert into acciona values (2, 'Entidade 5', 863062696);
insert into acciona values (2, 'Entidade 51', 948518466);
insert into acciona values (5, 'Entidade 8', 324836292);
insert into acciona values (0, 'Entidade 86', 311283976);
insert into acciona values (1, 'Entidade 60', 205609123);
insert into acciona values (0, 'Entidade 3', 359297803);
insert into acciona values (1, 'Entidade 6', 471441712);
insert into acciona values (0, 'Entidade 68', 744737386);
insert into acciona values (2, 'Entidade 26', 252290028);
insert into acciona values (1, 'Entidade 71', 483839238);
insert into acciona values (5, 'Entidade 58', 902037635);
insert into acciona values (0, 'Entidade 40', 156571015);
insert into acciona values (1, 'Entidade 58', 205985681);
insert into acciona values (2, 'Entidade 25', 684867433);
insert into acciona values (0, 'Entidade 62', 462928747);
insert into acciona values (1, 'Entidade 23', 278107741);
insert into acciona values (4, 'Entidade 56', 172116690);
insert into acciona values (3, 'Entidade 21', 934354141);
insert into acciona values (0, 'Entidade 97', 252290028);
insert into acciona values (2, 'Entidade 1', 944192041);
insert into acciona values (0, 'Entidade 97', 133245782);
insert into acciona values (1, 'Entidade 49', 404224347);
insert into acciona values (1, 'Entidade 39', 156571015);
insert into acciona values (0, 'Entidade 36', 531417398);
insert into acciona values (0, 'Entidade 60', 726496380);
insert into acciona values (0, 'Entidade 57', 163731370);
insert into acciona values (3, 'Entidade 96', 704365659);
insert into acciona values (5, 'Entidade 58', 50801806);
insert into acciona values (0, 'Entidade 97', 531417398);
insert into acciona values (3, 'Entidade 92', 942265936);
insert into acciona values (0, 'Entidade 6', 773546981);
insert into acciona values (4, 'Entidade 58', 144938613);
insert into acciona values (1, 'Entidade 47', 749024538);
insert into acciona values (4, 'Entidade 65', 434813736);
insert into acciona values (4, 'Entidade 56', 252945913);
insert into acciona values (0, 'Entidade 18', 953924494);
insert into acciona values (3, 'Entidade 76', 346775051);
insert into acciona values (3, 'Entidade 92', 37015021);
insert into acciona values (0, 'Entidade 91', 948518466);
insert into acciona values (2, 'Entidade 80', 660993237);
insert into acciona values (0, 'Entidade 49', 504397050);
insert into acciona values (2, 'Entidade 25', 346775051);
insert into acciona values (0, 'Entidade 71', 902575747);
insert into acciona values (1, 'Entidade 23', 156571015);
insert into acciona values (3, 'Entidade 96', 172116690);
insert into acciona values (0, 'Entidade 56', 726496380);
insert into acciona values (0, 'Entidade 58', 726728071);
insert into acciona values (2, 'Entidade 39', 404224347);
insert into acciona values (2, 'Entidade 58', 234629436);
insert into acciona values (2, 'Entidade 22', 50801806);
insert into acciona values (1, 'Entidade 30', 234629436);
insert into acciona values (2, 'Entidade 71', 944192041);
insert into acciona values (1, 'Entidade 69', 471441712);
insert into acciona values (3, 'Entidade 14', 324836292);
insert into acciona values (1, 'Entidade 35', 667481585);
insert into acciona values (0, 'Entidade 80', 561424608);
insert into acciona values (0, 'Entidade 64', 471441712);
insert into acciona values (2, 'Entidade 92', 4034522);
insert into acciona values (0, 'Entidade 64', 6199372);
insert into acciona values (1, 'Entidade 88', 144938613);
insert into acciona values (1, 'Entidade 91', 717775679);
insert into acciona values (1, 'Entidade 63', 133245782);
insert into acciona values (1, 'Entidade 2', 300882129);
insert into acciona values (2, 'Entidade 31', 642472621);
insert into acciona values (0, 'Entidade 91', 978579107);
insert into acciona values (2, 'Entidade 33', 359297803);
insert into acciona values (0, 'Entidade 2', 684867433);
insert into acciona values (3, 'Entidade 33', 773546981);
insert into acciona values (1, 'Entidade 14', 818434001);
insert into acciona values (1, 'Entidade 2', 434813736);
insert into acciona values (1, 'Entidade 16', 561424608);
insert into acciona values (2, 'Entidade 33', 421009027);
insert into acciona values (3, 'Entidade 92', 220331293);
insert into acciona values (0, 'Entidade 56', 504397050);
insert into acciona values (4, 'Entidade 39', 671075104);
insert into acciona values (0, 'Entidade 7', 205985681);
insert into acciona values (1, 'Entidade 35', 541828844);
insert into acciona values (3, 'Entidade 14', 541828844);
insert into acciona values (0, 'Entidade 58', 599933327);
insert into acciona values (4, 'Entidade 56', 717775679);
insert into acciona values (0, 'Entidade 60', 250414410);
insert into acciona values (2, 'Entidade 33', 531417398);
insert into acciona values (0, 'Entidade 58', 346775051);
insert into acciona values (0, 'Entidade 91', 744737386);
insert into acciona values (0, 'Entidade 10', 462928747);
insert into acciona values (1, 'Entidade 23', 705671476);
insert into acciona values (0, 'Entidade 75', 911653018);
insert into acciona values (0, 'Entidade 6', 944192041);
insert into acciona values (0, 'Entidade 18', 434813736);
insert into acciona values (1, 'Entidade 18', 599933327);
insert into acciona values (2, 'Entidade 96', 421009027);
insert into acciona values (0, 'Entidade 56', 656657737);
insert into acciona values (0, 'Entidade 58', 849979001);
insert into acciona values (0, 'Entidade 58', 767768875);
insert into acciona values (2, 'Entidade 75', 291315);
insert into acciona values (3, 'Entidade 36', 810391446);
insert into acciona values (1, 'Entidade 50', 205609123);
insert into acciona values (0, 'Entidade 97', 656657737);
insert into acciona values (0, 'Entidade 57', 660993237);
insert into acciona values (1, 'Entidade 16', 291315);
insert into acciona values (1, 'Entidade 18', 394874583);
insert into acciona values (1, 'Entidade 2', 588454159);
insert into acciona values (4, 'Entidade 65', 667481585);
insert into acciona values (1, 'Entidade 93', 684867433);
insert into acciona values (0, 'Entidade 39', 88286744);
insert into acciona values (2, 'Entidade 75', 50801806);
insert into acciona values (2, 'Entidade 31', 833943940);
insert into acciona values (2, 'Entidade 31', 429859599);
insert into acciona values (1, 'Entidade 4', 300882129);
insert into acciona values (0, 'Entidade 52', 767768875);


insert into coordenador values (0);
insert into coordenador values (1);
insert into coordenador values (2);
insert into coordenador values (3);
insert into coordenador values (4);
insert into coordenador values (5);
insert into coordenador values (6);
insert into coordenador values (7);
insert into coordenador values (8);
insert into coordenador values (9);
insert into coordenador values (10);
insert into coordenador values (11);
insert into coordenador values (12);
insert into coordenador values (13);
insert into coordenador values (14);
insert into coordenador values (15);
insert into coordenador values (16);
insert into coordenador values (17);
insert into coordenador values (18);
insert into coordenador values (19);
insert into coordenador values (20);
insert into coordenador values (21);
insert into coordenador values (22);
insert into coordenador values (23);
insert into coordenador values (24);
insert into coordenador values (25);
insert into coordenador values (26);
insert into coordenador values (27);
insert into coordenador values (28);
insert into coordenador values (29);
insert into coordenador values (30);
insert into coordenador values (31);
insert into coordenador values (32);
insert into coordenador values (33);
insert into coordenador values (34);
insert into coordenador values (35);
insert into coordenador values (36);
insert into coordenador values (37);
insert into coordenador values (38);
insert into coordenador values (39);
insert into coordenador values (40);
insert into coordenador values (41);
insert into coordenador values (42);
insert into coordenador values (43);
insert into coordenador values (44);
insert into coordenador values (45);
insert into coordenador values (46);
insert into coordenador values (47);
insert into coordenador values (48);
insert into coordenador values (49);
insert into coordenador values (50);
insert into coordenador values (51);
insert into coordenador values (52);
insert into coordenador values (53);
insert into coordenador values (54);
insert into coordenador values (55);
insert into coordenador values (56);
insert into coordenador values (57);
insert into coordenador values (58);
insert into coordenador values (59);
insert into coordenador values (60);
insert into coordenador values (61);
insert into coordenador values (62);
insert into coordenador values (63);
insert into coordenador values (64);
insert into coordenador values (65);
insert into coordenador values (66);
insert into coordenador values (67);
insert into coordenador values (68);
insert into coordenador values (69);
insert into coordenador values (70);
insert into coordenador values (71);
insert into coordenador values (72);
insert into coordenador values (73);
insert into coordenador values (74);
insert into coordenador values (75);
insert into coordenador values (76);
insert into coordenador values (77);
insert into coordenador values (78);
insert into coordenador values (79);
insert into coordenador values (80);
insert into coordenador values (81);
insert into coordenador values (82);
insert into coordenador values (83);
insert into coordenador values (84);
insert into coordenador values (85);
insert into coordenador values (86);
insert into coordenador values (87);
insert into coordenador values (88);
insert into coordenador values (89);
insert into coordenador values (90);
insert into coordenador values (91);
insert into coordenador values (92);
insert into coordenador values (93);
insert into coordenador values (94);
insert into coordenador values (95);
insert into coordenador values (96);
insert into coordenador values (97);
insert into coordenador values (98);
insert into coordenador values (99);


insert into audita values (65, '4', 'Entidade 91', 726728071, '2018-08-02 20:41:18', '2018-08-06 20:19:10', '2019-07-28 16:56:14', 'ADSDSATEXTO');
insert into audita values (65, '1', 'Entidade 31', 715363028, '2018-07-21 03:06:37', '2018-07-23 09:29:51', '2019-09-17 09:18:28', 'ADSDSATEXTO');
insert into audita values (23, '3', 'Entidade 52', 726728071, '2018-07-16 18:31:56', '2018-07-19 13:32:24', '2019-02-01 09:30:44', 'ADSDSATEXTO');
insert into audita values (9, '1', 'Entidade 93', 684867433, '2018-11-26 11:17:45', '2018-11-28 07:31:42', '2019-11-03 22:03:11', 'ADSDSATEXTO');
insert into audita values (29, '0', 'Entidade 86', 705671476, '2018-11-03 01:11:37', '2018-11-05 05:33:23', '2019-07-10 13:25:31', 'ADSDSATEXTO');
insert into audita values (23, '2', 'Entidade 93', 271901038, '2018-09-15 06:40:10', '2018-09-20 02:21:32', '2019-05-26 03:45:21', 'ADSDSATEXTO');
insert into audita values (73, '0', 'Entidade 56', 504397050, '2018-07-18 14:54:10', '2018-07-18 21:40:22', '2019-03-31 05:08:57', 'ADSDSATEXTO');
insert into audita values (33, '2', 'Entidade 85', 833943940, '2018-06-02 21:42:35', '2018-06-04 06:24:53', '2019-02-02 13:36:43', 'ADSDSATEXTO');
insert into audita values (33, '1', 'Entidade 58', 205985681, '2018-08-12 01:05:05', '2018-08-14 08:26:58', '2019-07-09 23:59:19', 'ADSDSATEXTO');
insert into audita values (40, '0', 'Entidade 35', 144529168, '2018-10-03 17:57:09', '2018-10-05 12:28:56', '2019-03-25 07:23:56', 'ADSDSATEXTO');
insert into audita values (31, '3', 'Entidade 40', 434813736, '2018-10-19 08:51:47', '2018-10-21 22:56:18', '2019-01-04 20:13:43', 'ADSDSATEXTO');
insert into audita values (18, '0', 'Entidade 40', 504397050, '2018-07-27 05:35:23', '2018-07-30 12:54:09', '2019-10-23 17:13:22', 'ADSDSATEXTO');
insert into audita values (37, '2', 'Entidade 56', 4034522, '2018-10-30 22:44:03', '2018-11-01 19:35:32', '2019-10-23 13:58:49', 'ADSDSATEXTO');
insert into audita values (4, '1', 'Entidade 3', 387007305, '2018-05-27 22:03:20', '2018-05-31 10:39:13', '2019-03-29 18:14:36', 'ADSDSATEXTO');
insert into audita values (38, '4', 'Entidade 53', 144529168, '2018-08-07 07:40:27', '2018-08-10 20:52:11', '2019-10-22 03:49:54', 'ADSDSATEXTO');
insert into audita values (10, '1', 'Entidade 69', 471441712, '2018-10-06 05:38:38', '2018-10-08 23:44:31', '2019-10-17 13:28:45', 'ADSDSATEXTO');
insert into audita values (80, '0', 'Entidade 6', 944192041, '2018-10-02 03:15:35', '2018-10-05 20:18:55', '2019-02-18 06:01:06', 'ADSDSATEXTO');
insert into audita values (49, '1', 'Entidade 2', 588454159, '2018-09-20 02:39:03', '2018-09-20 16:24:21', '2019-09-07 05:22:21', 'ADSDSATEXTO');
insert into audita values (95, '3', 'Entidade 72', 394874583, '2018-11-01 14:50:15', '2018-11-02 06:11:44', '2019-04-20 03:02:47', 'ADSDSATEXTO');
insert into audita values (81, '4', 'Entidade 72', 99330297, '2018-06-02 14:06:08', '2018-06-05 02:10:57', '2019-06-14 09:36:48', 'ADSDSATEXTO');
insert into audita values (58, '2', 'Entidade 31', 642472621, '2018-11-10 09:18:56', '2018-11-12 14:54:20', '2019-08-02 21:09:03', 'ADSDSATEXTO');
insert into audita values (0, '4', 'Entidade 56', 717775679, '2018-10-18 03:48:01', '2018-10-22 23:59:38', '2019-10-12 19:44:41', 'ADSDSATEXTO');
insert into audita values (16, '3', 'Entidade 65', 471441712, '2018-10-14 06:45:14', '2018-10-17 16:04:09', '2019-11-29 03:12:28', 'ADSDSATEXTO');
insert into audita values (50, '0', 'Entidade 76', 271901038, '2018-09-01 12:28:51', '2018-09-01 21:51:02', '2019-06-26 19:55:13', 'ADSDSATEXTO');
insert into audita values (22, '4', 'Entidade 39', 671075104, '2018-09-04 07:51:27', '2018-09-05 20:44:35', '2019-02-19 10:19:10', 'ADSDSATEXTO');
insert into audita values (36, '1', 'Entidade 14', 729571239, '2018-08-19 21:20:12', '2018-08-19 23:26:24', '2019-04-08 05:09:25', 'ADSDSATEXTO');
insert into audita values (82, '4', 'Entidade 21', 948518466, '2018-04-17 03:32:05', '2018-04-19 17:28:11', '2019-03-04 06:04:20', 'ADSDSATEXTO');
insert into audita values (36, '1', 'Entidade 69', 471441712, '2018-05-18 12:48:42', '2018-05-20 05:34:55', '2019-06-05 15:32:45', 'ADSDSATEXTO');
insert into audita values (77, '1', 'Entidade 5', 483839238, '2018-10-15 21:36:55', '2018-10-18 18:44:29', '2019-07-15 02:45:37', 'ADSDSATEXTO');
insert into audita values (27, '2', 'Entidade 92', 4034522, '2018-06-29 21:34:42', '2018-07-03 11:45:19', '2019-03-27 14:39:20', 'ADSDSATEXTO');
insert into audita values (70, '4', 'Entidade 76', 252945913, '2018-09-24 21:41:01', '2018-09-25 23:02:46', '2019-02-07 07:05:47', 'ADSDSATEXTO');
insert into audita values (25, '4', 'Entidade 17', 693159929, '2018-09-14 10:41:34', '2018-09-16 21:50:39', '2019-10-11 02:02:13', 'ADSDSATEXTO');
insert into audita values (70, '0', 'Entidade 76', 271901038, '2018-04-21 14:15:59', '2018-04-23 21:45:55', '2019-06-06 09:17:18', 'ADSDSATEXTO');
insert into audita values (52, '4', 'Entidade 72', 863062696, '2018-06-18 09:39:18', '2018-06-20 17:24:26', '2019-07-01 01:09:36', 'ADSDSATEXTO');
insert into audita values (27, '1', 'Entidade 56', 726728071, '2018-11-02 07:09:13', '2018-11-04 04:47:01', '2019-06-03 12:31:49', 'ADSDSATEXTO');
insert into audita values (75, '1', 'Entidade 78', 144529168, '2018-08-19 08:57:15', '2018-08-23 03:22:24', '2019-06-01 13:42:34', 'ADSDSATEXTO');
insert into audita values (46, '0', 'Entidade 34', 671075104, '2018-09-23 06:29:44', '2018-09-27 23:52:35', '2019-07-22 05:25:27', 'ADSDSATEXTO');
insert into audita values (81, '3', 'Entidade 7', 252945913, '2018-09-07 16:48:13', '2018-09-09 01:02:58', '2019-01-22 05:40:51', 'ADSDSATEXTO');
insert into audita values (20, '4', 'Entidade 58', 144938613, '2018-10-01 18:52:58', '2018-10-05 04:11:12', '2019-09-09 09:27:44', 'ADSDSATEXTO');
insert into audita values (63, '0', 'Entidade 20', 604243922, '2018-04-17 18:13:18', '2018-04-19 12:31:05', '2019-11-26 17:33:52', 'ADSDSATEXTO');
insert into audita values (68, '2', 'Entidade 76', 50801806, '2018-08-26 05:44:08', '2018-08-28 07:11:27', '2019-03-18 08:21:58', 'ADSDSATEXTO');
insert into audita values (8, '0', 'Entidade 91', 948518466, '2018-04-25 12:11:53', '2018-04-28 20:24:39', '2019-04-05 09:21:31', 'ADSDSATEXTO');
insert into audita values (97, '0', 'Entidade 31', 744737386, '2018-11-20 11:51:38', '2018-11-21 01:27:30', '2019-09-25 18:15:21', 'ADSDSATEXTO');
insert into audita values (46, '1', 'Entidade 35', 667481585, '2018-05-18 20:29:58', '2018-05-22 17:58:49', '2019-05-31 16:46:15', 'ADSDSATEXTO');
insert into audita values (44, '4', 'Entidade 39', 671075104, '2018-08-07 19:31:55', '2018-08-12 12:54:05', '2019-06-19 06:42:06', 'ADSDSATEXTO');
insert into audita values (91, '0', 'Entidade 31', 744737386, '2018-11-30 06:22:45', '2018-12-02 06:45:59', '2019-07-23 02:11:46', 'ADSDSATEXTO');
insert into audita values (78, '4', 'Entidade 72', 863062696, '2018-10-13 23:58:30', '2018-10-16 03:19:53', '2019-01-27 06:11:35', 'ADSDSATEXTO');
insert into audita values (77, '2', 'Entidade 89', 833943940, '2018-10-19 13:42:34', '2018-10-22 15:51:29', '2019-06-19 04:29:08', 'ADSDSATEXTO');
insert into audita values (3, '5', 'Entidade 26', 346775051, '2018-06-28 10:10:44', '2018-06-29 01:16:21', '2019-02-15 02:32:51', 'ADSDSATEXTO');
insert into audita values (19, '1', 'Entidade 91', 717775679, '2018-06-15 22:50:01', '2018-06-16 17:16:50', '2019-05-14 11:11:05', 'ADSDSATEXTO');
insert into audita values (68, '3', 'Entidade 81', 667481585, '2018-03-26 01:56:55', '2018-03-28 12:03:35', '2019-11-14 23:28:48', 'ADSDSATEXTO');
insert into audita values (99, '0', 'Entidade 26', 902575747, '2018-07-21 01:41:22', '2018-07-21 02:30:31', '2019-03-01 02:49:08', 'ADSDSATEXTO');
insert into audita values (71, '4', 'Entidade 17', 693159929, '2018-06-05 19:49:17', '2018-06-08 20:50:23', '2019-09-06 07:03:49', 'ADSDSATEXTO');
insert into audita values (26, '3', 'Entidade 33', 773546981, '2018-08-10 16:31:44', '2018-08-12 04:02:55', '2019-07-17 09:49:54', 'ADSDSATEXTO');
insert into audita values (62, '1', 'Entidade 3', 4034522, '2018-05-03 16:12:02', '2018-05-06 07:50:36', '2019-06-08 02:21:39', 'ADSDSATEXTO');
insert into audita values (8, '4', 'Entidade 91', 250414410, '2018-08-22 05:34:56', '2018-08-26 09:15:39', '2019-11-07 01:36:47', 'ADSDSATEXTO');
insert into audita values (83, '0', 'Entidade 60', 726496380, '2018-08-03 21:18:38', '2018-08-06 03:25:08', '2019-07-09 03:42:12', 'ADSDSATEXTO');
insert into audita values (26, '0', 'Entidade 35', 726728071, '2018-06-30 23:31:22', '2018-07-03 13:13:54', '2019-10-14 13:08:01', 'ADSDSATEXTO');
insert into audita values (22, '0', 'Entidade 83', 421009027, '2018-11-10 11:41:57', '2018-11-13 17:34:58', '2019-01-15 12:32:02', 'ADSDSATEXTO');
insert into audita values (68, '1', 'Entidade 84', 346775051, '2018-07-23 12:21:41', '2018-07-24 09:35:22', '2019-03-26 02:17:39', 'ADSDSATEXTO');
insert into audita values (53, '5', 'Entidade 3', 693159929, '2018-07-04 01:22:26', '2018-07-07 04:27:19', '2019-10-24 16:29:35', 'ADSDSATEXTO');
insert into audita values (31, '3', 'Entidade 21', 934354141, '2018-09-17 11:03:57', '2018-09-21 19:26:59', '2019-09-01 17:13:25', 'ADSDSATEXTO');
insert into audita values (23, '0', 'Entidade 58', 346775051, '2018-11-21 03:23:39', '2018-11-24 23:01:59', '2019-04-27 03:38:42', 'ADSDSATEXTO');
insert into audita values (19, '0', 'Entidade 80', 205985681, '2018-03-25 08:44:49', '2018-03-27 16:37:10', '2019-07-06 17:01:24', 'ADSDSATEXTO');
insert into audita values (68, '3', 'Entidade 33', 773546981, '2018-11-26 04:57:39', '2018-11-27 13:35:07', '2019-11-23 05:39:15', 'ADSDSATEXTO');
insert into audita values (77, '2', 'Entidade 63', 717775679, '2018-06-06 03:24:52', '2018-06-08 19:58:57', '2019-06-06 12:51:03', 'ADSDSATEXTO');
insert into audita values (55, '0', 'Entidade 90', 526398154, '2018-10-28 03:14:56', '2018-11-01 03:31:47', '2019-11-29 23:45:51', 'ADSDSATEXTO');
insert into audita values (70, '0', 'Entidade 76', 726496380, '2018-06-04 07:32:29', '2018-06-04 20:05:11', '2019-10-13 13:34:18', 'ADSDSATEXTO');
insert into audita values (86, '5', 'Entidade 3', 693159929, '2018-07-27 09:18:40', '2018-08-01 08:11:53', '2019-07-17 09:35:14', 'ADSDSATEXTO');
insert into audita values (8, '5', 'Entidade 8', 324836292, '2018-11-29 22:31:39', '2018-11-30 16:51:01', '2019-03-28 12:54:28', 'ADSDSATEXTO');
insert into audita values (66, '5', 'Entidade 3', 559990529, '2018-07-23 06:01:38', '2018-07-27 01:07:34', '2019-01-13 17:12:07', 'ADSDSATEXTO');
insert into audita values (30, '4', 'Entidade 76', 31871125, '2018-03-19 04:45:45', '2018-03-22 22:19:04', '2019-01-25 06:12:47', 'ADSDSATEXTO');
insert into audita values (3, '5', 'Entidade 3', 429859599, '2018-02-13 06:44:11', '2018-02-15 03:39:32', '2019-02-09 23:40:35', 'ADSDSATEXTO');
insert into audita values (16, '2', 'Entidade 24', 561424608, '2018-10-31 09:31:07', '2018-11-02 22:15:46', '2019-07-18 06:52:42', 'ADSDSATEXTO');
insert into audita values (63, '4', 'Entidade 3', 531417398, '2018-11-30 18:32:03', '2018-12-01 21:09:41', '2019-01-28 21:11:47', 'ADSDSATEXTO');
insert into audita values (68, '0', 'Entidade 6', 773546981, '2018-09-15 01:13:18', '2018-09-16 15:01:46', '2019-03-08 04:19:13', 'ADSDSATEXTO');
insert into audita values (0, '1', 'Entidade 36', 863062696, '2018-05-17 08:39:03', '2018-05-20 20:34:13', '2019-08-10 05:02:34', 'ADSDSATEXTO');
insert into audita values (25, '2', 'Entidade 71', 944192041, '2018-08-13 02:39:28', '2018-08-17 15:48:08', '2019-06-27 13:05:55', 'ADSDSATEXTO');
insert into audita values (59, '3', 'Entidade 22', 863062696, '2018-09-16 12:55:16', '2018-09-16 20:46:11', '2019-08-31 01:53:35', 'ADSDSATEXTO');
insert into audita values (68, '2', 'Entidade 24', 561424608, '2018-11-17 01:22:52', '2018-11-22 18:13:58', '2019-11-02 17:09:38', 'ADSDSATEXTO');
insert into audita values (50, '2', 'Entidade 1', 944192041, '2018-08-17 08:06:34', '2018-08-18 06:42:32', '2019-05-15 02:50:42', 'ADSDSATEXTO');
insert into audita values (4, '0', 'Entidade 93', 278107741, '2018-04-28 02:42:36', '2018-04-30 12:18:36', '2019-03-15 22:39:52', 'ADSDSATEXTO');
insert into audita values (69, '0', 'Entidade 2', 483839238, '2018-09-12 21:58:20', '2018-09-14 15:06:30', '2019-03-12 12:15:38', 'ADSDSATEXTO');
insert into audita values (52, '2', 'Entidade 80', 660993237, '2018-09-16 13:16:04', '2018-09-17 08:47:18', '2019-11-03 10:35:58', 'ADSDSATEXTO');
insert into audita values (37, '0', 'Entidade 10', 902037635, '2018-09-28 19:52:25', '2018-09-29 15:08:01', '2019-11-19 11:30:35', 'ADSDSATEXTO');
insert into audita values (97, '0', 'Entidade 40', 156571015, '2018-10-21 12:36:29', '2018-10-25 23:14:11', '2019-07-23 01:37:32', 'ADSDSATEXTO');
insert into audita values (88, '0', 'Entidade 10', 902037635, '2018-08-12 19:25:48', '2018-08-15 23:51:49', '2019-02-03 07:01:25', 'ADSDSATEXTO');
insert into audita values (74, '3', 'Entidade 25', 495222495, '2018-11-28 20:03:13', '2018-12-01 16:08:54', '2019-06-10 12:03:41', 'ADSDSATEXTO');
insert into audita values (34, '2', 'Entidade 25', 684867433, '2018-11-30 12:06:29', '2018-12-02 05:59:29', '2019-06-25 09:40:01', 'ADSDSATEXTO');
insert into audita values (30, '0', 'Entidade 56', 726496380, '2018-08-02 09:30:46', '2018-08-03 20:25:52', '2019-02-16 04:51:58', 'ADSDSATEXTO');
insert into audita values (12, '3', 'Entidade 33', 773546981, '2018-09-26 07:06:39', '2018-09-28 05:28:27', '2019-07-12 23:43:35', 'ADSDSATEXTO');
insert into audita values (99, '4', 'Entidade 3', 531417398, '2018-08-09 18:35:55', '2018-08-11 09:55:24', '2019-01-04 15:22:47', 'ADSDSATEXTO');
insert into audita values (25, '0', 'Entidade 9', 978579107, '2018-07-25 14:54:47', '2018-07-28 07:22:29', '2019-02-18 18:53:57', 'ADSDSATEXTO');
insert into audita values (62, '1', 'Entidade 23', 705671476, '2018-10-18 16:48:34', '2018-10-19 15:32:41', '2019-02-15 18:22:44', 'ADSDSATEXTO');
insert into audita values (50, '0', 'Entidade 71', 902575747, '2018-08-13 13:51:26', '2018-08-14 04:11:49', '2019-03-05 07:05:01', 'ADSDSATEXTO');
insert into audita values (89, '2', 'Entidade 93', 642472621, '2018-10-13 04:18:26', '2018-10-14 05:34:48', '2019-10-19 13:49:34', 'ADSDSATEXTO');
insert into audita values (58, '2', 'Entidade 31', 833943940, '2018-05-17 13:57:24', '2018-05-18 11:28:03', '2019-07-20 08:48:02', 'ADSDSATEXTO');
insert into audita values (62, '1', 'Entidade 39', 156571015, '2018-08-14 16:48:49', '2018-08-15 02:26:49', '2019-05-06 04:27:31', 'ADSDSATEXTO');
insert into audita values (25, '3', 'Entidade 58', 99330297, '2018-10-07 06:32:54', '2018-10-10 02:03:58', '2019-06-24 08:45:06', 'ADSDSATEXTO');
insert into audita values (32, '0', 'Entidade 10', 462928747, '2018-11-13 15:09:09', '2018-11-17 12:58:08', '2019-03-13 19:03:29', 'ADSDSATEXTO');


insert into solicita values (85, '2018-11-04 17:51:44', 30, '2018-11-04 04:35:52', '2018-11-04 05:44:55');
insert into solicita values (69, '2018-01-10 06:44:02', 97, '2018-01-10 08:09:26', '2018-01-10 11:12:42');
insert into solicita values (4, '2018-02-13 08:12:44', 98, '2018-02-13 10:55:19', '2018-02-13 12:04:09');
insert into solicita values (92, '2018-03-18 13:16:47', 79, '2018-03-18 13:10:10', '2018-03-18 13:20:49');
insert into solicita values (52, '2018-10-01 02:38:25', 66, '2018-10-01 02:49:24', '2018-10-01 02:54:13');
insert into solicita values (3, '2018-03-09 01:28:54', 77, '2018-03-09 08:02:32', '2018-03-09 08:08:12');
insert into solicita values (52, '2018-07-25 05:52:51', 83, '2018-07-25 09:51:24', '2018-07-25 09:30:35');
insert into solicita values (15, '2018-10-01 02:38:25', 66, '2018-10-01 02:36:06', '2018-10-01 03:34:48');
insert into solicita values (96, '2018-09-30 01:11:18', 37, '2018-09-30 02:32:42', '2018-09-30 02:02:35');
insert into solicita values (25, '2018-08-01 18:52:09', 14, '2018-08-01 18:11:44', '2018-08-01 19:19:53');
insert into solicita values (14, '2018-05-12 16:34:38', 70, '2018-05-12 18:43:19', '2018-05-12 19:34:06');
insert into solicita values (95, '2018-04-13 12:55:01', 73, '2018-04-13 14:34:06', '2018-04-13 14:34:13');
insert into solicita values (28, '2018-08-11 20:31:41', 56, '2018-08-11 22:13:21', '2018-08-12 03:27:16');
insert into solicita values (33, '2018-04-26 04:34:56', 82, '2018-04-26 05:17:47', '2018-04-26 07:17:51');
insert into solicita values (97, '2018-05-07 10:11:11', 17, '2018-05-07 10:04:17', '2018-05-07 12:22:15');
insert into solicita values (98, '2018-08-15 20:11:19', 89, '2018-08-15 20:48:42', '2018-08-15 21:08:44');
insert into solicita values (59, '2018-04-24 21:09:45', 51, '2018-04-25 07:03:21', '2018-04-25 08:29:51');
insert into solicita values (37, '2018-07-18 02:43:18', 47, '2018-07-18 03:18:18', '2018-07-18 03:22:45');
insert into solicita values (52, '2018-02-25 19:18:18', 13, '2018-02-25 02:50:38', '2018-02-25 04:48:19');
insert into solicita values (2, '2018-05-15 16:45:38', 0, '2018-05-15 18:25:17', '2018-05-15 18:49:12');
insert into solicita values (36, '2018-06-02 21:13:56', 72, '2018-06-03 03:49:55', '2018-06-03 04:34:11');
insert into solicita values (33, '2018-05-05 21:39:55', 65, '2018-05-05 22:23:11', '2018-05-05 22:29:52');
insert into solicita values (53, '2018-06-18 20:13:58', 93, '2018-06-18 04:28:52', '2018-06-18 04:32:54');
insert into solicita values (69, '2018-05-10 09:24:44', 52, '2018-05-10 10:58:15', '2018-05-10 14:25:31');
insert into solicita values (55, '2018-03-18 13:16:47', 79, '2018-03-18 13:47:57', '2018-03-18 13:42:36');
insert into solicita values (40, '2018-08-19 22:51:38', 13, '2018-08-19 05:07:58', '2018-08-19 05:16:52');
insert into solicita values (53, '2018-10-14 15:06:49', 10, '2018-10-14 17:38:56', '2018-10-14 22:56:52');
insert into solicita values (57, '2018-05-27 14:12:47', 97, '2018-05-27 19:43:49', '2018-05-27 19:22:52');
insert into solicita values (63, '2018-06-17 04:02:51', 17, '2018-06-17 05:04:38', '2018-06-17 07:23:26');
insert into solicita values (6, '2018-05-27 01:20:05', 64, '2018-05-27 04:42:47', '2018-05-27 05:11:35');
insert into solicita values (80, '2018-01-30 14:21:54', 64, '2018-01-30 19:13:50', '2018-01-30 21:36:12');
insert into solicita values (72, '2018-03-23 21:31:09', 98, '2018-03-23 21:07:41', '2018-03-24 01:02:24');
insert into solicita values (26, '2018-09-19 15:06:53', 76, '2018-09-19 21:45:17', '2018-09-19 21:58:52');
insert into solicita values (75, '2018-07-04 12:09:31', 27, '2018-07-04 15:40:35', '2018-07-04 17:41:59');
insert into solicita values (99, '2018-10-12 17:24:57', 5, '2018-10-12 18:59:21', '2018-10-12 01:41:20');
insert into solicita values (57, '2018-08-10 05:41:31', 67, '2018-08-10 15:11:58', '2018-08-10 15:26:52');
insert into solicita values (66, '2018-10-03 03:29:17', 68, '2018-10-03 05:16:25', '2018-10-03 06:19:01');
insert into solicita values (97, '2018-03-23 21:31:09', 98, '2018-03-23 23:57:08', '2018-03-24 01:32:28');
insert into solicita values (12, '2018-08-08 12:26:39', 78, '2018-08-08 17:28:39', '2018-08-08 18:31:51');
insert into solicita values (20, '2018-09-14 22:15:58', 59, '2018-09-14 22:35:41', '2018-09-14 22:47:55');
insert into solicita values (41, '2018-05-17 17:11:26', 91, '2018-05-17 18:58:58', '2018-05-17 19:33:06');
insert into solicita values (71, '2018-04-19 07:28:34', 60, '2018-04-19 12:42:50', '2018-04-19 15:17:35');
insert into solicita values (17, '2018-10-09 11:34:16', 20, '2018-10-09 15:49:57', '2018-10-09 16:28:53');
insert into solicita values (32, '2018-11-06 10:05:03', 14, '2018-11-06 15:13:42', '2018-11-06 17:19:46');
insert into solicita values (83, '2018-03-22 09:45:59', 34, '2018-03-22 09:17:23', '2018-03-22 09:24:02');
insert into solicita values (58, '2018-02-05 16:13:51', 63, '2018-02-05 20:34:38', '2018-02-05 22:18:31');
insert into solicita values (57, '2018-08-17 06:03:26', 40, '2018-08-17 06:39:06', '2018-08-17 08:13:09');
insert into solicita values (67, '2018-01-27 11:32:13', 27, '2018-01-27 13:12:24', '2018-01-27 13:45:17');
insert into solicita values (13, '2018-01-03 13:06:59', 57, '2018-01-03 14:34:39', '2018-01-03 14:36:15');
insert into solicita values (93, '2018-08-21 20:08:09', 89, '2018-08-21 06:38:42', '2018-08-21 08:57:36');
insert into solicita values (3, '2018-07-18 02:43:18', 47, '2018-07-18 03:59:55', '2018-07-18 03:26:36');
insert into solicita values (65, '2018-06-01 16:50:46', 34, '2018-06-01 18:50:28', '2018-06-01 19:10:26');
insert into solicita values (82, '2018-10-03 03:29:17', 68, '2018-10-03 06:15:52', '2018-10-03 07:02:42');
insert into solicita values (91, '2018-02-26 03:12:15', 47, '2018-02-26 05:30:49', '2018-02-26 05:14:04');
insert into solicita values (37, '2018-09-10 13:49:51', 92, '2018-09-10 13:20:42', '2018-09-10 13:28:06');
insert into solicita values (20, '2018-01-31 05:05:41', 58, '2018-01-31 12:19:30', '2018-01-31 14:03:25');
insert into solicita values (17, '2018-01-07 07:40:39', 43, '2018-01-07 13:08:47', '2018-01-07 13:35:41');
insert into solicita values (48, '2018-10-06 02:12:21', 5, '2018-10-06 03:36:13', '2018-10-06 04:28:13');
insert into solicita values (58, '2018-05-05 17:28:16', 6, '2018-05-05 19:15:41', '2018-05-05 23:13:40');
insert into solicita values (71, '2018-01-30 14:21:54', 64, '2018-01-30 18:30:39', '2018-01-30 20:25:11');
insert into solicita values (28, '2018-05-12 16:34:38', 70, '2018-05-12 20:39:02', '2018-05-12 20:58:38');
insert into solicita values (66, '2018-05-12 01:03:21', 63, '2018-05-12 09:42:11', '2018-05-12 11:35:13');
insert into solicita values (47, '2018-09-22 19:52:13', 24, '2018-09-22 22:32:08', '2018-09-22 22:42:42');
insert into solicita values (36, '2018-06-22 21:20:49', 73, '2018-06-22 21:51:08', '2018-06-23 04:35:53');
insert into solicita values (9, '2018-01-27 11:32:13', 27, '2018-01-27 15:05:16', '2018-01-27 16:02:04');
insert into solicita values (9, '2018-05-12 15:26:54', 46, '2018-05-12 17:48:25', '2018-05-12 18:26:12');
insert into solicita values (88, '2018-08-19 22:51:38', 13, '2018-08-19 01:04:11', '2018-08-19 03:25:46');
insert into solicita values (91, '2018-11-10 16:11:08', 56, '2018-11-10 16:47:07', '2018-11-10 17:11:24');
insert into solicita values (4, '2018-05-27 14:12:47', 97, '2018-05-27 18:21:21', '2018-05-27 19:08:47');
insert into solicita values (91, '2018-05-02 16:26:01', 3, '2018-05-02 16:58:12', '2018-05-02 17:28:54');
insert into solicita values (27, '2018-04-03 11:42:51', 85, '2018-04-03 14:49:44', '2018-04-03 14:51:09');
insert into solicita values (44, '2018-07-04 12:09:31', 27, '2018-07-04 16:49:10', '2018-07-04 16:07:54');
insert into solicita values (48, '2018-01-14 07:12:19', 63, '2018-01-14 10:13:53', '2018-01-14 10:11:29');
insert into solicita values (30, '2018-11-20 20:02:41', 0, '2018-11-20 22:08:01', '2018-11-20 23:57:13');
insert into solicita values (53, '2018-07-16 23:21:01', 20, '2018-07-16 05:45:29', '2018-07-16 06:58:52');
insert into solicita values (7, '2018-05-27 01:20:05', 64, '2018-05-27 03:31:06', '2018-05-27 05:58:12');
insert into solicita values (20, '2018-04-04 11:26:35', 9, '2018-04-04 12:29:21', '2018-04-04 15:05:02');
insert into solicita values (82, '2018-01-10 10:42:21', 52, '2018-01-10 10:17:14', '2018-01-10 10:19:01');
insert into solicita values (24, '2018-09-24 10:21:29', 95, '2018-09-24 12:29:11', '2018-09-24 12:43:15');
insert into solicita values (18, '2018-08-26 01:01:44', 99, '2018-08-26 02:04:06', '2018-08-26 02:19:11');
insert into solicita values (77, '2018-04-06 22:57:02', 42, '2018-04-07 01:08:29', '2018-04-07 03:29:32');
insert into solicita values (34, '2018-09-01 18:49:45', 67, '2018-09-01 21:41:34', '2018-09-01 23:42:06');
insert into solicita values (25, '2018-10-16 09:15:28', 96, '2018-10-16 09:55:20', '2018-10-16 09:06:08');
insert into solicita values (37, '2018-05-24 11:06:17', 82, '2018-05-24 15:59:09', '2018-05-24 16:33:32');
insert into solicita values (26, '2018-05-12 16:34:38', 70, '2018-05-12 20:06:46', '2018-05-12 21:41:36');
insert into solicita values (67, '2018-01-05 19:09:57', 56, '2018-01-05 19:47:56', '2018-01-05 20:28:01');
insert into solicita values (88, '2018-02-26 21:49:14', 86, '2018-02-26 22:14:33', '2018-02-26 22:31:17');
insert into solicita values (73, '2018-08-11 09:30:31', 28, '2018-08-11 15:02:31', '2018-08-11 19:12:35');
insert into solicita values (99, '2018-07-16 23:21:01', 20, '2018-07-16 08:10:06', '2018-07-16 08:30:39');
insert into solicita values (70, '2018-04-01 09:02:21', 58, '2018-04-01 09:41:25', '2018-04-01 09:42:10');
insert into solicita values (47, '2018-05-12 16:34:38', 70, '2018-05-12 20:28:29', '2018-05-12 20:35:03');
insert into solicita values (8, '2018-02-16 21:18:09', 51, '2018-02-16 22:26:45', '2018-02-16 04:39:49');
insert into solicita values (95, '2018-08-20 20:32:48', 59, '2018-08-20 22:02:35', '2018-08-20 23:49:05');
insert into solicita values (71, '2018-07-28 12:35:03', 28, '2018-07-28 15:13:29', '2018-07-28 17:31:51');
insert into solicita values (59, '2018-03-18 13:16:47', 79, '2018-03-18 13:22:15', '2018-03-18 13:35:54');
insert into solicita values (54, '2018-02-23 19:11:39', 78, '2018-02-23 19:57:24', '2018-02-23 19:06:29');
insert into solicita values (55, '2018-02-21 05:26:51', 31, '2018-02-21 13:06:59', '2018-02-21 14:52:34');
insert into solicita values (65, '2018-01-31 07:57:37', 44, '2018-01-31 08:40:16', '2018-01-31 08:51:19');
insert into solicita values (2, '2018-01-10 10:42:21', 52, '2018-01-10 10:49:28', '2018-01-10 10:09:44');
insert into solicita values (85, '2018-06-27 06:08:36', 96, '2018-06-27 09:02:57', '2018-06-27 15:15:39');
